{"type": "FeatureCollection", "crs": {"type": "name", "properties": {"name": "EPSG:4326"}}, "features": [{"type": "Feature", "geometry": {"type": "MultiPolygon", "coordinates": [[[[-118.58018, 34.539249], [-118.581112105, 34.539376024], [-118.581498593, 34.5394286900001], [-118.581342828, 34.5395033570001], [-118.58164343, 34.539651904], [-118.581796642, 34.53974312], [-118.581896689, 34.5398095310001], [-118.58190281, 34.53984057], [-118.581925877, 34.53992477], [-118.581916932, 34.5399303190001], [-118.581828703, 34.539978928], [-118.581743721, 34.5400125640001], [-118.581638658, 34.5400447750001], [-118.581544478, 34.5400695020001], [-118.581399653, 34.540103867], [-118.581097571, 34.540151958], [-118.580874362, 34.5401985330001], [-118.580749846, 34.540229997], [-118.580606077, 34.5402715020001], [-118.580461077, 34.5403439030001], [-118.58041521, 34.5404245030001], [-118.580419512, 34.5405766050001], [-118.580422677, 34.54062277], [-118.58041501, 34.540755903], [-118.580399877, 34.540935303], [-118.58041481, 34.5410957030001], [-118.58036921, 34.54123257], [-118.580314204, 34.5413451590001], [-118.58028521, 34.541404503], [-118.580224478, 34.5414695700001], [-118.580109878, 34.5416069030001], [-118.579995478, 34.541732903], [-118.57987341, 34.54179357], [-118.579804677, 34.54183957], [-118.57978201, 34.541892902], [-118.57981241, 34.541938703], [-118.579865677, 34.5419655700001], [-118.579919278, 34.5420071030001], [-118.57996501, 34.54206457], [-118.580018478, 34.5421523700001], [-118.580049011, 34.5422399030001], [-118.580033478, 34.5423049030001], [-118.579995611, 34.5423505030001], [-118.57988861, 34.5424003700001], [-118.579804611, 34.54246117], [-118.57965961, 34.54252217], [-118.579514677, 34.5425793700001], [-118.579385211, 34.5425945700001], [-118.579240211, 34.5426291040001], [-118.578988277, 34.542655971], [-118.57885881, 34.5426897030001], [-118.578805076, 34.5427665030001], [-118.578774877, 34.5428423710001], [-118.578744411, 34.542941969], [-118.578698477, 34.5430181030001], [-118.578660211, 34.5430755030001], [-118.578599277, 34.5431023030001], [-118.578500077, 34.543109702], [-118.578309277, 34.543128569], [-118.57817961, 34.54314377], [-118.578065277, 34.5431897030001], [-118.578034677, 34.5432279030001], [-118.57793541, 34.5432889030001], [-118.57780601, 34.5433767700001], [-118.57769901, 34.54344917], [-118.577614876, 34.5435371030001], [-118.577615077, 34.543605304], [-118.577660877, 34.5437049700001], [-118.577721877, 34.543780903], [-118.57785141, 34.543891903], [-118.57795821, 34.543956371], [-118.578049877, 34.5440139030001], [-118.57808041, 34.5440941030001], [-118.578095677, 34.544151303], [-118.57805001, 34.544200371], [-118.57798881, 34.544242904], [-118.577859277, 34.5442733040001], [-118.57769881, 34.5442883710001], [-118.577538877, 34.544272904], [-118.577363277, 34.5442657040001], [-118.577325277, 34.544288104], [-118.577325277, 34.544322504], [-118.577355677, 34.5443835040001], [-118.57737861, 34.5444407030001], [-118.577485477, 34.544513103], [-118.577584677, 34.544589703], [-118.57769901, 34.54468897], [-118.577889677, 34.5447991710001], [-118.578065078, 34.5448871030001], [-118.57817981, 34.5449977700001], [-118.578179478, 34.5450739030001], [-118.57814901, 34.545150371], [-118.578118677, 34.545203703], [-118.57804241, 34.5452993710001], [-118.577935411, 34.5453599030001], [-118.577828678, 34.545413771], [-118.577744677, 34.54545197], [-118.577523477, 34.5454977040001], [-118.57732521, 34.5455245040001], [-118.577180211, 34.5455855710001], [-118.577088477, 34.545653771], [-118.57704281, 34.5457417710001], [-118.576981877, 34.545810171], [-118.576882477, 34.54588697], [-118.576791077, 34.5459359710001], [-118.576714877, 34.5459399040001], [-118.576615677, 34.545920903], [-118.57653921, 34.5458829030001], [-118.57647841, 34.545802571], [-118.57640981, 34.5457077040001], [-118.57634861, 34.5456007710001], [-118.576279877, 34.5455205710001], [-118.576211209, 34.5454515710001], [-118.576089277, 34.5454137040001], [-118.57600521, 34.545398371], [-118.575890677, 34.545375704], [-118.57581461, 34.545333903], [-118.575738411, 34.5452953710001], [-118.575638877, 34.5452803040001], [-118.575600877, 34.545321904], [-118.575623677, 34.545425304], [-118.575662077, 34.5455319710001], [-118.575669678, 34.545630971], [-118.57566961, 34.5457109710001], [-118.575692477, 34.545768304], [-118.57573841, 34.5458561040001], [-118.575753477, 34.5459173030001], [-118.575730677, 34.5459785030001], [-118.575692478, 34.5460087700001], [-118.575638877, 34.5460737700001], [-118.575638877, 34.5461651030001], [-118.57563901, 34.5462107700001], [-118.575654211, 34.546310303], [-118.57565401, 34.546378503], [-118.575608477, 34.5464551700001], [-118.575532011, 34.546534971], [-118.575448077, 34.546599703], [-118.575318477, 34.546661171], [-118.57515841, 34.5467105710001], [-118.574975276, 34.546733171], [-118.574769209, 34.5467679710001], [-118.57453281, 34.546817171], [-118.57436481, 34.5468323040001], [-118.574250278, 34.546878371], [-118.574204478, 34.5469319040001], [-118.574105477, 34.547023304], [-118.574013878, 34.5470995040001], [-118.57388421, 34.5471721710001], [-118.57372401, 34.547267171], [-118.573639877, 34.5473477720001], [-118.573632477, 34.5473855700001], [-118.57365541, 34.547404971], [-118.573708677, 34.5474161700001], [-118.573754276, 34.5474161710001], [-118.57383821, 34.5474201700001], [-118.57394521, 34.5474237710001], [-118.574090211, 34.5474203040001], [-118.574265677, 34.547431504], [-118.574433409, 34.54745417], [-118.57460121, 34.547469504], [-118.574731077, 34.547507771], [-118.574830076, 34.5475571710001], [-118.574898877, 34.5476111030001], [-118.574921877, 34.5476603710001], [-118.574944477, 34.5477405710001], [-118.57497521, 34.5478169040001], [-118.57502081, 34.5478665040001], [-118.57505921, 34.5478777700001], [-118.57511241, 34.547870371], [-118.57515821, 34.547843303], [-118.575242078, 34.547808903], [-118.575318477, 34.5477595040001], [-118.575463611, 34.5476759040001], [-118.575570277, 34.5476069040001], [-118.57568481, 34.5475575040001], [-118.575768678, 34.5475457700001], [-118.575845009, 34.5475651040001], [-118.57588321, 34.5476187040001], [-118.57589841, 34.547668104], [-118.575928677, 34.547740371], [-118.575959477, 34.5478397040001], [-118.57592861, 34.547919504], [-118.57592121, 34.5480301040001], [-118.57589841, 34.5481527040001], [-118.57585261, 34.5482897040001], [-118.575783878, 34.548423504], [-118.575753478, 34.548511304], [-118.575783878, 34.548549171], [-118.575852676, 34.5485871720001], [-118.575898077, 34.548614172], [-118.57598221, 34.5486295040001], [-118.576058677, 34.548640904], [-118.576165277, 34.548675104], [-118.57624921, 34.5487133710001], [-118.576371277, 34.5488009040001], [-118.576463077, 34.5488809030001], [-118.576539277, 34.548953704], [-118.576615478, 34.549018571], [-118.576714477, 34.549140171], [-118.576791078, 34.5493003710001], [-118.576875078, 34.549525771], [-118.576874878, 34.549640304], [-118.576829278, 34.549716371], [-118.576775811, 34.5498077710001], [-118.576653678, 34.549869105], [-118.576539078, 34.549930304], [-118.576424677, 34.5499869710001], [-118.576302611, 34.550013972], [-118.576165477, 34.5500371040001], [-118.57597461, 34.5500711710001], [-118.575821878, 34.550097904], [-118.575738078, 34.550147505], [-118.575822211, 34.5501971040001], [-118.575890876, 34.550212571], [-118.575974477, 34.550227905], [-118.57605101, 34.550239171], [-118.57618061, 34.5502617720001], [-118.576302477, 34.550265772], [-118.57645541, 34.5502807720001], [-118.57661541, 34.5503113710001], [-118.576745078, 34.5503305710001], [-118.576913077, 34.5504029040001], [-118.576958811, 34.550464171], [-118.576974211, 34.550571104], [-118.576974077, 34.5506433040001], [-118.576928278, 34.550704104], [-118.576874878, 34.5507657040001], [-118.576791011, 34.550826504], [-118.576699477, 34.5509025710001], [-118.576615677, 34.5509793040001], [-118.57650121, 34.5510629710001], [-118.576401878, 34.551162371], [-118.576302678, 34.5512881710001], [-118.576218696, 34.5513984790001], [-118.576218674, 34.551398503], [-118.576172284, 34.5514448910001], [-118.576108993, 34.5516076420001], [-118.576134766, 34.5518970030001], [-118.576137259, 34.552019011], [-118.576130419, 34.5521183860001], [-118.576116292, 34.5521878810001], [-118.576093487, 34.552243558], [-118.576061923, 34.5522897110001], [-118.576019245, 34.552328518], [-118.575949853, 34.552371103], [-118.57587741, 34.5524035890001], [-118.575791761, 34.55242782], [-118.575695147, 34.552443442], [-118.5751467, 34.5524722850001], [-118.575070962, 34.5524692130001], [-118.574908094, 34.552449548], [-118.574853279, 34.5524514320001], [-118.574797755, 34.552461103], [-118.574760875, 34.5524775330001], [-118.574708394, 34.552519289], [-118.574676859, 34.5525555850001], [-118.57461378, 34.552651623], [-118.574570306, 34.5527049090001], [-118.574517048, 34.5527548360001], [-118.574453327, 34.552796447], [-118.574296262, 34.5528710450001], [-118.574208694, 34.552898702], [-118.574010636, 34.552945515], [-118.573685316, 34.5530814730001], [-118.573415805, 34.553159683], [-118.573323557, 34.553177277], [-118.573220125, 34.553189515], [-118.573125709, 34.553194477], [-118.573021347, 34.5531936090001], [-118.572709042, 34.5531724620001], [-118.572580796, 34.553149155], [-118.572338702, 34.553081794], [-118.572269286, 34.5530526650001], [-118.572191239, 34.553011111], [-118.57212577, 34.5529732430001], [-118.572078308, 34.5529388470001], [-118.572004282, 34.552863652], [-118.571952474, 34.5527869700001], [-118.571929486, 34.552739393], [-118.571929154, 34.5529110570001], [-118.571900477, 34.552878772], [-118.57183181, 34.552756905], [-118.571770677, 34.552642172], [-118.571770677, 34.5525693720001], [-118.57175541, 34.5524473040001], [-118.57170961, 34.5523983040001], [-118.571633477, 34.5523559050001], [-118.571610476, 34.5523291710001], [-118.57151881, 34.552283571], [-118.57140461, 34.5522263710001], [-118.571305211, 34.5522113710001], [-118.571244077, 34.5522037040001], [-118.571167877, 34.5522075040001], [-118.571114677, 34.552184504], [-118.57103821, 34.5521387050001], [-118.57098481, 34.552089304], [-118.570908477, 34.552035571], [-118.57084001, 34.5520127710001], [-118.57074821, 34.5520015720001], [-118.570618676, 34.5519975710001], [-118.57048901, 34.551997504], [-118.570275276, 34.551932704], [-118.570084476, 34.551860171], [-118.569954676, 34.5518031710001], [-118.56983281, 34.5517495720001], [-118.569665077, 34.5516655050001], [-118.569611476, 34.551608172], [-118.569603876, 34.5514977720001], [-118.569619277, 34.5514255050001], [-118.569588677, 34.5512997050001], [-118.569535277, 34.5512271040001], [-118.569374876, 34.5512003050001], [-118.569260677, 34.551207972], [-118.569062276, 34.5511965050001], [-118.568848609, 34.551173304], [-118.568711276, 34.5511509040001], [-118.568558475, 34.5511737050001], [-118.568390809, 34.551223172], [-118.568238277, 34.5512269050001], [-118.568184876, 34.551211772], [-118.56807801, 34.551177572], [-118.567925076, 34.5511621050001], [-118.56783401, 34.5512005050001], [-118.56774221, 34.5512653050001], [-118.567635609, 34.551356905], [-118.567513476, 34.5513985050001], [-118.567429409, 34.5513831050001], [-118.567330276, 34.5513111720001], [-118.567269276, 34.551257305], [-118.567200476, 34.5512041040001], [-118.567124209, 34.551166105], [-118.567002076, 34.5511355720001], [-118.566834409, 34.5511507050001], [-118.566704609, 34.5511851050001], [-118.566628209, 34.551264905], [-118.566651409, 34.5513035720001], [-118.566674076, 34.551333705], [-118.566720009, 34.5513489050001], [-118.566803676, 34.5513641050001], [-118.567025009, 34.5513985050001], [-118.567139675, 34.551429172], [-118.567208075, 34.551478973], [-118.567284608, 34.5515089720001], [-118.567483009, 34.551535705], [-118.567673476, 34.551547505], [-118.567765076, 34.551543372], [-118.567833809, 34.551524505], [-118.568100877, 34.5514331050001], [-118.568184676, 34.551398905], [-118.56831441, 34.5513757050001], [-118.568444276, 34.551390972], [-118.568604476, 34.5514481050001], [-118.568764609, 34.551520972], [-118.568963076, 34.5515933720001], [-118.569283409, 34.551764506], [-118.56939021, 34.551883172], [-118.569504677, 34.5520317040001], [-118.569535409, 34.552089304], [-118.56958861, 34.5521843720001], [-118.569649477, 34.552272105], [-118.56970321, 34.5523023710001], [-118.569825009, 34.5523481710001], [-118.569939477, 34.5523907050001], [-118.570038676, 34.5524097050001], [-118.570160877, 34.5524667710001], [-118.57024461, 34.5525355720001], [-118.570298209, 34.552615372], [-118.570359076, 34.552733505], [-118.57038221, 34.5528787050001], [-118.57040481, 34.5529205720001], [-118.570488876, 34.5529207050001], [-118.570542276, 34.552897972], [-118.570664477, 34.5528559050001], [-118.570778877, 34.552821705], [-118.57090081, 34.552817905], [-118.57101521, 34.5528367050001], [-118.571114477, 34.5528979050001], [-118.571198477, 34.5529853720001], [-118.571251877, 34.553073172], [-118.571251811, 34.5531683720001], [-118.57122921, 34.553218305], [-118.571213478, 34.553332905], [-118.571244277, 34.5533747710001], [-118.57128241, 34.5533709050001], [-118.571389077, 34.5533937710001], [-118.57151901, 34.553420171], [-118.571648609, 34.5534659050001], [-118.571709677, 34.553542372], [-118.571732677, 34.553626572], [-118.571732609, 34.5537675050001], [-118.571694276, 34.5538665710001], [-118.571641076, 34.5539011050001], [-118.571564677, 34.553965772], [-118.57151881, 34.5540419050001], [-118.571480877, 34.554164105], [-118.57148081, 34.554191105], [-118.571518877, 34.554187305], [-118.571564677, 34.5541871720001], [-118.571610477, 34.5541759050001], [-118.571694476, 34.5541489720001], [-118.571793477, 34.5541071050001], [-118.571926957, 34.5540500650001], [-118.57195401, 34.5540385050001], [-118.572068077, 34.5540077040001], [-118.57220561, 34.5540155050001], [-118.572358277, 34.554003972], [-118.57254141, 34.553981305], [-118.572785477, 34.553973705], [-118.57312881, 34.5540499040001], [-118.573204877, 34.5540191040001], [-118.57331941, 34.553950505], [-118.57346461, 34.5539013040001], [-118.573708478, 34.5538705050001], [-118.574059678, 34.5538743720001], [-118.574234878, 34.5538625720001], [-118.574311478, 34.5538243710001], [-118.574418278, 34.553779105], [-118.57457841, 34.5537025720001], [-118.574754077, 34.553645171], [-118.574914211, 34.5535957710001], [-118.575021011, 34.5535689710001], [-118.575158211, 34.553546371], [-118.575394678, 34.5535197040001], [-118.575715211, 34.5534811040001], [-118.575974811, 34.553454704], [-118.576302877, 34.5534205710001], [-118.576622878, 34.5533859710001], [-118.576722993, 34.5533861390001], [-118.576693343, 34.553476376], [-118.576671532, 34.553542753], [-118.576756447, 34.553551488], [-118.576835296, 34.553575568], [-118.576868135, 34.5535956260001], [-118.576895635, 34.553620622], [-118.576914715, 34.5536470500001], [-118.57692767, 34.5536771820001], [-118.57693658, 34.5537200860001], [-118.57693943, 34.5537664290001], [-118.576927487, 34.5538699520001], [-118.576849766, 34.554142955], [-118.576739321, 34.5544171540001], [-118.576693351, 34.5545018290001], [-118.576574795, 34.5546879360001], [-118.57637473, 34.5550627480001], [-118.576304661, 34.555169119], [-118.576140203, 34.555360036], [-118.576085081, 34.555413974], [-118.576046748, 34.555444145], [-118.576014199, 34.5555431970001], [-118.575986988, 34.555626008], [-118.575760879, 34.5556823050001], [-118.575631411, 34.5557319050001], [-118.575562811, 34.555808305], [-118.575471078, 34.5560027720001], [-118.575379478, 34.5561669050001], [-118.575234611, 34.5562503720001], [-118.575082078, 34.5562929710001], [-118.574868211, 34.5563115050001], [-118.574700611, 34.5563497050001], [-118.574524877, 34.556399304], [-118.574189278, 34.5564679720001], [-118.574044478, 34.5564799050001], [-118.573754278, 34.556449172], [-118.57349501, 34.556399572], [-118.57336541, 34.5564109040001], [-118.573250878, 34.5564449720001], [-118.573205077, 34.556544172], [-118.57315941, 34.5565977050001], [-118.573128878, 34.5566623720001], [-118.573075478, 34.5567199720001], [-118.572892078, 34.556819305], [-118.572838678, 34.556895572], [-118.572785411, 34.557028572], [-118.572663478, 34.5572275050001], [-118.572663278, 34.557398773], [-118.572678678, 34.5575287720001], [-118.572709211, 34.557612373], [-118.572754878, 34.5576849720001], [-118.572732211, 34.557765305], [-118.572724411, 34.557803172], [-118.572671011, 34.557913705], [-118.572633011, 34.557982505], [-118.57264061, 34.558078105], [-118.572701611, 34.5581657720001], [-118.572724611, 34.5582839050001], [-118.572678611, 34.5583943720001], [-118.572609877, 34.558474705], [-118.572465011, 34.558550972], [-118.57244221, 34.5586233720001], [-118.572480277, 34.558657773], [-118.572739811, 34.558783573], [-118.572838878, 34.5588905050001], [-118.572959125, 34.5590884900001], [-118.572968611, 34.5591041060001], [-118.57305241, 34.559305905], [-118.57309841, 34.559432105], [-118.573098277, 34.5595577720001], [-118.573098211, 34.559679972], [-118.57307561, 34.559813305], [-118.572999277, 34.559973772], [-118.572930277, 34.5600767060001], [-118.572800878, 34.5601989720001], [-118.572640678, 34.560339706], [-118.572495678, 34.560454173], [-118.572335277, 34.5605651060001], [-118.572205811, 34.560668305], [-118.571953611, 34.560816905], [-118.571801078, 34.560889172], [-118.571608263, 34.5609525150001], [-118.57160281, 34.560954306], [-118.57146541, 34.560984772], [-118.571305078, 34.5609959060001], [-118.571167811, 34.5610071730001], [-118.570984811, 34.561026505], [-118.57082441, 34.561064705], [-118.570725277, 34.5611521050001], [-118.570664411, 34.5612475730001], [-118.570572677, 34.561404306], [-118.57047381, 34.561503105], [-118.57038221, 34.561598906], [-118.57027521, 34.561663373], [-118.570137877, 34.5617395730001], [-118.569939678, 34.5618695060001], [-118.569825278, 34.561961173], [-118.569664878, 34.5620183730001], [-118.569481677, 34.5620523060001], [-118.569375011, 34.5620717050001], [-118.56921461, 34.562109906], [-118.569092677, 34.5621633050001], [-118.568993477, 34.5622321720001], [-118.568848277, 34.562319705], [-118.56871881, 34.5623885050001], [-118.568642477, 34.5624417720001], [-118.568512876, 34.562487506], [-118.568314411, 34.562540706], [-118.568131477, 34.562598306], [-118.56796341, 34.562662973], [-118.56787201, 34.562727905], [-118.567803277, 34.5627851730001], [-118.56767381, 34.562834706], [-118.567528676, 34.562861373], [-118.567414277, 34.5628955060001], [-118.56733781, 34.5629377060001], [-118.567284477, 34.5630177740001], [-118.56720081, 34.5630751740001], [-118.567063276, 34.5631553060001], [-118.56702521, 34.563196906], [-118.567002211, 34.5632963730001], [-118.566949011, 34.5633647070001], [-118.566903077, 34.563441373], [-118.566819277, 34.5635861060001], [-118.56667421, 34.563750306], [-118.566513877, 34.5638493060001], [-118.566353677, 34.563967373], [-118.566170609, 34.5640667060001], [-118.565964677, 34.564131306], [-118.565674809, 34.564169373], [-118.565491477, 34.5641813060001], [-118.565338877, 34.5641809730001], [-118.56522461, 34.564188706], [-118.565041277, 34.5641695730001], [-118.56490401, 34.5641545060001], [-118.564720877, 34.564104973], [-118.564530209, 34.5640701730001], [-118.564400476, 34.564039773], [-118.564293676, 34.5640631730001], [-118.56414881, 34.564112306], [-118.564064676, 34.5641697730001], [-118.563935277, 34.5642079730001], [-118.563775077, 34.5642727060001], [-118.56366061, 34.5643563740001], [-118.563645009, 34.5644213740001], [-118.563668209, 34.5644711740001], [-118.56372921, 34.5644749730001], [-118.563790277, 34.5644709060001], [-118.563874077, 34.5644483070001], [-118.563942677, 34.5644327730001], [-118.564049677, 34.564421306], [-118.564148876, 34.564409906], [-118.564247876, 34.5643983730001], [-118.564354677, 34.564410106], [-118.564454009, 34.5644403060001], [-118.56449961, 34.564470773], [-118.56455321, 34.564531973], [-118.564629209, 34.5645931070001], [-118.56474401, 34.564646306], [-118.56488881, 34.564684374], [-118.56507181, 34.5647073740001], [-118.565278078, 34.564734107], [-118.56546101, 34.564733973], [-118.565552476, 34.564749174], [-118.56571281, 34.5647763740001], [-118.565888209, 34.564779774], [-118.56609421, 34.5647721060001], [-118.566285077, 34.564760574], [-118.566468277, 34.564761107], [-118.566681678, 34.564749374], [-118.566918211, 34.5646809740001], [-118.566994477, 34.5646315060001], [-118.567040277, 34.5645435060001], [-118.567139409, 34.564436906], [-118.567269076, 34.564291573], [-118.56736841, 34.564169706], [-118.567513277, 34.564047773], [-118.56763561, 34.5639103720001], [-118.567772677, 34.563769506], [-118.567879678, 34.563643573], [-118.568009277, 34.563543773], [-118.56818481, 34.563460374], [-118.568398278, 34.5633647060001], [-118.56861201, 34.5632655060001], [-118.568817877, 34.5631857060001], [-118.56893241, 34.5631701730001], [-118.569100411, 34.5632085730001], [-118.569214611, 34.5632121730001], [-118.569260678, 34.563196974], [-118.56939041, 34.563071306], [-118.569573411, 34.562983306], [-118.569840478, 34.562842373], [-118.570458477, 34.562598306], [-118.570649211, 34.5625219730001], [-118.57083241, 34.5624419050001], [-118.571015411, 34.5623995060001], [-118.571145078, 34.562372972], [-118.571282278, 34.562353773], [-118.571351011, 34.562388373], [-118.571412078, 34.5624265060001], [-118.571480677, 34.5624341060001], [-118.57154181, 34.5624225720001], [-118.571610277, 34.562388373], [-118.571642049, 34.5623884230001], [-118.57164374, 34.562460276], [-118.571719162, 34.5624583330001], [-118.571809426, 34.562449966], [-118.571864414, 34.562435797], [-118.571948292, 34.5624038780001], [-118.572126788, 34.5623154850001], [-118.57224308, 34.5622666740001], [-118.572319843, 34.562242989], [-118.572398878, 34.562229426], [-118.572467438, 34.5622256870001], [-118.572537042, 34.562228712], [-118.572788297, 34.562271692], [-118.572933911, 34.56228258], [-118.573111465, 34.562288616], [-118.57320236, 34.562286456], [-118.573323728, 34.562297186], [-118.573369415, 34.562289574], [-118.573393781, 34.562271299], [-118.573416624, 34.5622423630001], [-118.573454448, 34.5621057980001], [-118.573470741, 34.5620743910001], [-118.573521592, 34.561997724], [-118.573558751, 34.5619541450001], [-118.573624825, 34.561891474], [-118.573670034, 34.561857134], [-118.573832341, 34.561752525], [-118.574038271, 34.5615883080001], [-118.574150726, 34.5615181320001], [-118.5743987, 34.5613501710001], [-118.574421188, 34.5613316770001], [-118.574445412, 34.56130166], [-118.574464293, 34.561270076], [-118.574475967, 34.561238781], [-118.574489698, 34.5611293420001], [-118.574488676, 34.5609423870001], [-118.574466719, 34.5607355990001], [-118.574469008, 34.560687322], [-118.574479269, 34.5606361150001], [-118.574500361, 34.5605809030001], [-118.574537649, 34.5605172370001], [-118.574594721, 34.5604438190001], [-118.574703947, 34.5603214970001], [-118.574732038, 34.560274656], [-118.574744879, 34.5602356110001], [-118.574746565, 34.5601966], [-118.574737741, 34.5601405290001], [-118.574663136, 34.559937415], [-118.574648611, 34.559872629], [-118.57464198, 34.5598081380001], [-118.574645295, 34.5596841550001], [-118.574678149, 34.559496928], [-118.574686235, 34.5593914660001], [-118.574688061, 34.559177558], [-118.574679836, 34.5590903720001], [-118.574751798, 34.559090445], [-118.574829403, 34.5590905240001], [-118.574823808, 34.559048933], [-118.574794752, 34.5589652830001], [-118.574746154, 34.558876599], [-118.574690844, 34.558798552], [-118.574500017, 34.558558083], [-118.574413918, 34.558438939], [-118.574329458, 34.558303396], [-118.574276008, 34.5581907370001], [-118.574249031, 34.558112996], [-118.574228636, 34.558033917], [-118.574220195, 34.5579727480001], [-118.574219537, 34.557915699], [-118.574228609, 34.5578600260001], [-118.574244563, 34.557813573], [-118.574275137, 34.5577630980001], [-118.574308793, 34.557727389], [-118.574348868, 34.5577016980001], [-118.57439889, 34.557681673], [-118.574449463, 34.55767035], [-118.574514596, 34.557663431], [-118.574630337, 34.5576633640001], [-118.575037512, 34.5576833650001], [-118.575522669, 34.5576889380001], [-118.575639701, 34.5576839600001], [-118.575775675, 34.557671256], [-118.5758814, 34.5576563430001], [-118.575967825, 34.5576373260001], [-118.576077081, 34.5576044860001], [-118.576196031, 34.557559688], [-118.576343296, 34.5574956790001], [-118.576478862, 34.5574288070001], [-118.576660731, 34.5573246280001], [-118.576994863, 34.557103215], [-118.577199811, 34.556990103], [-118.577271944, 34.556958346], [-118.577340264, 34.556936168], [-118.577395368, 34.556924988], [-118.577457543, 34.5569209380001], [-118.577518368, 34.5569263020001], [-118.577583601, 34.556940798], [-118.577659836, 34.5569679020001], [-118.577738664, 34.5570055740001], [-118.577904232, 34.5571056740001], [-118.578326835, 34.5574079300001], [-118.578403556, 34.557457475], [-118.578496171, 34.5575037850001], [-118.578681298, 34.5575653490001], [-118.578764285, 34.5576012240001], [-118.578873167, 34.5576718470001], [-118.578958911, 34.5577355200001], [-118.578950278, 34.557722905], [-118.578858812, 34.557585972], [-118.578774612, 34.5574597720001], [-118.578732889, 34.557388691], [-118.578721079, 34.557368572], [-118.578659073, 34.557301366], [-118.578629678, 34.5572695050001], [-118.578568479, 34.557009904], [-118.578501378, 34.556834468], [-118.578499811, 34.556830372], [-118.578400679, 34.5565099040001], [-118.578393278, 34.556346105], [-118.578484812, 34.5562203050001], [-118.578599079, 34.556136505], [-118.578660011, 34.5560827050001], [-118.578675478, 34.556014372], [-118.578660211, 34.555926705], [-118.578690879, 34.5557621720001], [-118.578744079, 34.555678771], [-118.578858478, 34.5556247710001], [-118.578934878, 34.555590572], [-118.578965477, 34.555567705], [-118.578965411, 34.5555147050001], [-118.578935077, 34.555384905], [-118.578889078, 34.5552745040001], [-118.578934878, 34.555156105], [-118.579148678, 34.5549499040001], [-118.579224811, 34.554892571], [-118.579232411, 34.554827704], [-118.579202079, 34.5546639720001], [-118.579194411, 34.5543817720001], [-118.579278211, 34.553984504], [-118.579453812, 34.5537595710001], [-118.579629278, 34.553591704], [-118.579644611, 34.5535497710001], [-118.579621612, 34.553504504], [-118.579560478, 34.5534471710001], [-118.579491878, 34.5533861710001], [-118.579469078, 34.553328971], [-118.579469078, 34.5532219040001], [-118.579652211, 34.5528713040001], [-118.579743612, 34.552611504], [-118.579758878, 34.552478304], [-118.579759011, 34.5523029710001], [-118.579774079, 34.552241904], [-118.579804879, 34.552154171], [-118.579865811, 34.55204337], [-118.579972679, 34.5519711040001], [-118.580102412, 34.5518945040001], [-118.580201412, 34.55183737], [-118.580285278, 34.55178777], [-118.580338678, 34.5517493720001], [-118.580399878, 34.5517113710001], [-118.580445678, 34.5516849040001], [-118.580499077, 34.551658305], [-118.580583011, 34.5516313040001], [-118.580674611, 34.551608571], [-118.580788811, 34.551600905], [-118.580918478, 34.551616172], [-118.581155278, 34.5516543050001], [-118.581391612, 34.5517075720001], [-118.581673812, 34.551772704], [-118.581841678, 34.551806571], [-118.582025012, 34.5518487030001], [-118.582139478, 34.551886704], [-118.582269012, 34.5519633710001], [-118.582284212, 34.5520279040001], [-118.582299612, 34.552069971], [-118.582360679, 34.552111971], [-118.582444679, 34.5521233710001], [-118.582520812, 34.5521155710001], [-118.582642879, 34.55212357], [-118.582810879, 34.5521461700001], [-118.582963412, 34.5521809030001], [-118.58305488, 34.5522303710001], [-118.583154079, 34.5523063040001], [-118.583291611, 34.552421171], [-118.583421011, 34.5525355710001], [-118.583665212, 34.5527449040001], [-118.583810279, 34.5528939710001], [-118.583863812, 34.552981905], [-118.583909279, 34.553050505], [-118.583962812, 34.553065572], [-118.584069479, 34.5530389050001], [-118.584199412, 34.5529893040001], [-118.584374879, 34.5529587720001], [-118.584695278, 34.552924304], [-118.584794478, 34.5529437710001], [-118.584870879, 34.552947304], [-118.584909079, 34.5529321710001], [-118.584908878, 34.5529051710001], [-118.584863079, 34.5528251700001], [-118.584855612, 34.5527565040001], [-118.584802012, 34.5526957710001], [-118.584588613, 34.5526309040001], [-118.584481812, 34.552584971], [-118.58438248, 34.552520304], [-118.584298412, 34.5524475710001], [-118.584191879, 34.552359971], [-118.58409268, 34.5522305040001], [-118.584008679, 34.5520969030001], [-118.584008479, 34.5519937030001], [-118.584008612, 34.551784103], [-118.583985812, 34.55176857], [-118.583894212, 34.5517111710001], [-118.583825479, 34.5516659040001], [-118.583749012, 34.551585704], [-118.583718811, 34.551497571], [-118.583703411, 34.5514369040001], [-118.583665411, 34.5514097710001], [-118.583573611, 34.551387371], [-118.583474678, 34.5513757040001], [-118.583329479, 34.5513375040001], [-118.583169279, 34.5512725040001], [-118.583062679, 34.5512001710001], [-118.582925212, 34.551120171], [-118.582765012, 34.551035971], [-118.582688479, 34.550975104], [-118.582688679, 34.5509445710001], [-118.582688612, 34.550872504], [-118.582673612, 34.5507385710001], [-118.582673479, 34.550647171], [-118.582620078, 34.55061297], [-118.582528479, 34.5506315710001], [-118.582360478, 34.5506051040001], [-118.582169878, 34.5505783040001], [-118.581971611, 34.55055937], [-118.581780611, 34.5505099700001], [-118.581590079, 34.5504257710001], [-118.581399078, 34.550322771], [-118.581223679, 34.5501627720001], [-118.581033079, 34.5499831710001], [-118.580910879, 34.5498269710001], [-118.580834811, 34.549674704], [-118.580834611, 34.5495867710001], [-118.580788678, 34.5494877040001], [-118.580773678, 34.549391971], [-118.580750678, 34.549315704], [-118.580659211, 34.5492125700001], [-118.580613411, 34.549129303], [-118.580582811, 34.549045103], [-118.580552278, 34.5489497030001], [-118.580552411, 34.54882737], [-118.580575277, 34.5487019710001], [-118.580628678, 34.548533971], [-118.580705011, 34.548370171], [-118.580789078, 34.5482783040001], [-118.580872877, 34.548190504], [-118.581002611, 34.5480801030001], [-118.581185612, 34.5479429700001], [-118.581338079, 34.54785137], [-118.581475478, 34.547805704], [-118.581658812, 34.54775197], [-118.581849477, 34.5477325700001], [-118.581994278, 34.5477059030001], [-118.582215611, 34.5476297700001], [-118.582391078, 34.5475609710001], [-118.582528478, 34.5475153030001], [-118.582650411, 34.54751537], [-118.582803411, 34.5475383030001], [-118.582871812, 34.54753057], [-118.583009212, 34.5475767030001], [-118.583100812, 34.5476335700001], [-118.583222811, 34.5477097030001], [-118.583383011, 34.5478091030001], [-118.583428811, 34.5478361030001], [-118.583459278, 34.5478435700001], [-118.583535611, 34.547827903], [-118.583550811, 34.547748304], [-118.583550811, 34.5476603700001], [-118.583665411, 34.5474695030001], [-118.583825679, 34.5472635040001], [-118.583894078, 34.54717577], [-118.584008611, 34.5471071710001], [-118.584092679, 34.547068971], [-118.584161212, 34.546966104], [-118.584275812, 34.54679437], [-118.584451279, 34.5465847030001], [-118.584542679, 34.546485503], [-118.584634212, 34.546424503], [-118.584748878, 34.5463481030001], [-118.584825078, 34.5462755030001], [-118.584878611, 34.546164902], [-118.584962411, 34.545825703], [-118.584985211, 34.545684571], [-118.585015611, 34.5455663710001], [-118.585038478, 34.5454787030001], [-118.585023412, 34.5453413700001], [-118.585015878, 34.5452153030001], [-118.584992878, 34.545051103], [-118.585015678, 34.54488737], [-118.585023212, 34.54478077], [-118.585023411, 34.5447001700001], [-118.584969878, 34.5445745700001], [-118.584901278, 34.544418303], [-118.584855478, 34.5442881700001], [-118.584779211, 34.544193303], [-118.58471041, 34.5440899700001], [-118.584634279, 34.5439873030001], [-118.584565412, 34.5439109700001], [-118.584504678, 34.5438153700001], [-118.584504411, 34.54371217], [-118.584535011, 34.5436549030001], [-118.584641879, 34.5435943700001], [-118.584725878, 34.5435561030001], [-118.584825078, 34.5435447030001], [-118.584908878, 34.5435447030001], [-118.585023411, 34.543567502], [-118.585115011, 34.543605703], [-118.585176078, 34.543666903], [-118.585244612, 34.5437545030001], [-118.585328679, 34.5438649700001], [-118.585404811, 34.543983503], [-118.585443011, 34.5441091700001], [-118.585488811, 34.5442467030001], [-118.585519279, 34.5443837710001], [-118.585519211, 34.5445213030001], [-118.585488879, 34.544749902], [-118.585504079, 34.54490637], [-118.585504011, 34.5450625030001], [-118.585511678, 34.5452725700001], [-118.585488611, 34.545436303], [-118.585481012, 34.54564657], [-118.585488879, 34.545756903], [-118.585534678, 34.5458561030001], [-118.585595479, 34.5459589700001], [-118.585649079, 34.546069903], [-118.585709879, 34.5461687700001], [-118.585778812, 34.546195503], [-118.585885612, 34.546237503], [-118.585984812, 34.546298769], [-118.586122012, 34.546386103], [-118.586228811, 34.5465081030001], [-118.586350878, 34.5466073700001], [-118.586381412, 34.5466875700001], [-118.586419678, 34.546836371], [-118.586450211, 34.546958304], [-118.586434811, 34.5470993710001], [-118.586404411, 34.5472559040001], [-118.586389212, 34.547297771], [-118.586373811, 34.5473627700001], [-118.586373812, 34.5475077030001], [-118.586389078, 34.547683303], [-118.586419679, 34.5478243040001], [-118.586404278, 34.54801897], [-118.586404078, 34.548209371], [-118.586442612, 34.5483469710001], [-118.586518679, 34.5485225040001], [-118.586602679, 34.5487287710001], [-118.586648679, 34.548869503], [-118.586671479, 34.5489803030001], [-118.586694212, 34.5490983030001], [-118.586755279, 34.5492011700001], [-118.586823879, 34.5493119700001], [-118.586861879, 34.54936157], [-118.586892479, 34.54937297], [-118.58694608, 34.5493655700001], [-118.586968812, 34.5492891710001], [-118.586923212, 34.54912517], [-118.586900212, 34.5489153030001], [-118.586900212, 34.548816104], [-118.586915412, 34.5487133710001], [-118.586869812, 34.5485375710001], [-118.586862212, 34.54833197], [-118.586831679, 34.5481791030001], [-118.586900279, 34.547942703], [-118.587014879, 34.5476947700001], [-118.58709108, 34.5475687700001], [-118.587159812, 34.5474049700001], [-118.58720548, 34.5472979040001], [-118.587236079, 34.5472179710001], [-118.587243812, 34.5471075030001], [-118.587236012, 34.5469429710001], [-118.58723588, 34.5468173030001], [-118.587182612, 34.5466799700001], [-118.587121479, 34.546493103], [-118.587090879, 34.5463937700001], [-118.587045079, 34.5461993690001], [-118.587022412, 34.5459933700001], [-118.586968812, 34.5458065030001], [-118.586953612, 34.54563477], [-118.586915678, 34.54553557], [-118.586862079, 34.5454597030001], [-118.586831679, 34.54538337], [-118.586785679, 34.5452723700001], [-118.586785811, 34.5452075700001], [-118.586808612, 34.54506237], [-118.586839278, 34.544993903], [-118.586923212, 34.5448755690001], [-118.586969079, 34.544795503], [-118.586984279, 34.5447615030001], [-118.586991811, 34.5447005030001], [-118.586961412, 34.5446621030001], [-118.586892679, 34.5445975700001], [-118.586869812, 34.5445213030001], [-118.586900212, 34.5444367700001], [-118.586961412, 34.5443379700001], [-118.587060612, 34.5442235030001], [-118.587159612, 34.544128103], [-118.587190078, 34.5440785700001], [-118.587182612, 34.5439907700001], [-118.587152079, 34.5438915030001], [-118.587114012, 34.5438039700001], [-118.587076012, 34.543624702], [-118.587045411, 34.543468503], [-118.587022279, 34.5433121030001], [-118.586984412, 34.5432161690001], [-118.586930879, 34.5430675690001], [-118.586923412, 34.5429797690001], [-118.586862212, 34.542838504], [-118.586831812, 34.542674903], [-118.586862212, 34.54253757], [-118.586915612, 34.542442303], [-118.587014879, 34.54236597], [-118.587098612, 34.5423085030001], [-118.587243811, 34.5422779690001], [-118.587365812, 34.5422779690001], [-118.587480279, 34.5423047030001], [-118.587548812, 34.5423467030001], [-118.587609679, 34.5423965030001], [-118.587709212, 34.5425221030001], [-118.587800679, 34.542659503], [-118.587838679, 34.54275877], [-118.587854012, 34.54292257], [-118.587831012, 34.54310937], [-118.587831078, 34.543170769], [-118.587831212, 34.5433195690001], [-118.587823612, 34.543452702], [-118.587831278, 34.5435709700001], [-118.587853879, 34.5436551700001], [-118.587900012, 34.5437847700001], [-118.587945479, 34.543922303], [-118.587960679, 34.5440059700001], [-118.588029611, 34.5440783700001], [-118.588105612, 34.5441207700001], [-118.588174679, 34.544189171], [-118.588265812, 34.5442387030001], [-118.588334679, 34.54423897], [-118.588411079, 34.5442615700001], [-118.58851008, 34.5443341700001], [-118.588594012, 34.54439117], [-118.588700812, 34.54447537], [-118.588815479, 34.5446125020001], [-118.58889928, 34.5447269700001], [-118.58897548, 34.5448681030001], [-118.589082213, 34.5448907690001], [-118.589105212, 34.5447919690001], [-118.589105212, 34.54464317], [-118.589113079, 34.544578303], [-118.589113012, 34.5444791030001], [-118.589151078, 34.544337704], [-118.589189279, 34.5442537700001], [-118.589212012, 34.54420837], [-118.589242678, 34.5441397700001], [-118.589242479, 34.544093703], [-118.589219612, 34.5440707700001], [-118.589189279, 34.5440521030001], [-118.589151078, 34.5440327700001], [-118.589044279, 34.5439869030001], [-118.588975679, 34.5439065690001], [-118.58892988, 34.54384177], [-118.588884013, 34.5437545020001], [-118.588853679, 34.543594302], [-118.588845812, 34.5435409020001], [-118.588853479, 34.543483302], [-118.58889928, 34.5433805690001], [-118.589059412, 34.543170569], [-118.589105278, 34.5430905690001], [-118.589120411, 34.5429911690001], [-118.589105211, 34.542857903], [-118.589090078, 34.542636503], [-118.589113079, 34.54249537], [-118.589158812, 34.5423961020001], [-118.589311079, 34.5422589020001], [-118.589329804, 34.5422203570001], [-118.589306514, 34.5418290110001], [-118.589286765, 34.5414971530001], [-118.589265412, 34.5414463700001], [-118.589265479, 34.54132457], [-118.589275112, 34.541301332], [-118.589303479, 34.541232903], [-118.589372212, 34.541190903], [-118.589479211, 34.5411951020001], [-118.589508042, 34.541200329], [-118.589624079, 34.5412213700001], [-118.589769212, 34.5412409030001], [-118.589929412, 34.5412483700001], [-118.590135079, 34.541255903], [-118.590249679, 34.541282503], [-118.59040208, 34.54134357], [-118.590562412, 34.54140857], [-118.590684612, 34.5414577700001], [-118.590799211, 34.5415075010001], [-118.590862155, 34.541546829], [-118.590908279, 34.5416087900001], [-118.590991817, 34.541597306], [-118.591020279, 34.5416027690001], [-118.591134879, 34.5415917020001], [-118.591279812, 34.5415683690001], [-118.591455079, 34.541541769], [-118.591569679, 34.5415381020001], [-118.59164588, 34.5415839020001], [-118.591730013, 34.5416565690001], [-118.591775612, 34.5417135020001], [-118.59184428, 34.5418129020001], [-118.591935813, 34.5419311690001], [-118.592019813, 34.5420681690001], [-118.592119079, 34.5422055020001], [-118.592172412, 34.542320369], [-118.592203012, 34.5423391030001], [-118.592241212, 34.54233917], [-118.592279079, 34.54234317], [-118.592363213, 34.54234317], [-118.59245468, 34.54234317], [-118.592569012, 34.5423545690001], [-118.592714212, 34.542392702], [-118.59285908, 34.5424229020001], [-118.592950679, 34.542495569], [-118.59301928, 34.5425719030001], [-118.593072613, 34.5426709700001], [-118.59310308, 34.542731969], [-118.593172013, 34.5427739030001], [-118.59325588, 34.5428195700001], [-118.59336248, 34.5428733690001], [-118.593469481, 34.5429837020001], [-118.593523012, 34.5430753690001], [-118.593576079, 34.543167102], [-118.593629812, 34.5432469020001], [-118.593706012, 34.5433157690001], [-118.593812613, 34.543441769], [-118.59391188, 34.5435751700001], [-118.593973012, 34.54369317], [-118.59401868, 34.543803703], [-118.59409508, 34.5439677690001], [-118.594110212, 34.5441129700001], [-118.59415588, 34.5442273030001], [-118.59425528, 34.544368702], [-118.594316279, 34.5444755020001], [-118.594301013, 34.5446239020001], [-118.594262813, 34.5447117690001], [-118.59420188, 34.544803302], [-118.594102613, 34.54491777], [-118.593965213, 34.5450667700001], [-118.593889079, 34.54516577], [-118.59387368, 34.545253303], [-118.59387368, 34.5453259700001], [-118.59388888, 34.5454097690001], [-118.593919613, 34.5454629020001], [-118.593980613, 34.5454633030001], [-118.594079812, 34.5453255690001], [-118.59414068, 34.545184969], [-118.594285813, 34.5450777030001], [-118.594461214, 34.5450247700001], [-118.59457568, 34.545028302], [-118.594659681, 34.5450397020001], [-118.594705414, 34.545039569], [-118.594713213, 34.545001702], [-118.594705481, 34.5448835020001], [-118.594705413, 34.5447385690001], [-118.59475868, 34.544570569], [-118.594789481, 34.544540302], [-118.594880814, 34.5444563020001], [-118.594995413, 34.5443911030001], [-118.595010613, 34.544353103], [-118.59499548, 34.544291903], [-118.59490388, 34.54421977], [-118.594842681, 34.5441203030001], [-118.594781613, 34.5440213700001], [-118.594690013, 34.543864769], [-118.594621613, 34.543719702], [-118.594583413, 34.5435563020001], [-118.59455288, 34.543403369], [-118.594583213, 34.543205169], [-118.594614013, 34.5430183020001], [-118.59458328, 34.542892502], [-118.594560413, 34.5427969030001], [-118.59460608, 34.5426559690001], [-118.594606213, 34.5425793690001], [-118.59451448, 34.542407569], [-118.59442308, 34.5422589030001], [-118.594339213, 34.5420571020001], [-118.59430108, 34.541862569], [-118.594293479, 34.541709902], [-118.59423988, 34.541595102], [-118.594102812, 34.5414047690001], [-118.594091208, 34.541391151], [-118.594045682, 34.5411774570001], [-118.594036965, 34.5411365370001], [-118.59419088, 34.5411574930001], [-118.593979, 34.54096], [-118.593702, 34.540262], [-118.593421, 34.539542], [-118.592775, 34.538728], [-118.593279, 34.538776], [-118.594294, 34.5393780000001], [-118.594606001, 34.5398270000001], [-118.594943, 34.5398420000001], [-118.595037001, 34.5399120000001], [-118.595933766, 34.540126952], [-118.596839015, 34.5401156090001], [-118.595022245, 34.538548001], [-118.594499693, 34.537601259], [-118.593833397, 34.5374484160001], [-118.593397646, 34.536735907], [-118.593205126, 34.5364820360001], [-118.592601135, 34.536050286], [-118.592305982, 34.535344685], [-118.592919207, 34.535209176], [-118.593353, 34.5354820000001], [-118.594614, 34.53599], [-118.595256001, 34.535539], [-118.595466, 34.5349180000001], [-118.596234, 34.5341240000001], [-118.59654, 34.533668], [-118.597047, 34.5330020000001], [-118.597554, 34.532672], [-118.597905001, 34.532402], [-118.598008, 34.5323760000001], [-118.598011, 34.5323740000001], [-118.598016, 34.5323740000001], [-118.598964, 34.5321290000001], [-118.599579, 34.5321740000001], [-118.599442, 34.532815], [-118.599405, 34.532991], [-118.599498, 34.5331870000001], [-118.599539, 34.5334590000001], [-118.600001, 34.5338190000001], [-118.600127, 34.534752], [-118.60001, 34.535312], [-118.600406, 34.5349390000001], [-118.600804, 34.534656], [-118.600906774, 34.5348410660001], [-118.601026803, 34.5345370490001], [-118.60094886, 34.5342791050001], [-118.600959392, 34.534170444], [-118.600938001, 34.5341500000001], [-118.600904, 34.5333440000001], [-118.601205, 34.5330020000001], [-118.601365, 34.5321060000001], [-118.601394362, 34.532091918], [-118.601326504, 34.5319987570001], [-118.601326505, 34.5315717230001], [-118.601982857, 34.5313751200001], [-118.601997, 34.531308], [-118.60208062, 34.5311883000001], [-118.601955352, 34.5312445910001], [-118.601912451, 34.531149574], [-118.601919857, 34.5310506060001], [-118.601942809, 34.5309573540001], [-118.601945808, 34.5308590010001], [-118.602001319, 34.5307416810001], [-118.602053502, 34.5306386870001], [-118.602143129, 34.5304508400001], [-118.602197015, 34.5302882610001], [-118.602293189, 34.5302289970001], [-118.602401956, 34.5302348600001], [-118.602538751, 34.530211937], [-118.602543619, 34.5302100260001], [-118.602557735, 34.530183863], [-118.602655284, 34.530159756], [-118.602728389, 34.530066226], [-118.602798025, 34.529966958], [-118.602848107, 34.529890978], [-118.602905643, 34.529759717], [-118.602962064, 34.52958247], [-118.603178141, 34.5294343950001], [-118.603357319, 34.529405131], [-118.603501146, 34.5293661210001], [-118.603594877, 34.529428415], [-118.603652195, 34.529535251], [-118.603719055, 34.52964239], [-118.603807685, 34.5296259250001], [-118.604457, 34.5301900000001], [-118.60553, 34.53117], [-118.606023001, 34.532472], [-118.607173001, 34.533601], [-118.607017, 34.533939], [-118.607131, 34.5339480000001], [-118.607533, 34.534138], [-118.607003, 34.5342810000001], [-118.606931, 34.5344170000001], [-118.60716, 34.5349150000001], [-118.607426, 34.53491], [-118.607808, 34.534996], [-118.607744, 34.5352950000001], [-118.607579, 34.535628], [-118.607409, 34.5359710000001], [-118.607885001, 34.5360900000001], [-118.608047, 34.5357980000001], [-118.608101, 34.5357220000001], [-118.608213, 34.535562], [-118.608596, 34.5356320000001], [-118.609021, 34.5357530000001], [-118.609112, 34.5357910000001], [-118.609355, 34.535825], [-118.610282, 34.536165], [-118.61027, 34.5362670000001], [-118.610257, 34.536389], [-118.610554, 34.5366460000001], [-118.610298, 34.5370340000001], [-118.610363, 34.5373690000001], [-118.610278, 34.5376680000001], [-118.610471, 34.538055], [-118.609981, 34.538444], [-118.609724999, 34.538532], [-118.609789, 34.539381], [-118.609319, 34.53977], [-118.608507, 34.540018], [-118.608549999, 34.540354], [-118.608499, 34.5404110000001], [-118.608714, 34.540538], [-118.609341, 34.540333], [-118.609600137, 34.5403105450001], [-118.609621107, 34.5402725430001], [-118.610269121, 34.539845509], [-118.610657931, 34.5395786120001], [-118.611241146, 34.5388846820001], [-118.611694758, 34.5384576480001], [-118.61194366, 34.5383893050001], [-118.612141, 34.538216], [-118.612304, 34.53772], [-118.612623, 34.537896], [-118.612794, 34.5380730000001], [-118.613054, 34.5384230000001], [-118.613118, 34.538397], [-118.613609, 34.538714], [-118.61354, 34.5389870000001], [-118.61352, 34.539068], [-118.613743, 34.5396620000001], [-118.613853, 34.540088], [-118.613535, 34.5406370000001], [-118.613453233, 34.5407975210001], [-118.613638805, 34.540966473], [-118.613574003, 34.5412333690001], [-118.613169882, 34.54127498], [-118.613166, 34.5413330000001], [-118.613869, 34.541948], [-118.613879, 34.54195], [-118.61399, 34.5418980000001], [-118.614528, 34.541952], [-118.614513, 34.542089], [-118.614817, 34.542156], [-118.614544979, 34.5425909040001], [-118.614675629, 34.5426746090001], [-118.614546026, 34.5432617810001], [-118.614157217, 34.543742195], [-118.613638805, 34.543742195], [-118.61360854, 34.5437312880001], [-118.612904, 34.5439450000001], [-118.612674, 34.5443550000001], [-118.611779, 34.5447960000001], [-118.610861, 34.5455190000001], [-118.610713, 34.545802], [-118.611356, 34.5458580000001], [-118.611394, 34.545536], [-118.611779, 34.545396], [-118.612205, 34.545077], [-118.61244, 34.545042], [-118.613016, 34.544919], [-118.613506, 34.544654], [-118.613845, 34.5447810000001], [-118.614146, 34.5445480000001], [-118.614574, 34.544635], [-118.614848, 34.5448490000001], [-118.615184, 34.544922], [-118.615275, 34.544584], [-118.615532, 34.544071], [-118.615723, 34.5439480000001], [-118.615735378, 34.543973808], [-118.615790342, 34.5439253440001], [-118.615872635, 34.543869972], [-118.616023863, 34.5437547980001], [-118.616175685, 34.543622859], [-118.616246776, 34.543579433], [-118.616384606, 34.5435111], [-118.616416172, 34.543647778], [-118.616343834, 34.5438020560001], [-118.616211107, 34.5439285890001], [-118.616113778, 34.5439978690001], [-118.61610727, 34.544052962], [-118.616219067, 34.544169229], [-118.616295668, 34.544169229], [-118.616360471, 34.5449165380001], [-118.616425272, 34.5456104690001], [-118.616425272, 34.546090882], [-118.616230868, 34.546731433], [-118.616167559, 34.5467705460001], [-118.616167, 34.546948], [-118.61644, 34.5474300000001], [-118.616616, 34.546363], [-118.616954, 34.54612], [-118.617205, 34.5458980000001], [-118.61733, 34.545463], [-118.617359, 34.545355], [-118.617418, 34.5451410000001], [-118.617521, 34.544654], [-118.617958, 34.544294], [-118.618743, 34.5440530000001], [-118.619337883, 34.544558264], [-118.619464326, 34.544760432], [-118.620559001, 34.5454760000001], [-118.621036, 34.5464890000001], [-118.620582401, 34.5469081140001], [-118.620766978, 34.5470517090001], [-118.620766977, 34.5476922600001], [-118.620296108, 34.5476922600001], [-118.620275, 34.5479080000001], [-118.620254, 34.5483590000001], [-118.619735, 34.548982], [-118.619913, 34.54974], [-118.619723, 34.5503890000001], [-118.619452, 34.5513510000001], [-118.619447, 34.5523690000001], [-118.618992999, 34.5529090000001], [-118.618518, 34.553932], [-118.617779836, 34.554635332], [-118.617528118, 34.5550349960001], [-118.617447834, 34.555338277], [-118.617409127, 34.5555347600001], [-118.617311799, 34.555855901], [-118.617217212, 34.556064819], [-118.616956694, 34.556253462], [-118.616745073, 34.556406908], [-118.616646617, 34.5565533340001], [-118.616452844, 34.5566755030001], [-118.616383027, 34.55693555], [-118.616546135, 34.556895174], [-118.616532572, 34.5569901740001], [-118.616609261, 34.5570673400001], [-118.6166241, 34.557145502], [-118.616649128, 34.5572505530001], [-118.616668916, 34.557434158], [-118.616821511, 34.5575159650001], [-118.616973538, 34.5575192490001], [-118.617057382, 34.5574186580001], [-118.617189894, 34.557318299], [-118.617387809, 34.557202723], [-118.617468181, 34.557070283], [-118.617524702, 34.556933633], [-118.617624938, 34.556812322], [-118.617833645, 34.556708282], [-118.617972239, 34.5566117500001], [-118.618201427, 34.556482352], [-118.618257627, 34.5563324130001], [-118.618388096, 34.5561047080001], [-118.618468842, 34.555963734], [-118.618493626, 34.5558265510001], [-118.618622124, 34.555677675], [-118.618743065, 34.5555439460001], [-118.618861204, 34.5554167510001], [-118.618893746, 34.555322802], [-118.619014892, 34.5551840900001], [-118.619201504, 34.554961357], [-118.619413711, 34.554839719], [-118.619638407, 34.554777433], [-118.619781442, 34.5546244820001], [-118.619880936, 34.5545521820001], [-118.620042196, 34.5544510450001], [-118.620153958, 34.5542896220001], [-118.620216898, 34.554140261], [-118.620432267, 34.5540417660001], [-118.620376227, 34.553917486], [-118.620299583, 34.553826922], [-118.620119422, 34.5536038810001], [-118.620102923, 34.553550885], [-118.620203546, 34.5532715480001], [-118.620462784, 34.553183545], [-118.620483639, 34.5529541120001], [-118.62062543, 34.552800792], [-118.620682156, 34.5527535040001], [-118.620792505, 34.552705744], [-118.620934688, 34.552699214], [-118.620981885, 34.5525473930001], [-118.621002117, 34.5523587170001], [-118.621092689, 34.552298862], [-118.621246026, 34.5522329460001], [-118.621467739, 34.5520928490001], [-118.621625396, 34.5519237170001], [-118.621604529, 34.5517394710001], [-118.621874, 34.5515590000001], [-118.6222, 34.5510800000001], [-118.622412, 34.550599], [-118.622709999, 34.5502250000001], [-118.622953805, 34.5498091650001], [-118.623113756, 34.5496960510001], [-118.623302, 34.549067], [-118.62325291, 34.548745447], [-118.623591927, 34.548221794], [-118.623833716, 34.5482674880001], [-118.624168932, 34.5483524730001], [-118.62435, 34.5486700000001], [-118.62460765, 34.5488284], [-118.625041433, 34.548974791], [-118.624999085, 34.549446726], [-118.624139104, 34.5501380530001], [-118.623457381, 34.550976271], [-118.623745, 34.5512870000001], [-118.62375, 34.5517390000001], [-118.623578, 34.5521460000001], [-118.623559, 34.5525230000001], [-118.623995, 34.5529910000001], [-118.624331, 34.5533830000001], [-118.624315797, 34.5536518480001], [-118.624469507, 34.553637177], [-118.624523702, 34.5536808270001], [-118.624610963, 34.553722168], [-118.624712006, 34.553759875], [-118.62484212, 34.5537767920001], [-118.624939961, 34.553831512], [-118.624991432, 34.553883236], [-118.625032865, 34.553958831], [-118.625113801, 34.5540188580001], [-118.625220004, 34.5540908730001], [-118.625356487, 34.5542814240001], [-118.625696, 34.554491], [-118.625773107, 34.5547979620001], [-118.625488881, 34.5550675010001], [-118.625399364, 34.55529984], [-118.625438614, 34.5553948460001], [-118.625553039, 34.5554756720001], [-118.625676581, 34.5555315350001], [-118.625844445, 34.5555783560001], [-118.626057393, 34.5556354500001], [-118.626178135, 34.5556907930001], [-118.626248895, 34.555799429], [-118.62630745, 34.5559553210001], [-118.626402466, 34.5562232130001], [-118.626489, 34.556337], [-118.626708, 34.5568860000001], [-118.626492337, 34.5577127540001], [-118.626305, 34.5581090000001], [-118.626056, 34.558547], [-118.625601, 34.5591600000001], [-118.625848, 34.559562], [-118.626926, 34.5596380000001], [-118.626727, 34.56014], [-118.626274, 34.560638], [-118.625604, 34.561134], [-118.625496053, 34.5612761530001], [-118.62537871, 34.561662536], [-118.624979079, 34.562051281], [-118.624719873, 34.5622647980001], [-118.624071858, 34.5624783150001], [-118.623423842, 34.5629587280001], [-118.623415378, 34.5630354260001], [-118.623613933, 34.562990617], [-118.62373506, 34.562938794], [-118.623916277, 34.5628784140001], [-118.624052756, 34.5628239710001], [-118.624217712, 34.5627087190001], [-118.624346327, 34.562652502], [-118.624413336, 34.562679163], [-118.624554316, 34.5626454910001], [-118.624638209, 34.562592443], [-118.624733083, 34.562584708], [-118.624840328, 34.562521024], [-118.624917198, 34.562476954], [-118.625020813, 34.5624510210001], [-118.625137447, 34.5624242820001], [-118.625258499, 34.562431685], [-118.625371518, 34.56249046], [-118.625494931, 34.562507511], [-118.625589288, 34.562498523], [-118.625673051, 34.562486108], [-118.625772562, 34.5624916450001], [-118.625876329, 34.5625116860001], [-118.625940922, 34.5625360610001], [-118.626003805, 34.5625640280001], [-118.626081324, 34.562680556], [-118.626155807, 34.5627824220001], [-118.626143222, 34.5629088480001], [-118.626082637, 34.5629846310001], [-118.626021472, 34.5630865140001], [-118.62608137, 34.563171885], [-118.626144434, 34.563198104], [-118.626209106, 34.5632202240001], [-118.626261268, 34.5632491850001], [-118.626294331, 34.56328545], [-118.626272009, 34.5633744680001], [-118.626187776, 34.563452727], [-118.626017577, 34.563576433], [-118.625752075, 34.563597756], [-118.625647839, 34.56345652], [-118.625572302, 34.5633413780001], [-118.625498052, 34.5632758130001], [-118.625355042, 34.563240493], [-118.625157119, 34.5632120450001], [-118.62499224, 34.563193589], [-118.624833072, 34.563201371], [-118.624665085, 34.563201082], [-118.624515821, 34.56320134], [-118.624409753, 34.563243598], [-118.62432425, 34.5633335590001], [-118.624310856, 34.5633507590001], [-118.624368533, 34.5634266550001], [-118.624396522, 34.563538124], [-118.624387554, 34.563632469], [-118.624363269, 34.5636991540001], [-118.624258501, 34.563741975], [-118.624170855, 34.563706086], [-118.623983073, 34.5635999690001], [-118.623870547, 34.563711368], [-118.623784447, 34.5637898140001], [-118.623716994, 34.5638755430001], [-118.62372441, 34.5639634820001], [-118.623723842, 34.564019665], [-118.62372624, 34.5641197460001], [-118.623736491, 34.564174397], [-118.623713081, 34.564302695], [-118.623684847, 34.5643824960001], [-118.623683961, 34.5644966420001], [-118.623641882, 34.5646184780001], [-118.623601908, 34.564671667], [-118.623392891, 34.564806651], [-118.623263237, 34.5648855680001], [-118.623144281, 34.5649421050001], [-118.62304728, 34.564969589], [-118.622976929, 34.5650149620001], [-118.622888131, 34.565083359], [-118.622802794, 34.5651513120001], [-118.622675219, 34.565252936], [-118.622576354, 34.565299398], [-118.62245191, 34.5653631120001], [-118.622325026, 34.565387415], [-118.622274138, 34.5654366150001], [-118.622271034, 34.565503993], [-118.622224867, 34.5655685930001], [-118.622152696, 34.5656599230001], [-118.622101093, 34.5657792100001], [-118.622066096, 34.5658885500001], [-118.621989256, 34.5660073060001], [-118.621973335, 34.566075144], [-118.621963871, 34.5661401260001], [-118.62191978, 34.5662336840001], [-118.621926624, 34.566307167], [-118.62190942, 34.5663445970001], [-118.621774566, 34.5663582820001], [-118.621758137, 34.566389106], [-118.621766466, 34.566503325], [-118.621908507, 34.5664851600001], [-118.621924956, 34.5665458920001], [-118.621914351, 34.566610525], [-118.62185835, 34.5667144340001], [-118.621857276, 34.566805049], [-118.621908074, 34.566905063], [-118.621970941, 34.567042707], [-118.621909726, 34.567145555], [-118.621836477, 34.5671878220001], [-118.621848224, 34.5672076070001], [-118.621847745, 34.567261038], [-118.621869117, 34.567253389], [-118.621941978, 34.5672419110001], [-118.622328034, 34.567326484], [-118.622377154, 34.5673493100001], [-118.622434904, 34.5673703890001], [-118.622486363, 34.567400193], [-118.622427056, 34.5674580400001], [-118.622414226, 34.5674572670001], [-118.622399968, 34.5674776710001], [-118.622361475, 34.5675092500001], [-118.622324673, 34.567533246], [-118.622297161, 34.567547108], [-118.622258607, 34.5675778180001], [-118.622230442, 34.5675950930001], [-118.622196065, 34.567616098], [-118.622185185, 34.567647876], [-118.622164816, 34.567676578], [-118.622130276, 34.567716983], [-118.622083444, 34.5677570340001], [-118.622072394, 34.567794206], [-118.622036524, 34.567818102], [-118.622000974, 34.56783891], [-118.621982924, 34.5678563500001], [-118.621961364, 34.5678732760001], [-118.621944418, 34.5679014580001], [-118.621931374, 34.5679299940001], [-118.621920632, 34.5679478110001], [-118.621911912, 34.567975862], [-118.621909171, 34.5680054310001], [-118.621898156, 34.5680308780001], [-118.62188252, 34.568064232], [-118.621878178, 34.5680849760001], [-118.621866837, 34.5681137940001], [-118.621832616, 34.568199803], [-118.62181113, 34.568217342], [-118.621781754, 34.5682417580001], [-118.621767375, 34.5682682990001], [-118.621756914, 34.5682905030001], [-118.621738778, 34.568308781], [-118.621729608, 34.568334787], [-118.621716275, 34.568362022], [-118.621704062, 34.568380108], [-118.621673635, 34.568403029], [-118.62165491, 34.5684303130001], [-118.62164093, 34.56844807], [-118.621624495, 34.5684707410001], [-118.621619005, 34.568496177], [-118.621607091, 34.5685224270001], [-118.621595082, 34.568544656], [-118.621584319, 34.5685639770001], [-118.621578305, 34.5685880240001], [-118.621566058, 34.5686146470001], [-118.621540099, 34.5686521490001], [-118.621522764, 34.5686834420001], [-118.621507951, 34.5687046840001], [-118.621485914, 34.568722676], [-118.621459221, 34.5687390460001], [-118.621425342, 34.5687607830001], [-118.621402488, 34.568772806], [-118.621383536, 34.568783237], [-118.621348038, 34.568792258], [-118.621311806, 34.568801842], [-118.621284884, 34.5688056220001], [-118.621255323, 34.568810974], [-118.621207127, 34.568813559], [-118.621190532, 34.5688126590001], [-118.621167468, 34.5688192110001], [-118.621151125, 34.5688320150001], [-118.621120685, 34.568840901], [-118.621078646, 34.5688532400001], [-118.621054091, 34.5688647010001], [-118.621032863, 34.5688781540001], [-118.620998254, 34.568901054], [-118.62098387, 34.5689218640001], [-118.620958535, 34.5689358820001], [-118.620940228, 34.568951009], [-118.620936353, 34.5689593330001], [-118.62090156, 34.568972913], [-118.620874586, 34.5689937660001], [-118.620847111, 34.569005944], [-118.620821831, 34.5690221840001], [-118.620795025, 34.5690418140001], [-118.620767736, 34.569059915], [-118.620736996, 34.569070551], [-118.620685467, 34.569065025], [-118.620677325, 34.569058834], [-118.620664499, 34.5690427590001], [-118.620657328, 34.569026063], [-118.620659657, 34.569013512], [-118.620686244, 34.5690014040001], [-118.620695978, 34.5689882180001], [-118.620730882, 34.568967792], [-118.620700856, 34.568955445], [-118.620689174, 34.5689465], [-118.620660705, 34.56892959], [-118.620598866, 34.568910873], [-118.620494947, 34.5689784260001], [-118.620481451, 34.569066041], [-118.62041217, 34.569121276], [-118.620398209, 34.5692292580001], [-118.620363104, 34.569319901], [-118.620314418, 34.5693595480001], [-118.62023818, 34.5693891390001], [-118.620173023, 34.569411659], [-118.620156909, 34.569404895], [-118.62015467, 34.5694547480001], [-118.620109206, 34.569489714], [-118.620066276, 34.5694980380001], [-118.619994082, 34.569563611], [-118.619902411, 34.569550092], [-118.61970924, 34.5695251590001], [-118.619666783, 34.569616147], [-118.619579501, 34.5697266990001], [-118.619465686, 34.569818711], [-118.619397646, 34.5699016460001], [-118.619285958, 34.5700242950001], [-118.619153672, 34.570055074], [-118.619089159, 34.5700941280001], [-118.618999701, 34.5701368630001], [-118.618990152, 34.570180699], [-118.618973096, 34.570212784], [-118.618949827, 34.570230974], [-118.618922473, 34.570253096], [-118.618886765, 34.5702838060001], [-118.618822206, 34.5703252800001], [-118.618760571, 34.5703665820001], [-118.618704824, 34.5704042510001], [-118.618667361, 34.570416218], [-118.618630822, 34.570423873], [-118.618613205, 34.5704205530001], [-118.618587124, 34.5703571610001], [-118.618589229, 34.5703420900001], [-118.618619585, 34.5703168960001], [-118.618655433, 34.5702936550001], [-118.618695061, 34.570273263], [-118.618681338, 34.5702253740001], [-118.618577516, 34.5702339900001], [-118.618550269, 34.570299348], [-118.618485355, 34.5703905070001], [-118.618421593, 34.5704730210001], [-118.618377012, 34.570565958], [-118.618312102, 34.5706739550001], [-118.618229691, 34.5707790290001], [-118.618148439, 34.5708627920001], [-118.618006383, 34.5709263300001], [-118.61791544, 34.570990952], [-118.617858493, 34.571067848], [-118.617710474, 34.5711571800001], [-118.617542917, 34.571264505], [-118.617257708, 34.571423446], [-118.617203032, 34.5715272050001], [-118.617179163, 34.5715708810001], [-118.61703023, 34.571668285], [-118.616931552, 34.5717914350001], [-118.616785388, 34.5715776650001], [-118.616863344, 34.571377913], [-118.616845487, 34.570986761], [-118.616599534, 34.571024089], [-118.616299739, 34.571119136], [-118.616108439, 34.571170943], [-118.61595373, 34.5710800910001], [-118.615989541, 34.5709748730001], [-118.615955978, 34.571000225], [-118.615820478, 34.5710593760001], [-118.615822276, 34.5711185060001], [-118.615789145, 34.571152338], [-118.615746719, 34.5711643060001], [-118.615662198, 34.5710858520001], [-118.615685766, 34.5710540530001], [-118.615632312, 34.5710334990001], [-118.615599836, 34.571061538], [-118.615505175, 34.5711296490001], [-118.615494847, 34.5711695570001], [-118.615506986, 34.5712013360001], [-118.615535585, 34.571236158], [-118.6155528, 34.5712614390001], [-118.615558982, 34.5712939630001], [-118.61553782, 34.5713292990001], [-118.615500779, 34.571374814], [-118.615481961, 34.571388803], [-118.615425975, 34.571389594], [-118.615381251, 34.5713956800001], [-118.615360831, 34.571406338], [-118.615308738, 34.571426], [-118.615267429, 34.571429681], [-118.615229167, 34.5714330910001], [-118.615217538, 34.5714341280001], [-118.615211054, 34.571441678], [-118.615197346, 34.5714498500001], [-118.615165602, 34.5714670670001], [-118.615104561, 34.571480926], [-118.615046109, 34.5714998730001], [-118.615022559, 34.571490216], [-118.61500253, 34.5715070620001], [-118.615076663, 34.5715466230001], [-118.615013939, 34.571611605], [-118.615031912, 34.5716283030001], [-118.615041429, 34.57165646], [-118.615036234, 34.57168267], [-118.615027321, 34.571715103], [-118.615020118, 34.571740542], [-118.615000207, 34.5717738290001], [-118.614992289, 34.57180986], [-118.614973719, 34.5718289060001], [-118.614941313, 34.5718427350001], [-118.614906786, 34.571846153], [-118.614887819, 34.5718401560001], [-118.614832439, 34.5718500560001], [-118.614797982, 34.571848077], [-118.61476507, 34.571831893], [-118.614731615, 34.5718096910001], [-118.614713091, 34.571780592], [-118.614711011, 34.571733426], [-118.614710135, 34.5716566500001], [-118.614677514, 34.5716287000001], [-118.614653513, 34.571656153], [-118.614629789, 34.571724886], [-118.614560384, 34.571772579], [-118.614494856, 34.5717895870001], [-118.614407022, 34.571783472], [-118.614296292, 34.571769209], [-118.614261506, 34.5717627660001], [-118.614107204, 34.5718891810001], [-118.614079786, 34.571921827], [-118.614118197, 34.5720048470001], [-118.614134042, 34.5721336870001], [-118.614142271, 34.572182092], [-118.61420281, 34.572229948], [-118.614504861, 34.5721580150001], [-118.61461037, 34.5721562580001], [-118.614732957, 34.5720571780001], [-118.614831789, 34.5720332170001], [-118.614919535, 34.572017062], [-118.615022983, 34.572018465], [-118.615063906, 34.57207541], [-118.615100488, 34.572093861], [-118.615112382, 34.572126123], [-118.615106513, 34.572164711], [-118.615090372, 34.572195155], [-118.615064817, 34.57221787], [-118.615025786, 34.572227598], [-118.614993398, 34.5722436240001], [-118.614979213, 34.57225005], [-118.614949806, 34.572266701], [-118.614931205, 34.5722853830001], [-118.614923619, 34.5722987], [-118.614919076, 34.572317243], [-118.61493679, 34.5723235250001], [-118.614977621, 34.5723406060001], [-118.614987494, 34.5723507820001], [-118.614965491, 34.5723625270001], [-118.614974841, 34.572368866], [-118.614945821, 34.5724485320001], [-118.614917351, 34.5724619430001], [-118.614973784, 34.5725499010001], [-118.614872459, 34.5725795540001], [-118.614756224, 34.5725867530001], [-118.61473872, 34.5727035950001], [-118.614640419, 34.5727196030001], [-118.614474985, 34.572719383], [-118.614381582, 34.5726832340001], [-118.614220133, 34.5726451040001], [-118.61415907, 34.5725927710001], [-118.614133464, 34.5725579360001], [-118.614115439, 34.5725552910001], [-118.613966778, 34.5724339590001], [-118.613965838, 34.572392232], [-118.613902196, 34.5723689880001], [-118.613881574, 34.5723239760001], [-118.613850332, 34.572310225], [-118.613813617, 34.572280429], [-118.613796295, 34.572251223], [-118.613788233, 34.57225773], [-118.613688592, 34.572313593], [-118.613561776, 34.572402014], [-118.61346961, 34.572455732], [-118.613422414, 34.5725331570001], [-118.613268513, 34.572640941], [-118.61317157, 34.5726601480001], [-118.613053685, 34.5726067730001], [-118.612943223, 34.572559713], [-118.612878634, 34.5725531090001], [-118.612809985, 34.5725727010001], [-118.612693869, 34.572572978], [-118.612550305, 34.5725694720001], [-118.612392642, 34.5725181990001], [-118.612293162, 34.572460323], [-118.612237687, 34.5723709710001], [-118.612232289, 34.5723596560001], [-118.612202709, 34.572345618], [-118.612166439, 34.572320656], [-118.612148403, 34.572302494], [-118.612095394, 34.5722525790001], [-118.612072796, 34.572191006], [-118.612065507, 34.5721585260001], [-118.612037671, 34.572101015], [-118.612016975, 34.572077338], [-118.612001261, 34.5720639260001], [-118.611959991, 34.5720481820001], [-118.611918479, 34.5720368130001], [-118.611882928, 34.5720242040001], [-118.611851575, 34.5719851160001], [-118.61184229, 34.5719451090001], [-118.611759756, 34.571930385], [-118.611726412, 34.571902677], [-118.611579705, 34.571790288], [-118.611499424, 34.5717260390001], [-118.61145132, 34.571685238], [-118.611444523, 34.571679434], [-118.611248729, 34.571677607], [-118.611185098, 34.571608204], [-118.611148999, 34.5716308520001], [-118.611077645, 34.5715483170001], [-118.611013901, 34.5714662770001], [-118.610943581, 34.5714114520001], [-118.610775883, 34.571337547], [-118.610646429, 34.5712346280001], [-118.610556296, 34.571203376], [-118.610473575, 34.571067296], [-118.610434015, 34.570986314], [-118.610355664, 34.5706405940001], [-118.609919, 34.571262], [-118.609303, 34.5716120000001], [-118.608585, 34.5719700000001], [-118.608579916, 34.5719708780001], [-118.608486776, 34.5721148470001], [-118.608405159, 34.5721994250001], [-118.608314419, 34.5722120610001], [-118.60821012, 34.5722083160001], [-118.608128765, 34.5721880290001], [-118.608010283, 34.5721840040001], [-118.607904948, 34.5722158500001], [-118.607684062, 34.572322152], [-118.607592342, 34.5723077160001], [-118.607533965, 34.572294545], [-118.607442907, 34.5723267440001], [-118.607316513, 34.5723981030001], [-118.607255667, 34.572413322], [-118.607180813, 34.572449599], [-118.607069577, 34.572482913], [-118.606984293, 34.5725207300001], [-118.606914948, 34.57254886], [-118.606862195, 34.5725417790001], [-118.606798258, 34.5725421550001], [-118.606736979, 34.572532639], [-118.60667795, 34.5725079580001], [-118.606612505, 34.5725116420001], [-118.60653826, 34.572442503], [-118.606480466, 34.572411102], [-118.60642914, 34.5723923780001], [-118.606330364, 34.5723824820001], [-118.606229036, 34.5723723200001], [-118.606158109, 34.5723377140001], [-118.606112408, 34.5722922850001], [-118.606040949, 34.572256419], [-118.60595921, 34.5721636810001], [-118.605954239, 34.572089819], [-118.605903, 34.572074], [-118.604627862, 34.572195605], [-118.604518586, 34.572271384], [-118.604366317, 34.572323802], [-118.604106995, 34.572342398], [-118.603821683, 34.5723710770001], [-118.603587079, 34.572402423], [-118.603437705, 34.5724252250001], [-118.603280358, 34.5724633300001], [-118.603055149, 34.5724686950001], [-118.602980246, 34.5724400560001], [-118.602882374, 34.5723278620001], [-118.602689, 34.572119], [-118.60200663, 34.5719973000001], [-118.601609, 34.5721270000001], [-118.60146498, 34.572108777], [-118.601425283, 34.5722517790001], [-118.601264779, 34.57230709], [-118.601199577, 34.5723321990001], [-118.601067151, 34.5723484530001], [-118.601027501, 34.5723636980001], [-118.601042116, 34.57238912], [-118.601080599, 34.5724282210001], [-118.601077967, 34.5724984410001], [-118.601011158, 34.5725613980001], [-118.600870225, 34.572648687], [-118.600805199, 34.572706322], [-118.600735316, 34.572746298], [-118.600644564, 34.5728903950001], [-118.600546896, 34.573002859], [-118.600446985, 34.5730144010001], [-118.600434595, 34.5730138160001], [-118.600319354, 34.5730830520001], [-118.600130629, 34.5731351490001], [-118.599957439, 34.573192374], [-118.599842415, 34.573242624], [-118.599758474, 34.5732412730001], [-118.599624748, 34.5732180750001], [-118.599567773, 34.573178624], [-118.5995547, 34.573238857], [-118.599522729, 34.573297], [-118.599479802, 34.5733404920001], [-118.599394479, 34.5733961070001], [-118.599332793, 34.5734625910001], [-118.59930079, 34.5735329340001], [-118.599286397, 34.5735939], [-118.599251754, 34.5736008640001], [-118.599264378, 34.573687111], [-118.599196358, 34.5737268020001], [-118.599115746, 34.573758207], [-118.599025238, 34.573757421], [-118.598950334, 34.573814138], [-118.598883014, 34.5738703760001], [-118.598820474, 34.5738845930001], [-118.598758427, 34.5739029760001], [-118.598722129, 34.573921956], [-118.598686626, 34.573919706], [-118.598625111, 34.5738883560001], [-118.59856589, 34.5739487550001], [-118.59845181, 34.5739554990001], [-118.598345154, 34.573882568], [-118.598215371, 34.573811085], [-118.598094302, 34.5736984480001], [-118.598155566, 34.573564194], [-118.598169847, 34.573390896], [-118.598247332, 34.573283674], [-118.598192312, 34.5732466380001], [-118.597988061, 34.573231879], [-118.597920988, 34.573156302], [-118.597824489, 34.573034309], [-118.59772, 34.573063], [-118.59684, 34.5731860000001], [-118.596003251, 34.5734341520001], [-118.59584425, 34.5735019900001], [-118.595175, 34.573535], [-118.593916, 34.573473], [-118.593705, 34.573477], [-118.593333972, 34.5735041190001], [-118.593214373, 34.5736419310001], [-118.593275197, 34.5737561660001], [-118.59334295, 34.5739634340001], [-118.593399038, 34.5740721120001], [-118.59346956, 34.5742248810001], [-118.593365179, 34.5743627680001], [-118.593220738, 34.5744789170001], [-118.592998117, 34.574538024], [-118.592819236, 34.5745777590001], [-118.592710521, 34.574642327], [-118.592439389, 34.5748286830001], [-118.592244985, 34.5750401190001], [-118.592093319, 34.5751728500001], [-118.591997426, 34.5753487480001], [-118.591905888, 34.5755072090001], [-118.591808311, 34.5756888660001], [-118.591322946, 34.5756775300001], [-118.591225899, 34.575594552], [-118.5908367, 34.5755922880001], [-118.590693463, 34.5756037200001], [-118.590117422, 34.5755579670001], [-118.589357826, 34.575602867], [-118.588935833, 34.5756238390001], [-118.58859968, 34.575775123], [-118.588413382, 34.575881694], [-118.588307455, 34.5759205250001], [-118.587739279, 34.5760776500001], [-118.587525537, 34.576124239], [-118.58687502, 34.57621856], [-118.58670126, 34.576154328], [-118.586310492, 34.576265242], [-118.585999589, 34.57636454], [-118.585773255, 34.5764282700001], [-118.585568, 34.5766150000001], [-118.583895, 34.5778700000001], [-118.582096, 34.5784390000001], [-118.580376001, 34.578714], [-118.579180348, 34.5793308520001], [-118.578795502, 34.5794079200001], [-118.578365, 34.5793130000001], [-118.577622, 34.5794720000001], [-118.576602389, 34.579388045], [-118.575476, 34.5790490000001], [-118.574946343, 34.5791368600001], [-118.574599, 34.578964], [-118.573054401, 34.579196279], [-118.572738655, 34.579098752], [-118.571898, 34.5790650000001], [-118.570841999, 34.5786220000001], [-118.570413, 34.578946], [-118.569968128, 34.5792632970001], [-118.569852748, 34.5793882080001], [-118.569731268, 34.579472895], [-118.569627701, 34.5794260370001], [-118.5695706, 34.5793932380001], [-118.56896, 34.579277], [-118.568361513, 34.57951796], [-118.568254856, 34.5795169690001], [-118.568180879, 34.5795001970001], [-118.56736, 34.5792440000001], [-118.566566, 34.5793], [-118.565927, 34.5794720000001], [-118.565153, 34.579479], [-118.564401, 34.579371], [-118.56331, 34.579308], [-118.562732138, 34.579577467], [-118.562653677, 34.5796081930001], [-118.561935, 34.5796360000001], [-118.561052526, 34.5801090320001], [-118.560772, 34.580277], [-118.560822, 34.5808020000001], [-118.560646777, 34.5808945950001], [-118.560534444, 34.580931143], [-118.560319773, 34.5810096930001], [-118.560133099, 34.581057001], [-118.560061989, 34.581083586], [-118.559996521, 34.581141503], [-118.559926545, 34.581186593], [-118.559837956, 34.5812527350001], [-118.559792695, 34.581312595], [-118.55976067, 34.5813528520001], [-118.559732613, 34.581407186], [-118.559607976, 34.5814123690001], [-118.559337566, 34.5814010140001], [-118.559223908, 34.5813600010001], [-118.559096315, 34.5812664000001], [-118.558860466, 34.5811241700001], [-118.55862028, 34.5809944000001], [-118.558580032, 34.5809778060001], [-118.558552172, 34.5810221670001], [-118.558363508, 34.5809661390001], [-118.558279816, 34.5809301850001], [-118.558254352, 34.5809444870001], [-118.558199609, 34.580959095], [-118.558135607, 34.580921813], [-118.558054147, 34.5808790230001], [-118.557923288, 34.5808042780001], [-118.557853988, 34.580775099], [-118.557756439, 34.5807087750001], [-118.557734663, 34.5806796570001], [-118.55767541, 34.5806030530001], [-118.557056313, 34.58043056], [-118.556616035, 34.580078911], [-118.556176427, 34.5799327280001], [-118.555763389, 34.57986751], [-118.555463, 34.579735], [-118.555470325, 34.579705662], [-118.555385701, 34.5796481940001], [-118.555339726, 34.5795748250001], [-118.555328379, 34.5795206650001], [-118.555327897, 34.5794539400001], [-118.555344227, 34.5793870800001], [-118.55536109, 34.579287708], [-118.555401387, 34.5792240870001], [-118.555446216, 34.579158776], [-118.555471031, 34.579093632], [-118.555496424, 34.5790058760001], [-118.555527004, 34.5789376330001], [-118.555540345, 34.5788918580001], [-118.555595228, 34.578846846], [-118.555349, 34.578356], [-118.554978, 34.5780070000001], [-118.55399, 34.577797], [-118.553116, 34.5778520000001], [-118.552158, 34.578135], [-118.550927, 34.5781190000001], [-118.550883821, 34.578157505], [-118.551002157, 34.5784497000001], [-118.550912152, 34.5785978590001], [-118.551229248, 34.5788806690001], [-118.551105921, 34.5789903570001], [-118.550936762, 34.5790189350001], [-118.550394, 34.57908], [-118.5496, 34.5790700000001], [-118.549, 34.578243], [-118.54827, 34.5780040000001], [-118.547171, 34.578384], [-118.545978, 34.5784830000001], [-118.545149, 34.5782600000001], [-118.544281324, 34.5778095000001], [-118.544050508, 34.5774286970001], [-118.543754747, 34.5771952380001], [-118.543475716, 34.5770893110001], [-118.542951962, 34.5769868830001], [-118.542217196, 34.5764542570001], [-118.542218396, 34.5763114580001], [-118.542351531, 34.576226933], [-118.542577495, 34.5760781500001], [-118.542991, 34.575838], [-118.543251, 34.575743], [-118.543387943, 34.575744726], [-118.543171747, 34.5752642800001], [-118.543126745, 34.5748568430001], [-118.543711775, 34.574523485], [-118.544386811, 34.5743382860001], [-118.545061846, 34.5740790080001], [-118.545466867, 34.5740419690001], [-118.546051897, 34.5741901270001], [-118.546636928, 34.574523485], [-118.54715833, 34.5745992170001], [-118.547263, 34.5744980000001], [-118.547472, 34.5739590000001], [-118.547355, 34.572777], [-118.547452, 34.571827], [-118.547211, 34.570906], [-118.547339015, 34.570565091], [-118.54643, 34.5701740000001], [-118.54620341, 34.569956313], [-118.54614377, 34.5698347000001], [-118.546054706, 34.5697703170001], [-118.545909008, 34.569754459], [-118.545785021, 34.569785446], [-118.545716536, 34.569934839], [-118.545578109, 34.570081218], [-118.545474123, 34.570140892], [-118.545353378, 34.5702399640001], [-118.545216593, 34.570365166], [-118.545030529, 34.570377222], [-118.544901781, 34.570424277], [-118.544926839, 34.5704861510001], [-118.544756047, 34.5706794380001], [-118.544789337, 34.5708192160001], [-118.544787938, 34.570933186], [-118.544818328, 34.5711684350001], [-118.54486379, 34.5714182580001], [-118.544797168, 34.571522062], [-118.544691136, 34.571575952], [-118.544553878, 34.5715764460001], [-118.544388711, 34.571542347], [-118.544223222, 34.5714444930001], [-118.544093957, 34.5713376940001], [-118.544009555, 34.5712785870001], [-118.543883983, 34.5711682310001], [-118.543797859, 34.5708101650001], [-118.543666774, 34.57074543], [-118.543697781, 34.5698744960001], [-118.544116797, 34.5687823220001], [-118.544540488, 34.568316558], [-118.544746829, 34.5678563280001], [-118.544926839, 34.5669673740001], [-118.544836835, 34.566263619], [-118.545061846, 34.5659673000001], [-118.54533186, 34.5658561810001], [-118.545899417, 34.565604647], [-118.545755959, 34.5654648730001], [-118.545732517, 34.5653608550001], [-118.545899824, 34.5652069340001], [-118.546051605, 34.565185613], [-118.546022216, 34.5647985840001], [-118.545946382, 34.5647735430001], [-118.545882682, 34.5647497750001], [-118.545767842, 34.5647190020001], [-118.545632022, 34.564711028], [-118.545502728, 34.5646848550001], [-118.54542428, 34.564655423], [-118.545323155, 34.564601012], [-118.545321039, 34.5644979370001], [-118.545394988, 34.564404241], [-118.545538832, 34.5642928990001], [-118.545696308, 34.5641677200001], [-118.545196853, 34.5640412330001], [-118.544926839, 34.563744915], [-118.546933772, 34.562616296], [-118.5477919, 34.5625186600001], [-118.548507808, 34.5618862540001], [-118.548631464, 34.561499886], [-118.547932252, 34.5610641060001], [-118.547662305, 34.560526193], [-118.546763475, 34.561110709], [-118.545334468, 34.56150432], [-118.544876357, 34.561461018], [-118.544338185, 34.561365062], [-118.5439381, 34.5611466060001], [-118.543167419, 34.5604392540001], [-118.542608003, 34.5592539300001], [-118.542403624, 34.558754197], [-118.541903462, 34.5575140440001], [-118.541609801, 34.556720698], [-118.54108298, 34.555926463], [-118.540348224, 34.5548450810001], [-118.540328573, 34.554562735], [-118.540330241, 34.554549337], [-118.540278215, 34.554445408], [-118.540292629, 34.5543074730001], [-118.540238853, 34.554203853], [-118.540214977, 34.5541210700001], [-118.540237849, 34.554033971], [-118.540258738, 34.5539241340001], [-118.540282487, 34.553830266], [-118.540317908, 34.553699158], [-118.540359571, 34.553604491], [-118.540446074, 34.5534712560001], [-118.540519888, 34.553413983], [-118.540684678, 34.5533189180001], [-118.54093563, 34.553036423], [-118.540986482, 34.5530158450001], [-118.54109996, 34.5528449560001], [-118.541184213, 34.5527385940001], [-118.541266088, 34.5526597040001], [-118.541397146, 34.5525353470001], [-118.541485581, 34.55243563], [-118.54159666, 34.552374367], [-118.541711791, 34.5522634640001], [-118.541819502, 34.552158278], [-118.541935695, 34.552065127], [-118.542082181, 34.551991795], [-118.54212618, 34.5519270450001], [-118.542199816, 34.55187341], [-118.542200041, 34.5518661040001], [-118.542216297, 34.5518614050001], [-118.542454682, 34.5516877680001], [-118.542540113, 34.5516217370001], [-118.542827363, 34.5513991060001], [-118.542871821, 34.5513962250001], [-118.54296395, 34.551274172], [-118.543222934, 34.5510918150001], [-118.543321726, 34.5510021640001], [-118.543406945, 34.5509372490001], [-118.543506145, 34.550878493], [-118.54357425, 34.55083331], [-118.543671401, 34.5507544290001], [-118.543730384, 34.5507072720001], [-118.543931936, 34.5505440640001], [-118.544017203, 34.5504802660001], [-118.544141424, 34.550388297], [-118.544323702, 34.550247842], [-118.54453769, 34.550243353], [-118.544636635, 34.5501612890001], [-118.544817591, 34.5500024950001], [-118.545004444, 34.549883204], [-118.545172419, 34.5497596770001], [-118.545543979, 34.549437981], [-118.546672, 34.5485780000001], [-118.546996586, 34.548275706], [-118.547593, 34.548147], [-118.548572, 34.547766], [-118.549773, 34.5472070000001], [-118.550877, 34.5464830000001], [-118.552221, 34.545713], [-118.552370577, 34.545672025], [-118.552605686, 34.545518563], [-118.552956991, 34.5453482670001], [-118.553311603, 34.5451303340001], [-118.553579628, 34.544973783], [-118.553962374, 34.5447782520001], [-118.554267838, 34.544636247], [-118.554557125, 34.5444197740001], [-118.554932368, 34.5442782580001], [-118.555163768, 34.54425909], [-118.555372, 34.5437680000001], [-118.555181099, 34.543490192], [-118.555140972, 34.5433732720001], [-118.554940701, 34.543375456], [-118.554759369, 34.543382245], [-118.554572347, 34.5433629190001], [-118.554483353, 34.5433090990001], [-118.554312335, 34.5432293800001], [-118.554207201, 34.5431297960001], [-118.5541228, 34.5429895780001], [-118.554025154, 34.5428376630001], [-118.553978816, 34.5426837360001], [-118.553988171, 34.5425313470001], [-118.554043412, 34.5424536350001], [-118.554113349, 34.5424742480001], [-118.554393077, 34.542399242], [-118.554548723, 34.5423094600001], [-118.554500197, 34.5422226580001], [-118.554549685, 34.5420833860001], [-118.554605627, 34.541916594], [-118.554613972, 34.541787271], [-118.554676546, 34.5415994580001], [-118.554675749, 34.5414901880001], [-118.554481254, 34.541420396], [-118.554446207, 34.5413356080001], [-118.554599256, 34.541243674], [-118.554987414, 34.5409625710001], [-118.555081134, 34.5408236270001], [-118.555170907, 34.540789352], [-118.555382843, 34.5407459190001], [-118.55549592, 34.5407516020001], [-118.555613809, 34.5408040080001], [-118.555669173, 34.5408642670001], [-118.555736044, 34.540921858], [-118.555948368, 34.5407708170001], [-118.556062, 34.5407260000001], [-118.556751, 34.539948], [-118.557229202, 34.5394997490001], [-118.557646867, 34.5391886], [-118.558069557, 34.539033294], [-118.558411139, 34.538739349], [-118.558574693, 34.5383299640001], [-118.558733888, 34.5379205360001], [-118.558936511, 34.5372027770001], [-118.558985142, 34.536810277], [-118.55882, 34.5360640000001], [-118.559189, 34.535471], [-118.559476715, 34.5348857290001], [-118.559532721, 34.5343981660001], [-118.559526816, 34.534247726], [-118.559058048, 34.5331693680001], [-118.559648, 34.5326010000001], [-118.559932, 34.5316980000001], [-118.560265, 34.530849], [-118.560316, 34.5307290000001], [-118.560675007, 34.5301446330001], [-118.560543691, 34.530035716], [-118.560438439, 34.529973388], [-118.560333918, 34.5297032390001], [-118.560452384, 34.529580396], [-118.560961106, 34.529302482], [-118.561131415, 34.5291920070001], [-118.561958, 34.5289290000001], [-118.562856, 34.5273550000001], [-118.563020707, 34.5266851170001], [-118.562972091, 34.5266068340001], [-118.562860277, 34.5263880630001], [-118.562819126, 34.526188775], [-118.562838018, 34.5260293690001], [-118.562948771, 34.525929332], [-118.563050015, 34.5257360480001], [-118.563213516, 34.525609081], [-118.56327613, 34.5254147590001], [-118.563272739, 34.5252804620001], [-118.563263935, 34.5252331470001], [-118.563233045, 34.5251238330001], [-118.563222342, 34.5250362300001], [-118.563258245, 34.524992845], [-118.563402448, 34.524778584], [-118.563528648, 34.5246836750001], [-118.563630699, 34.524623127], [-118.563768183, 34.5245154630001], [-118.563866911, 34.5244718450001], [-118.564010646, 34.5244078420001], [-118.564124427, 34.5243848870001], [-118.564307953, 34.524311848], [-118.564469481, 34.5242891510001], [-118.564588008, 34.52420434], [-118.564665214, 34.524112856], [-118.56478061, 34.5240392630001], [-118.564860294, 34.5239922310001], [-118.564952971, 34.5239215340001], [-118.565044009, 34.5238191880001], [-118.565101952, 34.5236780810001], [-118.565118097, 34.5236131090001], [-118.56516309, 34.5235332840001], [-118.565263095, 34.523498095], [-118.565357437, 34.523459958], [-118.56546317, 34.523392363], [-118.565500996, 34.5233150870001], [-118.565948, 34.5225360000001], [-118.56616, 34.5221980000001], [-118.566919, 34.5218550000001], [-118.567092, 34.5214720000001], [-118.567169598, 34.521245374], [-118.567563353, 34.5209549300001], [-118.567787927, 34.5206359210001], [-118.567788269, 34.5204571410001], [-118.567836801, 34.520269285], [-118.567964, 34.520162], [-118.568570859, 34.5197369100001], [-118.568781965, 34.519687751], [-118.569226338, 34.5196060440001], [-118.569451978, 34.5194139720001], [-118.569436296, 34.5192338040001], [-118.569877, 34.5186110000001], [-118.570222639, 34.5181067340001], [-118.570351473, 34.517678201], [-118.570799, 34.516983], [-118.570903902, 34.5166412730001], [-118.571330499, 34.5160877930001], [-118.571576994, 34.5160962690001], [-118.571625595, 34.5161333090001], [-118.571700243, 34.5161141620001], [-118.571939707, 34.516110987], [-118.572107542, 34.5160837940001], [-118.572204137, 34.516039042], [-118.572293433, 34.5160860920001], [-118.572369527, 34.5161575490001], [-118.572405151, 34.516271379], [-118.572345598, 34.516379043], [-118.572371609, 34.516433567], [-118.572478255, 34.516485576], [-118.572635776, 34.5166203520001], [-118.572833451, 34.516647108], [-118.57314406, 34.516561154], [-118.573435055, 34.5157282100001], [-118.573188, 34.5153560000001], [-118.573341, 34.5146030000001], [-118.573585822, 34.5144298330001], [-118.57366072, 34.514283414], [-118.573709512, 34.51419143], [-118.573806011, 34.514056393], [-118.573879969, 34.5139136810001], [-118.574007828, 34.5137306290001], [-118.574191953, 34.513596593], [-118.574263616, 34.513448544], [-118.574422645, 34.5132596730001], [-118.574532573, 34.512943712], [-118.574501282, 34.512736482], [-118.57455682, 34.5125595910001], [-118.574578289, 34.512439629], [-118.574675566, 34.5121558370001], [-118.574619552, 34.5120638130001], [-118.574737797, 34.5118915400001], [-118.57498535, 34.5117151480001], [-118.575219763, 34.5115598680001], [-118.575400009, 34.5113493370001], [-118.575589524, 34.5109266970001], [-118.575759195, 34.5107196120001], [-118.575919947, 34.5105839760001], [-118.576049331, 34.510505833], [-118.576232702, 34.510415876], [-118.576461582, 34.510332819], [-118.576802806, 34.5103682440001], [-118.576944811, 34.510336135], [-118.577107829, 34.510212058], [-118.577241966, 34.5100649240001], [-118.577287058, 34.509916262], [-118.577537994, 34.509743907], [-118.577565, 34.509145], [-118.577796, 34.508426], [-118.577829, 34.507705], [-118.578305001, 34.5065960000001], [-118.578418, 34.505843], [-118.578868001, 34.505077], [-118.578943001, 34.5042260000001], [-118.578858, 34.5034370000001], [-118.579185, 34.502933], [-118.580328, 34.502193], [-118.581008, 34.501873], [-118.58110178, 34.5018663920001], [-118.581164967, 34.5016655110001], [-118.582021715, 34.5012195240001], [-118.582553614, 34.5009834630001], [-118.582597242, 34.500899739], [-118.582657934, 34.500828816], [-118.58270551, 34.500727736], [-118.582793799, 34.5006902760001], [-118.582901557, 34.5006862700001], [-118.583048539, 34.500719528], [-118.58320743, 34.500745167], [-118.583365018, 34.5006679620001], [-118.583777579, 34.500466283], [-118.583709702, 34.5002232140001], [-118.58367691, 34.5000526910001], [-118.583758416, 34.4999200020001], [-118.583829465, 34.499768422], [-118.583926685, 34.4996695830001], [-118.584141038, 34.499324082], [-118.584727232, 34.499101088], [-118.585313428, 34.498692267], [-118.585448704, 34.4983949430001], [-118.585764347, 34.4983949430001], [-118.586108245, 34.4983819130001], [-118.586729, 34.4979910000001], [-118.587031056, 34.497655566], [-118.586929603, 34.4975421300001], [-118.586954375, 34.4974033400001], [-118.586943551, 34.497247304], [-118.586990066, 34.497105805], [-118.587113036, 34.496938232], [-118.587299541, 34.496735104], [-118.587475249, 34.4966355930001], [-118.587650907, 34.496581807], [-118.58765821, 34.4965366650001], [-118.588199314, 34.496053514], [-118.588469759, 34.4956630350001], [-118.589006231, 34.495239111], [-118.588695325, 34.4948642160001], [-118.587973854, 34.4940837390001], [-118.587522935, 34.4933404290001], [-118.586936739, 34.492968773], [-118.586981831, 34.4925599520001], [-118.58765821, 34.492039635], [-118.588018946, 34.4915564820001], [-118.588605141, 34.4912219930001], [-118.588785509, 34.4907388400001], [-118.589416797, 34.4898840330001], [-118.590273545, 34.48966104], [-118.59085974, 34.48932655], [-118.591040108, 34.4890292260001], [-118.591851763, 34.4882859140001], [-118.592212499, 34.4879514250001], [-118.592933971, 34.4875054390001], [-118.59315943, 34.4872081140001], [-118.59293397, 34.4860188160001], [-118.592663419, 34.485312671], [-118.592843786, 34.4846436920001], [-118.593005618, 34.48436717], [-118.593706165, 34.4838085640001], [-118.593520166, 34.483380063], [-118.593024154, 34.4825624210001], [-118.592573235, 34.4818934410001], [-118.592790615, 34.481742829], [-118.592812066, 34.4815726580001], [-118.592796745, 34.4815071020001], [-118.592768166, 34.481415435], [-118.592770482, 34.4813806170001], [-118.592773016, 34.481309637], [-118.592786508, 34.4812413110001], [-118.592852014, 34.4811406270001], [-118.59285339, 34.4810871770001], [-118.592865491, 34.4810446830001], [-118.592879698, 34.481015816], [-118.592910137, 34.48098895], [-118.592965755, 34.4809556810001], [-118.593001396, 34.4809268280001], [-118.593052272, 34.4808999790001], [-118.593100672, 34.4808741160001], [-118.593151877, 34.480862453], [-118.593187392, 34.480851698], [-118.593225569, 34.480834015], [-118.59338489, 34.4807041440001], [-118.593482117, 34.480669671], [-118.593880902, 34.4806298120001], [-118.593920522, 34.480634477], [-118.59401774, 34.4805798960001], [-118.59411267, 34.480548389], [-118.594149368, 34.4805333800001], [-118.59431682, 34.4804567040001], [-118.594512764, 34.4803778020001], [-118.594596944, 34.4802974890001], [-118.594683048, 34.480213115], [-118.594759961, 34.4801672730001], [-118.594889299, 34.480148146], [-118.594986408, 34.480142148], [-118.595090331, 34.4801310440001], [-118.595205347, 34.48010544], [-118.595271041, 34.480111772], [-118.595458797, 34.480182789], [-118.595675889, 34.480233394], [-118.595723895, 34.4802658200001], [-118.595907136, 34.4802869380001], [-118.595992109, 34.480290278], [-118.596077352, 34.4802867940001], [-118.596225156, 34.4802760690001], [-118.596372365, 34.4802531190001], [-118.596532039, 34.4801860490001], [-118.596630911, 34.4801759860001], [-118.596785335, 34.4801670420001], [-118.596918673, 34.4801544530001], [-118.597062772, 34.480142507], [-118.597205591, 34.480133165], [-118.597273489, 34.480159325], [-118.597394323, 34.4801662780001], [-118.597472921, 34.480176837], [-118.597524491, 34.48017538], [-118.597617755, 34.4801131200001], [-118.597755265, 34.480052974], [-118.597847759, 34.4800101480001], [-118.59791768, 34.4800012950001], [-118.598050907, 34.4799672950001], [-118.598192201, 34.479956133], [-118.598251728, 34.4799450140001], [-118.598324142, 34.4799505840001], [-118.598448606, 34.479944932], [-118.598585321, 34.479934363], [-118.598659556, 34.479902575], [-118.598729993, 34.479878781], [-118.598854412, 34.4798586480001], [-118.598881607, 34.479836231], [-118.5989088, 34.4798239680001], [-118.598943906, 34.4798187010001], [-118.598959914, 34.479819148], [-118.5990048, 34.479819961], [-118.599033186, 34.4798198060001], [-118.599069594, 34.479816645], [-118.599095679, 34.479816037], [-118.599135162, 34.479811505], [-118.599201424, 34.47981873], [-118.599235923, 34.479818175], [-118.599235724, 34.479840037], [-118.599742857, 34.4798121700001], [-118.600058501, 34.4795520120001], [-118.60019954, 34.479544746], [-118.60037442, 34.479486228], [-118.600481713, 34.479439578], [-118.600555345, 34.4793869580001], [-118.60065617, 34.47933951], [-118.600795107, 34.47928555], [-118.600928573, 34.479252892], [-118.601110141, 34.4792084150001], [-118.601268982, 34.4791934740001], [-118.601387156, 34.4791751820001], [-118.601546534, 34.4791767500001], [-118.601715939, 34.479175603], [-118.601886347, 34.4792223590001], [-118.602084282, 34.479229833], [-118.602184575, 34.479239696], [-118.602273326, 34.4792751420001], [-118.602445564, 34.479301246], [-118.602632941, 34.47934959], [-118.602755994, 34.4793595080001], [-118.602909403, 34.4794120230001], [-118.602961736, 34.4794628810001], [-118.603372568, 34.479423044], [-118.603474808, 34.47935375], [-118.60365068, 34.479301896], [-118.603774223, 34.4792561300001], [-118.60388686, 34.4792510070001], [-118.603994398, 34.479273226], [-118.604054724, 34.479292742], [-118.604171894, 34.4793204200001], [-118.604242854, 34.479338693], [-118.60435257, 34.4793630250001], [-118.604474441, 34.47936845], [-118.604639427, 34.479379653], [-118.604721452, 34.479397691], [-118.604816381, 34.479387581], [-118.604990334, 34.479376318], [-118.605137068, 34.4793946340001], [-118.605213376, 34.479399577], [-118.605283163, 34.479458628], [-118.605372509, 34.479508009], [-118.605414322, 34.4795751300001], [-118.605460095, 34.4796469280001], [-118.605508081, 34.4796828250001], [-118.605590355, 34.4797436280001], [-118.605678016, 34.4798171360001], [-118.605824217, 34.479897389], [-118.605978535, 34.479995414], [-118.606155062, 34.4800999], [-118.606134193, 34.4801310190001], [-118.606144086, 34.480137176], [-118.606211131, 34.4802936950001], [-118.606133137, 34.4805058420001], [-118.605965549, 34.4810757990001], [-118.605787618, 34.481378985], [-118.605713541, 34.4815986350001], [-118.605637086, 34.481745344], [-118.605598027, 34.481956559], [-118.605512197, 34.4821004830001], [-118.605502435, 34.482264107], [-118.60547235, 34.4823513640001], [-118.605435408, 34.4824553490001], [-118.60538569, 34.4826323200001], [-118.605327571, 34.482680493], [-118.605269386, 34.482748257], [-118.605202864, 34.4828141890001], [-118.605128224, 34.4828744370001], [-118.60507505, 34.482923724], [-118.605021283, 34.482912836], [-118.605018617, 34.482934076], [-118.604793158, 34.4831570700001], [-118.604477514, 34.483194235], [-118.603350215, 34.4828225800001], [-118.602899296, 34.4830827380001], [-118.602358191, 34.4833057320001], [-118.601952364, 34.4833428970001], [-118.601952364, 34.4840118770001], [-118.60208764, 34.4845321940001], [-118.601636721, 34.4848295190001], [-118.601275985, 34.485052513], [-118.600870157, 34.4854241670001], [-118.600599606, 34.486241809], [-118.600329053, 34.486390472], [-118.599607582, 34.4862046440001], [-118.599201754, 34.486390472], [-118.598570467, 34.4870222860001], [-118.598345007, 34.4875054390001], [-118.598119547, 34.487728432], [-118.598057775, 34.4879066280001], [-118.59850111, 34.488163866], [-118.598831835, 34.488178621], [-118.599152482, 34.4881742250001], [-118.599357338, 34.488149277], [-118.599559299, 34.4882022040001], [-118.599654181, 34.488377751], [-118.599608438, 34.488526187], [-118.599537244, 34.48868665], [-118.599923225, 34.489252219], [-118.600044622, 34.4897525060001], [-118.600217672, 34.4896597470001], [-118.600589574, 34.489625356], [-118.600822631, 34.48959691], [-118.600913905, 34.4895948710001], [-118.601096753, 34.4896840600001], [-118.601246894, 34.489744226], [-118.601397115, 34.4897392550001], [-118.601627377, 34.489681352], [-118.601933932, 34.489551792], [-118.601979484, 34.4895391790001], [-118.60219399, 34.489447408], [-118.602293947, 34.489403012], [-118.602402783, 34.48935821], [-118.602555448, 34.4892814300001], [-118.602726864, 34.4891710580001], [-118.602888081, 34.489070444], [-118.602935718, 34.4890354410001], [-118.603033926, 34.4889692140001], [-118.603112838, 34.488910257], [-118.603208389, 34.48881663], [-118.603282581, 34.4887470960001], [-118.603419882, 34.4886229090001], [-118.603655983, 34.4884576810001], [-118.603775092, 34.488408582], [-118.603867693, 34.488362813], [-118.603914744, 34.488286713], [-118.603944891, 34.488218182], [-118.603960925, 34.4881414710001], [-118.603936706, 34.488033391], [-118.603909474, 34.4879309410001], [-118.603899714, 34.4878053470001], [-118.603915241, 34.4876507180001], [-118.603965161, 34.4874699580001], [-118.604077887, 34.4872907110001], [-118.604025452, 34.4871592900001], [-118.604121675, 34.4869980340001], [-118.604390945, 34.4867543820001], [-118.604537762, 34.4868629040001], [-118.604690009, 34.487015076], [-118.604840094, 34.4872019380001], [-118.60489116, 34.487254046], [-118.605469538, 34.4867621270001], [-118.606371378, 34.4865763], [-118.60686739, 34.4865763], [-118.607183032, 34.487170948], [-118.607409763, 34.4876474490001], [-118.607074904, 34.4879056], [-118.606790922, 34.488146439], [-118.606312674, 34.488209984], [-118.60637009, 34.488606469], [-118.606400135, 34.4889052390001], [-118.606296337, 34.488882092], [-118.605689069, 34.4888151220001], [-118.6055955, 34.4895193880001], [-118.605672553, 34.490185669], [-118.605608313, 34.490576377], [-118.6057121, 34.491702993], [-118.609468149, 34.489966333], [-118.609679073, 34.4896281920001], [-118.609791739, 34.4889635580001], [-118.60996937, 34.4881924960001], [-118.609746199, 34.4877635660001], [-118.609601251, 34.487528228], [-118.609372967, 34.487094606], [-118.609189947, 34.486907896], [-118.609027051, 34.486848949], [-118.608944828, 34.486676421], [-118.608939979, 34.4863696830001], [-118.608881038, 34.4862223980001], [-118.608888552, 34.4860660200001], [-118.608951017, 34.485798733], [-118.608962661, 34.48565884], [-118.609167079, 34.4855356640001], [-118.609753275, 34.48557283], [-118.609898742, 34.4861123640001], [-118.610636, 34.485958], [-118.61195, 34.485958], [-118.612214812, 34.4869581450001], [-118.612353, 34.4879320000001], [-118.612523001, 34.4890520000001], [-118.612523128, 34.4891152880001], [-118.612783894, 34.489120029], [-118.612919103, 34.4891355600001], [-118.613052265, 34.489127792], [-118.6131038, 34.48921956], [-118.613041734, 34.4893250550001], [-118.612968064, 34.489400738], [-118.612886582, 34.489474327], [-118.612768624, 34.4895403410001], [-118.612644854, 34.489550584], [-118.612542162, 34.489562902], [-118.612524044, 34.4895703190001], [-118.612524468, 34.4897808480001], [-118.612578318, 34.4898393940001], [-118.612624305, 34.489971859], [-118.612657478, 34.4900616690001], [-118.612676456, 34.4901523190001], [-118.612643459, 34.4901951460001], [-118.612576749, 34.490247536], [-118.612552874, 34.4902949030001], [-118.612499599, 34.4903211610001], [-118.612431, 34.491067], [-118.612789, 34.492332], [-118.612778582, 34.4929226830001], [-118.612938435, 34.4929116640001], [-118.613115182, 34.492928894], [-118.613257239, 34.4929086590001], [-118.61354622, 34.492855182], [-118.613674725, 34.4928244050001], [-118.613858045, 34.492819393], [-118.613989334, 34.492853317], [-118.613926696, 34.4928950410001], [-118.613697742, 34.4929865120001], [-118.613438081, 34.4930334110001], [-118.613262575, 34.493051962], [-118.613319507, 34.493115118], [-118.613284111, 34.4932404960001], [-118.61336518, 34.4933070490001], [-118.613309222, 34.4934246540001], [-118.613336972, 34.4935350320001], [-118.613255684, 34.493566302], [-118.613222554, 34.493658447], [-118.613204013, 34.4937684180001], [-118.613366111, 34.493861209], [-118.613444515, 34.493902747], [-118.613659367, 34.4939077170001], [-118.613828568, 34.493883102], [-118.613889123, 34.4939206770001], [-118.613860827, 34.494065656], [-118.613910126, 34.494234712], [-118.613920097, 34.494395384], [-118.614087839, 34.4944900190001], [-118.614229217, 34.494472429], [-118.614127051, 34.4943532500001], [-118.614132456, 34.4942367290001], [-118.614140887, 34.4941917900001], [-118.614162687, 34.494066554], [-118.61419799, 34.493917937], [-118.61420786, 34.4938660970001], [-118.614262354, 34.49370327], [-118.614286472, 34.4936412960001], [-118.614315207, 34.493590383], [-118.614364767, 34.49345061], [-118.614423871, 34.4933109510001], [-118.614464557, 34.493235892], [-118.614534427, 34.4931580520001], [-118.614649489, 34.4931495060001], [-118.614704345, 34.4931947790001], [-118.614805027, 34.4933263300001], [-118.615027838, 34.4931413100001], [-118.615031582, 34.493197298], [-118.615099106, 34.4931871740001], [-118.615149674, 34.4932344160001], [-118.615145084, 34.493301439], [-118.615136436, 34.4933480450001], [-118.615161701, 34.4933912280001], [-118.615237498, 34.4934026490001], [-118.615297016, 34.493385587], [-118.615360036, 34.4933421850001], [-118.61535723, 34.4932284860001], [-118.615381808, 34.4931293070001], [-118.615625975, 34.4930185420001], [-118.615745896, 34.4930304850001], [-118.615993852, 34.493001457], [-118.616371084, 34.493048893], [-118.61659492, 34.4930506210001], [-118.616750226, 34.4931331820001], [-118.616787576, 34.4932433490001], [-118.616833893, 34.493358287], [-118.616834331, 34.4935388100001], [-118.616856133, 34.4937357790001], [-118.616855828, 34.493943847], [-118.616780529, 34.494245348], [-118.616553808, 34.49445466], [-118.616314465, 34.4946122490001], [-118.616049384, 34.4947480210001], [-118.61593692, 34.4948433700001], [-118.615672236, 34.4949571880001], [-118.615477276, 34.4950661570001], [-118.615337091, 34.495161039], [-118.615151497, 34.4952127080001], [-118.614748534, 34.4955346180001], [-118.614364749, 34.4956013440001], [-118.613992319, 34.495771097], [-118.613733946, 34.4958926630001], [-118.613387634, 34.495934592], [-118.613251492, 34.4960023040001], [-118.612684253, 34.4963508370001], [-118.612278424, 34.4965366650001], [-118.611737321, 34.496573831], [-118.611331493, 34.496908321], [-118.611151126, 34.4970941490001], [-118.611151126, 34.497242811], [-118.611110574, 34.4972922310001], [-118.611069186, 34.4974137290001], [-118.610602184, 34.497474289], [-118.610584, 34.497487], [-118.609199, 34.4983050000001], [-118.608517, 34.499148], [-118.608499291, 34.4991872200001], [-118.608165568, 34.4998460510001], [-118.60779132, 34.500132482], [-118.607309067, 34.5005404820001], [-118.606596837, 34.5015540140001], [-118.606547869, 34.5015613530001], [-118.606559, 34.5021800000001], [-118.606391, 34.503044], [-118.60681, 34.5041360000001], [-118.606852, 34.504987], [-118.60661, 34.5057400000001], [-118.607119, 34.5071320000001], [-118.607145, 34.507794], [-118.607193, 34.5082830000001], [-118.607158999, 34.5091650000001], [-118.60736, 34.5096080000001], [-118.607470687, 34.510106631], [-118.607732563, 34.510508546], [-118.607859412, 34.510696738], [-118.607859412, 34.5109197310001], [-118.607498676, 34.5108825660001], [-118.60742932, 34.5108254020001], [-118.606897067, 34.510065277], [-118.606817219, 34.509971056], [-118.606606517, 34.510013648], [-118.606237409, 34.5101523270001], [-118.606292068, 34.510357996], [-118.606182206, 34.5107540130001], [-118.605449626, 34.511136073], [-118.605298781, 34.511206348], [-118.606208875, 34.512851789], [-118.606056108, 34.5130946190001], [-118.605847012, 34.513232407], [-118.605837549, 34.5133650600001], [-118.605733519, 34.5134396020001], [-118.605465482, 34.513573023], [-118.605153894, 34.513558485], [-118.605147107, 34.5135832730001], [-118.605213688, 34.513852548], [-118.605356239, 34.5140948280001], [-118.605511502, 34.514330527], [-118.605673656, 34.5144633210001], [-118.605906636, 34.5146141700001], [-118.606132817, 34.514633868], [-118.606318122, 34.5147457580001], [-118.606478118, 34.514867151], [-118.606360732, 34.515169933], [-118.606307973, 34.51532776], [-118.606256611, 34.515454434], [-118.606202764, 34.5155614380001], [-118.606116617, 34.5157035980001], [-118.605991294, 34.51584139], [-118.605872227, 34.515966082], [-118.605921344, 34.5156015220001], [-118.606019272, 34.5153481300001], [-118.606034989, 34.515214197], [-118.605982762, 34.515120306], [-118.605809963, 34.515003349], [-118.605508029, 34.5149114980001], [-118.605350972, 34.514883168], [-118.605264012, 34.5149672090001], [-118.605194098, 34.5150990270001], [-118.6051345, 34.5152535030001], [-118.605050614, 34.515397007], [-118.604977031, 34.515578916], [-118.604824291, 34.5157768060001], [-118.604723751, 34.515937218], [-118.604612733, 34.5160982560001], [-118.604515409, 34.516241574], [-118.604426745, 34.5163679500001], [-118.604342844, 34.5165438490001], [-118.604238415, 34.5167219620001], [-118.604081968, 34.5169587070001], [-118.604037923, 34.517041314], [-118.603834611, 34.5170431970001], [-118.603618072, 34.5171115150001], [-118.603318106, 34.5171091240001], [-118.60322822, 34.517113147], [-118.603032723, 34.5170140120001], [-118.602856951, 34.5169947950001], [-118.602813185, 34.5169860030001], [-118.602696995, 34.516974261], [-118.602625461, 34.5169898610001], [-118.602477533, 34.517033144], [-118.602390692, 34.517077661], [-118.602205051, 34.5171206160001], [-118.60207666, 34.517179019], [-118.601954221, 34.5171294450001], [-118.601854251, 34.5170935690001], [-118.601850044, 34.5170088350001], [-118.601762001, 34.5170220000001], [-118.599706466, 34.516077325], [-118.599706467, 34.5162518760001], [-118.599317657, 34.516465393], [-118.598955308, 34.516380113], [-118.598754, 34.5169690000001], [-118.598743, 34.5175520000001], [-118.599055, 34.518217], [-118.599481, 34.5189310000001], [-118.59935, 34.519843], [-118.599621, 34.52065], [-118.599233434, 34.521087026], [-118.599317657, 34.521322905], [-118.598993648, 34.5217499390001], [-118.598280831, 34.5218566980001], [-118.597373609, 34.521963456], [-118.596725593, 34.522123594], [-118.596271982, 34.521963456], [-118.596001861, 34.521607445], [-118.594397027, 34.521468908], [-118.594263133, 34.521910077], [-118.594003927, 34.5223371110001], [-118.593550316, 34.522550628], [-118.592967102, 34.522657387], [-118.592254285, 34.5228175250001], [-118.591735872, 34.5228175250001], [-118.59150255, 34.523041752], [-118.591835999, 34.523563], [-118.591877, 34.524414], [-118.591865474, 34.5246857990001], [-118.591800674, 34.525112833], [-118.591282261, 34.5254331080001], [-118.590763849, 34.5254864880001], [-118.590245436, 34.5254331080001], [-118.590057673, 34.525521489], [-118.589847, 34.526122], [-118.589238083, 34.5261792540001], [-118.588763, 34.526014], [-118.587679, 34.5248350000001], [-118.586807, 34.5246040000001], [-118.585442287, 34.5236510610001], [-118.585320517, 34.52388511], [-118.584716082, 34.5242834250001], [-118.584777083, 34.5244700810001], [-118.58506131, 34.5248993160001], [-118.584866905, 34.525166212], [-118.584542897, 34.5254331080001], [-118.584154088, 34.5253797290001], [-118.583700477, 34.525112833], [-118.583506072, 34.525166212], [-118.58312253, 34.5250257960001], [-118.583006, 34.525203], [-118.583606, 34.525698], [-118.584419, 34.5260240000001], [-118.585136, 34.5264260000001], [-118.585141, 34.527182], [-118.585478, 34.5275330000001], [-118.586552, 34.527137], [-118.587365, 34.5274460000001], [-118.587925, 34.5281140000001], [-118.587853, 34.528917], [-118.587711, 34.529388], [-118.58723982, 34.5296963270001], [-118.587329365, 34.5302372420001], [-118.587264563, 34.530557517], [-118.587005357, 34.530504138], [-118.586616548, 34.5303440000001], [-118.58618472, 34.5303084290001], [-118.586165, 34.5306130000001], [-118.586403, 34.5311830000001], [-118.587076, 34.5319000000001], [-118.586836163, 34.53218323], [-118.586940556, 34.532372412], [-118.586810952, 34.532639309], [-118.586422143, 34.532639309], [-118.586227738, 34.532425792], [-118.586152427, 34.532146627], [-118.586138, 34.53214], [-118.58475, 34.531982], [-118.584892, 34.532582], [-118.58501, 34.5333870000001], [-118.585084688, 34.533639518], [-118.585255715, 34.533760273], [-118.585126112, 34.5341339280001], [-118.584737302, 34.534347445], [-118.583959683, 34.5341339280001], [-118.583311668, 34.5341339280001], [-118.583052462, 34.5347211000001], [-118.582728453, 34.5350947540001], [-118.582404445, 34.5352548920001], [-118.581950834, 34.535468409], [-118.581432422, 34.535468409], [-118.580849208, 34.535628547], [-118.5805252, 34.5359488230001], [-118.579682779, 34.536269098], [-118.579423573, 34.53616234], [-118.579164367, 34.53616234], [-118.578645954, 34.5365893740001], [-118.577933137, 34.5369096490001], [-118.577349923, 34.537336683], [-118.57683151, 34.537336683], [-118.576313098, 34.537496821], [-118.575859487, 34.5376569590001], [-118.575276272, 34.5375502000001], [-118.575017066, 34.53685627], [-118.574628257, 34.5369096490001], [-118.574045043, 34.5370697870001], [-118.573461829, 34.5370697870001], [-118.573120989, 34.537088505], [-118.573358, 34.5371960000001], [-118.574211, 34.537427], [-118.574501, 34.5382690000001], [-118.574851, 34.5383200000001], [-118.574825, 34.5386960000001], [-118.574475, 34.539274], [-118.574928, 34.539413], [-118.575248, 34.5390760000001], [-118.575675, 34.539022], [-118.575897, 34.5386540000001], [-118.576396, 34.538958], [-118.576789, 34.5384470000001], [-118.577038, 34.538195], [-118.577806, 34.538346], [-118.579056, 34.538166], [-118.579225, 34.5381350000001], [-118.579858, 34.5380950000001], [-118.5801, 34.5383660000001], [-118.58018, 34.539249]]], [[[-118.595098385, 34.479477681], [-118.595008201, 34.4792175210001], [-118.594647466, 34.479254688], [-118.59428673, 34.479254688], [-118.594016179, 34.4792918530001], [-118.593745626, 34.478660039], [-118.593880902, 34.4782140520001], [-118.593925994, 34.47806539], [-118.593790718, 34.4775079070001], [-118.593700534, 34.4772849130001], [-118.593655442, 34.47672743], [-118.593700534, 34.476578768], [-118.594196546, 34.476318609], [-118.59451219, 34.475798292], [-118.594963109, 34.475389471], [-118.595504213, 34.4758354570001], [-118.595585232, 34.4760333070001], [-118.595748959, 34.47593756], [-118.595944113, 34.4759111920001], [-118.596144963, 34.4759087510001], [-118.596335758, 34.475867769], [-118.596454609, 34.475825286], [-118.596735671, 34.476070834], [-118.596684513, 34.476184932], [-118.596721696, 34.4764301060001], [-118.596721696, 34.4766159340001], [-118.597082431, 34.476653099], [-118.597127523, 34.4769504230001], [-118.596902063, 34.4770247550001], [-118.596902063, 34.477247748], [-118.597398076, 34.4774335760001], [-118.5975717, 34.477525009], [-118.597443167, 34.477805231], [-118.597037339, 34.478176886], [-118.597307891, 34.4784370460001], [-118.597172615, 34.4788087000001], [-118.596947155, 34.47906886], [-118.596451144, 34.4792175210001], [-118.596406052, 34.479477681], [-118.595955132, 34.4797006740001], [-118.595594397, 34.4797378390001], [-118.595414029, 34.480035163], [-118.594963109, 34.4798121700001], [-118.595098385, 34.479477681]]], [[[-118.61917766, 34.5703900090001], [-118.619247787, 34.5703404390001], [-118.619390294, 34.5704215150001], [-118.619401758, 34.5704763460001], [-118.619442161, 34.5705643060001], [-118.61940434, 34.570568919], [-118.619311971, 34.5705134400001], [-118.619251296, 34.570462337], [-118.619186367, 34.570425517], [-118.61917766, 34.5703900090001]]], [[[-118.615360444, 34.5714704010001], [-118.615396723, 34.571453993], [-118.615450985, 34.5714583610001], [-118.61547335, 34.5715814610001], [-118.615384634, 34.5715889700001], [-118.615339296, 34.571546459], [-118.615329858, 34.571488736], [-118.615360444, 34.5714704010001]]]]}, "properties": {"poly_IncidentName": "Hughes", "attr_FireDiscoveryDateTime": 1737571020000, "poly_GISAcres": 10425.34, "attr_POOState": "US-CA", "attr_IncidentName": "HUGHES", "fire": "Hughes"}}]}