{"type": "FeatureCollection", "crs": {"type": "name", "properties": {"name": "EPSG:4326"}}, "features": [{"type": "Feature", "geometry": {"type": "MultiPolygon", "coordinates": [[[[-118.560927000232, 34.0440770001451], [-118.560966000453, 34.0440769997504], [-118.560980000313, 34.0441200004258], [-118.560982999975, 34.0441709998749], [-118.560975999728, 34.0442150001433], [-118.560970999775, 34.0442390004398], [-118.560953000259, 34.044266000169], [-118.560895999659, 34.0442579995963], [-118.56085599968, 34.0442399996882], [-118.560839000433, 34.0441899999155], [-118.560834999506, 34.0441359999366], [-118.560874000297, 34.0440959995769], [-118.560927000232, 34.0440770001451]]], [[[-118.55644299958, 34.0401469996244], [-118.556548000117, 34.0400929995597], [-118.556643999867, 34.0401890001487], [-118.556604999677, 34.0402179997723], [-118.556565999814, 34.0402499998972], [-118.556503000185, 34.0402619995539], [-118.556431999874, 34.040230999833], [-118.55644299958, 34.0401469996244]]], [[[-118.519234999605, 34.0338300001517], [-118.519329000412, 34.0336950003296], [-118.51951799956, 34.0338019999549], [-118.519515999505, 34.0339599996137], [-118.519336999697, 34.034062999913], [-118.519213000223, 34.0339960002766], [-118.519234999605, 34.0338300001517]]], [[[-118.518392000384, 34.0392329999667], [-118.518464000172, 34.0391889998769], [-118.518556999777, 34.039215000145], [-118.518645999776, 34.0391679996582], [-118.518779999483, 34.0391200002774], [-118.518904000445, 34.0391770002551], [-118.518912000344, 34.0392649997078], [-118.518884000023, 34.0393319996722], [-118.518804000496, 34.039364000234], [-118.518689000466, 34.0393930002654], [-118.518551000295, 34.0393959999162], [-118.518404999634, 34.0393440003592], [-118.518392000384, 34.0392329999667]]], [[[-118.539622000257, 34.0371589999959], [-118.53971500052, 34.0371299997379], [-118.53985000023, 34.0371929999621], [-118.539952000233, 34.0372670002294], [-118.540035000111, 34.0373659998441], [-118.540113000518, 34.0374300000596], [-118.540181999678, 34.0374810000523], [-118.540300999913, 34.0375080001542], [-118.54044900034, 34.0375510001598], [-118.54052699991, 34.0376050004071], [-118.540534999885, 34.0376799998074], [-118.540468999661, 34.0376910000891], [-118.540424000067, 34.037678000202], [-118.540345999651, 34.0376469997136], [-118.540289000494, 34.0376239995877], [-118.540198999976, 34.0375899997282], [-118.540129999971, 34.0375599998306], [-118.540064000262, 34.037516000426], [-118.539962000131, 34.037463000374], [-118.53987599962, 34.0374060002973], [-118.539831000487, 34.0373309997696], [-118.539745000481, 34.0372709999618], [-118.53964399999, 34.0372239999561], [-118.539622000257, 34.0371589999959]]], [[[-118.518658000288, 34.0342229997717], [-118.518893999757, 34.0341880000175], [-118.519049999544, 34.0342979999636], [-118.519090000242, 34.034481999917], [-118.518847999484, 34.0345669999787], [-118.518645999969, 34.0344020002455], [-118.518658000288, 34.0342229997717]]], [[[-118.568202000219, 34.0471179998591], [-118.568333000438, 34.0471070000171], [-118.568464999722, 34.047180999807], [-118.568523999679, 34.0472850001231], [-118.568568000376, 34.0473760003376], [-118.568587000061, 34.0474800000612], [-118.568586999816, 34.04758200019], [-118.56855699991, 34.0476950004062], [-118.568206999652, 34.0475830003699], [-118.568189000527, 34.0474760000629], [-118.568212000206, 34.0474759997805], [-118.568202999553, 34.0473579996181], [-118.568125999657, 34.0472309996604], [-118.568202000219, 34.0471179998591]]], [[[-118.555315999579, 34.0401639996215], [-118.555336000244, 34.0400110000179], [-118.555259999521, 34.039904000069], [-118.555245999486, 34.0397399996865], [-118.555432000387, 34.0396499995961], [-118.555655000201, 34.0396750000596], [-118.555801999862, 34.0397750003491], [-118.555846000051, 34.0399799997826], [-118.555921000169, 34.039976000148], [-118.555977000259, 34.0400270003506], [-118.556059999741, 34.0400939999627], [-118.556019999779, 34.0401240001092], [-118.555961999482, 34.040124000402], [-118.555902999732, 34.0401070001189], [-118.555841999502, 34.040060999843], [-118.555695000169, 34.0401360003636], [-118.555602000542, 34.0401669997687], [-118.555569000291, 34.0402349997436], [-118.555475000418, 34.0403130000784], [-118.555313999625, 34.0402410003075], [-118.555315999579, 34.0401639996215]]], [[[-118.519750410554, 34.0299662203783], [-118.519885026227, 34.0299141873099], [-118.520019276457, 34.0298922018456], [-118.520142304934, 34.0299324754203], [-118.520250729454, 34.0299998499531], [-118.520317338662, 34.0300748342842], [-118.520326108748, 34.0301078669737], [-118.520288257101, 34.0301053005], [-118.520249057277, 34.0300529944375], [-118.520190325498, 34.0299945974976], [-118.52008760211, 34.0299594340379], [-118.519977623298, 34.0299489091853], [-118.519873851794, 34.0299806720463], [-118.51977590155, 34.0300620747656], [-118.519701807094, 34.0301505099347], [-118.519649900904, 34.0302442347432], [-118.519603240224, 34.030336879063], [-118.519567455218, 34.0304474517326], [-118.51952173718, 34.0305470461522], [-118.519475176475, 34.0306069785476], [-118.519431849823, 34.0307168291759], [-118.519407452702, 34.0308005195338], [-118.519390304716, 34.0309007368906], [-118.519371534678, 34.0310171594265], [-118.519370946983, 34.0310899342845], [-118.519466222433, 34.0311602724905], [-118.519482890746, 34.0312600314843], [-118.519497576016, 34.0313648777124], [-118.51951666088, 34.0314564219715], [-118.519532747936, 34.0315740685194], [-118.519173223809, 34.0315628859144], [-118.51915791164, 34.0314442576131], [-118.51914133958, 34.031352952434], [-118.519142049346, 34.0312701622935], [-118.519171498145, 34.0311959279953], [-118.519208802743, 34.0311155828446], [-118.519238134073, 34.0310101990544], [-118.519270197284, 34.0308897713328], [-118.519311301179, 34.0307775963791], [-118.519358205038, 34.0306649215865], [-118.519415527509, 34.030550605154], [-118.519470046089, 34.0304381302804], [-118.519514846466, 34.030326836354], [-118.519586334467, 34.0302022642156], [-118.51965999791, 34.0300757881464], [-118.519750410554, 34.0299662203783]]], [[[-118.518407999814, 34.0356629997237], [-118.518192999699, 34.0349750004217], [-118.518905999711, 34.0350379999731], [-118.518954999593, 34.0355389998795], [-118.518407999814, 34.0356629997237]]], [[[-118.561228000271, 34.0426849996473], [-118.561200999465, 34.0424789998043], [-118.561264000284, 34.0424680001512], [-118.561536999584, 34.0425919996201], [-118.56174699989, 34.0424319999319], [-118.561828999923, 34.0424270001737], [-118.561980000118, 34.0427700001288], [-118.561907000436, 34.0430030001529], [-118.561833999947, 34.0432569999493], [-118.561551999505, 34.0433109998709], [-118.561473000056, 34.0431280003695], [-118.561503000122, 34.0428700000383], [-118.561228000271, 34.0426849996473]]], [[[-118.519450999823, 34.0331169995485], [-118.519841999512, 34.0328690001035], [-118.520274000489, 34.0334410002574], [-118.520358999829, 34.0336960001803], [-118.520083000372, 34.0339810001906], [-118.519819999687, 34.0336989996532], [-118.519450999823, 34.0331169995485]]], [[[-118.517544999571, 34.0359749997315], [-118.518405999523, 34.0359589997435], [-118.518540999796, 34.036416999953], [-118.518261000246, 34.0368490000348], [-118.518267000407, 34.0368580003861], [-118.518286000452, 34.037091000457], [-118.518128000373, 34.0372470003761], [-118.518023000188, 34.0373580000742], [-118.517836000468, 34.0375500000974], [-118.517948999658, 34.037713000306], [-118.517865000331, 34.0378600000702], [-118.517682000147, 34.0379960000045], [-118.517684999619, 34.0381349996181], [-118.51788400013, 34.038335000264], [-118.518039000229, 34.0384990003405], [-118.517951999732, 34.0386969998442], [-118.517781000153, 34.0388020002162], [-118.517599000061, 34.0387589996599], [-118.517401000546, 34.0385689996059], [-118.517217999836, 34.0383579995503], [-118.517205999556, 34.0380900003112], [-118.517212000502, 34.0378469997322], [-118.517427999608, 34.0377449995507], [-118.517481999495, 34.0376819996994], [-118.516909000401, 34.0374419998521], [-118.516775000106, 34.0369410000846], [-118.517031999563, 34.0366889998852], [-118.517544999571, 34.0359749997315]]], [[[-118.569559200113, 34.0883723496946], [-118.569559643853, 34.0883711282595], [-118.569533009089, 34.0883502242517], [-118.569546517603, 34.0883212206642], [-118.569569184888, 34.0882888773073], [-118.5695856915, 34.0882492144935], [-118.56960007314, 34.0882184376952], [-118.569617131727, 34.0881924375314], [-118.569642971376, 34.088167788106], [-118.569645532048, 34.0881363724901], [-118.569655893494, 34.0881021563086], [-118.569650935239, 34.0880708482657], [-118.569536330312, 34.0878910287952], [-118.569567091295, 34.0878790429786], [-118.5695757556, 34.0878510991927], [-118.569577184084, 34.0878200840679], [-118.569587449676, 34.0877860731322], [-118.569588139438, 34.0877551551154], [-118.569567279864, 34.0877275187094], [-118.569549489181, 34.0877042617697], [-118.569574683728, 34.0876685657063], [-118.569609342333, 34.0876517108585], [-118.569594029447, 34.0875129977068], [-118.569597450457, 34.0875080604984], [-118.569593394587, 34.0875072495857], [-118.569556949034, 34.0874999601973], [-118.569559541271, 34.0874722422028], [-118.569549681461, 34.0874437323169], [-118.569532637276, 34.0874160094548], [-118.569530474578, 34.0874211815325], [-118.569521357978, 34.0874167045091], [-118.569520771904, 34.0874174084734], [-118.569521328969, 34.0874166906217], [-118.569494197215, 34.0874033677648], [-118.569459423447, 34.0874024390115], [-118.56943582032, 34.0874084778946], [-118.56941432974, 34.0874450877232], [-118.569394071354, 34.0874680771089], [-118.569377486178, 34.0874920610308], [-118.569331948228, 34.0875257382407], [-118.569308966733, 34.087464951383], [-118.569290477639, 34.087438083944], [-118.569237260985, 34.0874294254105], [-118.569211003286, 34.0874251541786], [-118.569172783791, 34.0874189350694], [-118.569153682681, 34.0874158274215], [-118.569131562203, 34.087406808277], [-118.569117366034, 34.0874010197006], [-118.56909292616, 34.0873910545523], [-118.569076848901, 34.0873854884738], [-118.56904341412, 34.0873744357983], [-118.569021289609, 34.0873874404886], [-118.569005838808, 34.087393996362], [-118.568992499293, 34.0873980958826], [-118.568979024636, 34.087402236979], [-118.56896558158, 34.0874063685536], [-118.568945188182, 34.0874065713537], [-118.568909259089, 34.0874039131808], [-118.568883233026, 34.0874259961176], [-118.568879329937, 34.087429308072], [-118.568874454127, 34.0874294875545], [-118.568861900243, 34.0874299483627], [-118.568855155884, 34.0874301963365], [-118.568840492667, 34.0874307361339], [-118.568830705276, 34.0874310955476], [-118.568810332297, 34.0874318449179], [-118.568742313942, 34.0874343453376], [-118.568736620901, 34.0874379927211], [-118.568718935018, 34.0874558538398], [-118.568692958118, 34.0874368285819], [-118.568664812562, 34.0874557844264], [-118.568632205606, 34.0874480858683], [-118.568598086488, 34.0874454809839], [-118.568570397428, 34.0874244778335], [-118.568542926221, 34.0874401343404], [-118.56852803186, 34.0874421235875], [-118.56850631497, 34.0874450251461], [-118.568496701072, 34.0874765450985], [-118.568454848711, 34.0874705731175], [-118.568415975483, 34.0874734430596], [-118.568360811789, 34.0874797469854], [-118.568334641251, 34.0875088230903], [-118.568371399154, 34.0875204523372], [-118.568352566009, 34.0875541040167], [-118.568322592547, 34.0875666439388], [-118.568281274887, 34.0875444101864], [-118.568260085392, 34.0875664933396], [-118.568217317983, 34.0875419748592], [-118.568173384877, 34.0875538462083], [-118.568137277603, 34.0875479868635], [-118.568128919906, 34.087535857912], [-118.568090399282, 34.0875253937765], [-118.568079195562, 34.0875192387774], [-118.568060215158, 34.0875051867729], [-118.568056014231, 34.0874766730288], [-118.568054589999, 34.0874483916124], [-118.568037509425, 34.0874348773569], [-118.567994433534, 34.0874007958004], [-118.567944677859, 34.0873972477509], [-118.567900430584, 34.0874080404034], [-118.567867240495, 34.0874020219942], [-118.567852575002, 34.0874232160956], [-118.56784298499, 34.0874331757825], [-118.567838391126, 34.0874371650986], [-118.567838472844, 34.0874373797924], [-118.567830186341, 34.0874437722072], [-118.567830181214, 34.0874442932374], [-118.567825083049, 34.0874487197767], [-118.567817456162, 34.0874546561831], [-118.567816860987, 34.0874558603835], [-118.567813673559, 34.0874623114697], [-118.567793769447, 34.087475911803], [-118.567760650014, 34.0875046705532], [-118.567738637637, 34.0875342225098], [-118.567777758334, 34.0875771058456], [-118.567799244918, 34.0876115355192], [-118.567857999669, 34.087640000098], [-118.567867459152, 34.0876497619273], [-118.568107999983, 34.0878980000034], [-118.567954000234, 34.088033999856], [-118.567687999694, 34.0883859999234], [-118.567661000454, 34.0884339997227], [-118.567494000523, 34.088722000346], [-118.567314999687, 34.0887689998537], [-118.567053000289, 34.0888679997919], [-118.567031000503, 34.0889140004493], [-118.566912999805, 34.0892820000578], [-118.566901000451, 34.0893259996795], [-118.566895334725, 34.0893459634899], [-118.566837999697, 34.0895480001615], [-118.566655000062, 34.089609999639], [-118.566324000532, 34.0896799999781], [-118.566049885984, 34.0895105829744], [-118.566036000568, 34.0895020004421], [-118.565545000356, 34.0892179999234], [-118.565375999512, 34.0891629995931], [-118.564771000029, 34.0893929998367], [-118.564700000244, 34.0894210002187], [-118.564068828342, 34.0897314366077], [-118.563886615045, 34.0903852910156], [-118.56387045072, 34.0905915348953], [-118.563853518462, 34.090807567042], [-118.563823306586, 34.0910713687308], [-118.563289222787, 34.0910960243528], [-118.563072000026, 34.0911619996779], [-118.562769000057, 34.0912569999712], [-118.562571546492, 34.0912952478151], [-118.561499000534, 34.0915030001039], [-118.561429999613, 34.0915139997849], [-118.560757000116, 34.0916639996889], [-118.560627000394, 34.0916470000877], [-118.560166000282, 34.0915259999879], [-118.559936000131, 34.0916100001987], [-118.55982400042, 34.0917189998307], [-118.55976900024, 34.0920020001413], [-118.559780000009, 34.0920900000594], [-118.559841999646, 34.0921689997199], [-118.559974999496, 34.0923279997598], [-118.559975000202, 34.0923719996279], [-118.560466000009, 34.0924050000087], [-118.560723999503, 34.0927170002909], [-118.561097570422, 34.0925636542549], [-118.561276999624, 34.092489999589], [-118.561368999535, 34.0923799996959], [-118.561624000155, 34.0922159999461], [-118.561622999902, 34.0924220000153], [-118.561660000231, 34.0928770000003], [-118.561596999766, 34.0930670002882], [-118.561023000208, 34.0930779998386], [-118.560710171862, 34.0931506726956], [-118.560373000835, 34.0932290000153], [-118.560193999578, 34.0931990001047], [-118.559815999868, 34.0931470003664], [-118.5596960004, 34.0931219996157], [-118.558940999667, 34.0931529998916], [-118.558901000251, 34.0936689999436], [-118.559031000052, 34.0940310002127], [-118.559192999911, 34.0940359999652], [-118.55939400046, 34.0939830003876], [-118.55944800026, 34.0937930003571], [-118.559810000375, 34.0936870002387], [-118.560377408749, 34.0938288530719], [-118.560522000003, 34.0938650002146], [-118.560692271022, 34.093904167991], [-118.56086509796, 34.0937604186676], [-118.561420672924, 34.0939470767577], [-118.56152939446, 34.0942549012373], [-118.561420487148, 34.094412286359], [-118.561470999735, 34.094477000116], [-118.561335815948, 34.0948530144673], [-118.561200999726, 34.0952279999954], [-118.561153999919, 34.095396000237], [-118.561049000022, 34.0954170003816], [-118.560866745357, 34.0955749553065], [-118.561005225713, 34.0960121388881], [-118.561175000468, 34.0962660004204], [-118.561190000459, 34.0968240004112], [-118.560493000546, 34.0969759998256], [-118.560376999732, 34.0969880000719], [-118.559757999824, 34.0973759997741], [-118.559644000029, 34.0975090002997], [-118.559470999537, 34.0979269995541], [-118.559507000369, 34.098003999696], [-118.559594113943, 34.0982013177989], [-118.55966360548, 34.0983587201731], [-118.559673000098, 34.0983799997986], [-118.559986000101, 34.0988680003755], [-118.560179000202, 34.0989000000161], [-118.560820999705, 34.0988479999907], [-118.56167099999, 34.0985290003086], [-118.562258000645, 34.0982040003496], [-118.562359999916, 34.0981860003486], [-118.562747000413, 34.0981310000245], [-118.562960792902, 34.097818845266], [-118.563009999603, 34.0977470000107], [-118.563016000472, 34.097658000066], [-118.563295999598, 34.0974839998137], [-118.563318999595, 34.0974409996524], [-118.563668, 34.0974069999734], [-118.563912000346, 34.0974540002798], [-118.563942000093, 34.0976859997163], [-118.563901000464, 34.0980199997605], [-118.563483999827, 34.0982609999162], [-118.563357000003, 34.0982869997811], [-118.563323334782, 34.0986188452509], [-118.563307999752, 34.0987700002511], [-118.563280792017, 34.0988120863459], [-118.563313438397, 34.0988919151739], [-118.56336036614, 34.0989939521528], [-118.563151836682, 34.0992821332494], [-118.563148878525, 34.0994444077384], [-118.563144690355, 34.0996742990606], [-118.563215266114, 34.0998172122706], [-118.56384849489, 34.0998725342119], [-118.564155318768, 34.099991369983], [-118.564133272223, 34.1003089539675], [-118.564032271289, 34.1004970473249], [-118.56427283033, 34.1006826792018], [-118.564385043094, 34.1007720112193], [-118.564338239411, 34.1011095721877], [-118.564450083529, 34.10121918939], [-118.564183289522, 34.1015810307014], [-118.564087338635, 34.1019382621103], [-118.563717812151, 34.1021364957156], [-118.563451998254, 34.1024442454488], [-118.563449288057, 34.1025929968009], [-118.563689236269, 34.1028124364401], [-118.56346677839, 34.1029719451017], [-118.563424404481, 34.1030660927804], [-118.563564456862, 34.1034127707828], [-118.563748855107, 34.1035571173546], [-118.56402588179, 34.1035267929461], [-118.56415324929, 34.1036771827492], [-118.56412307261, 34.1039946639675], [-118.56412689305, 34.1042314156324], [-118.563487839102, 34.1044938837404], [-118.563384267736, 34.1044941561258], [-118.563210330235, 34.1044946134066], [-118.563092923792, 34.1046622076142], [-118.563100911995, 34.1047452852785], [-118.563114286668, 34.1048843879887], [-118.563134879533, 34.1051488268865], [-118.562814800924, 34.1052821652324], [-118.56249106251, 34.105616231954], [-118.562399443557, 34.1057630168045], [-118.562370037785, 34.1057681858488], [-118.562119011895, 34.1058123148368], [-118.561817013414, 34.1063474299439], [-118.561804615007, 34.1063640392721], [-118.561582571903, 34.1066614858403], [-118.561465899486, 34.1066956807484], [-118.560994946356, 34.106833710781], [-118.560597093588, 34.1070505982948], [-118.560441568942, 34.1072177089925], [-118.560319740154, 34.1076121536332], [-118.560266008446, 34.107786117416], [-118.560094824501, 34.1081269229346], [-118.559975920005, 34.1083636453455], [-118.559818460502, 34.1086364013969], [-118.559501220764, 34.1093086885984], [-118.559395151237, 34.1095503919004], [-118.558797691845, 34.1095639753914], [-118.558796254497, 34.1095634947359], [-118.558494001287, 34.1094759995659], [-118.558240000451, 34.1094940002979], [-118.558192537615, 34.1093617282732], [-118.558036304809, 34.1093674033972], [-118.558013347418, 34.1093744153729], [-118.557917536935, 34.1096470045283], [-118.557906113764, 34.1096795052325], [-118.557906141395, 34.1096795948333], [-118.557942099202, 34.1097961979963], [-118.55776038151, 34.1100052423372], [-118.557684683605, 34.1101777258007], [-118.557823231738, 34.1100659592868], [-118.557886822306, 34.1100405157997], [-118.557955241996, 34.109907758771], [-118.558085550109, 34.1098425958103], [-118.558229983026, 34.1097895421577], [-118.558359243759, 34.1097816333561], [-118.558522534876, 34.1097956273061], [-118.558557537952, 34.1098005595221], [-118.558578807237, 34.1098617500693], [-118.558581816371, 34.1098975751418], [-118.558592337278, 34.1099253796476], [-118.558575225403, 34.1099601803936], [-118.558568809957, 34.1099899425246], [-118.558555679388, 34.1100168223052], [-118.558534350966, 34.110040033785], [-118.558498158714, 34.1100564968928], [-118.558461193229, 34.1100598726601], [-118.558428055998, 34.1100756161937], [-118.558395350046, 34.110094095897], [-118.558361933737, 34.1100825340379], [-118.558315874114, 34.1100953888003], [-118.558285771291, 34.1101209053567], [-118.558305218336, 34.1101466347664], [-118.558293306908, 34.1101665367875], [-118.558271594574, 34.1101813916149], [-118.558271688784, 34.1101816344156], [-118.558242627152, 34.1101854851088], [-118.558217444634, 34.1102144518127], [-118.558197471139, 34.110236537227], [-118.558174671636, 34.1102648966806], [-118.558152352, 34.1102885336901], [-118.558173608368, 34.1103149143665], [-118.558208681387, 34.1103259328748], [-118.55824438171, 34.1103387506395], [-118.558276202063, 34.110354063431], [-118.558311925108, 34.1103648692536], [-118.558329366314, 34.1103999266238], [-118.558315666235, 34.1104271741995], [-118.558279356046, 34.1104398186783], [-118.558248193573, 34.1104502392743], [-118.558250539945, 34.1104794396481], [-118.558273811075, 34.1105019412687], [-118.558309602011, 34.1105022208218], [-118.558340924631, 34.1105159451175], [-118.558357992626, 34.1105369114045], [-118.55836101754, 34.1105406269856], [-118.558358645598, 34.11054228645], [-118.558333244893, 34.1105600606623], [-118.558296425264, 34.1105788038406], [-118.558290564013, 34.1106125757246], [-118.55828956018, 34.1106463053632], [-118.558307840932, 34.1106707876194], [-118.558303350698, 34.1107009617187], [-118.558283690465, 34.1107256520032], [-118.558292229744, 34.1107542833926], [-118.5583143203, 34.1107751310916], [-118.55830118464, 34.1108031665153], [-118.558280071993, 34.1108302130486], [-118.558296565379, 34.1108577649317], [-118.558311068052, 34.1108828466962], [-118.558332796836, 34.1109148840642], [-118.558359845124, 34.1109445545779], [-118.558359774722, 34.1109760899746], [-118.558363796183, 34.1110049274623], [-118.558382107956, 34.1110347146677], [-118.558397854061, 34.1110661435577], [-118.558398543119, 34.1111002551988], [-118.558379860874, 34.1111464538435], [-118.558347188073, 34.1111540254722], [-118.558343034117, 34.1111818751686], [-118.558336659674, 34.1112096219562], [-118.558343320137, 34.1112372550161], [-118.55836006138, 34.1112685693739], [-118.558383987378, 34.1112989657792], [-118.558349742415, 34.1113175738394], [-118.558348708082, 34.1113476960622], [-118.558376367892, 34.1113694255371], [-118.558381783357, 34.1114021842466], [-118.558369344125, 34.1114344593273], [-118.55836574368, 34.1114619779438], [-118.558343715445, 34.1114959266933], [-118.558330608214, 34.1115261955385], [-118.558310423084, 34.1115507673808], [-118.55829699401, 34.1115779453268], [-118.558298914063, 34.1116056221028], [-118.558287081188, 34.1116315905519], [-118.558273270002, 34.1116598031194], [-118.558295673906, 34.111682321682], [-118.558295577861, 34.1117121158839], [-118.558283110411, 34.1117388750561], [-118.558251794108, 34.1117666895339], [-118.558232124942, 34.1117898966624], [-118.558222074939, 34.1118179620585], [-118.558208004744, 34.1118432621151], [-118.55819839947, 34.111870482994], [-118.558184131568, 34.1119015539138], [-118.558172280277, 34.1119311922202], [-118.558206365175, 34.1119455383544], [-118.558237130552, 34.111955855951], [-118.55825105735, 34.111986176383], [-118.558243745512, 34.1120178112851], [-118.558205665268, 34.1120264287674], [-118.558200113023, 34.1120538478503], [-118.558172939783, 34.1120746187939], [-118.55815054039, 34.1121019365832], [-118.558132342955, 34.1121317425333], [-118.558105198489, 34.1121525381648], [-118.558079089974, 34.1121725274065], [-118.558057768141, 34.1122015031865], [-118.558033179065, 34.112227324669], [-118.558009142049, 34.1122618438295], [-118.558002496283, 34.1122894771506], [-118.557989924006, 34.1123242089382], [-118.557954397695, 34.1122943635275], [-118.55790505893, 34.1122827723504], [-118.55789986729, 34.1123173775218], [-118.557911798067, 34.1123493053961], [-118.557933268464, 34.1123729012452], [-118.55794266468, 34.1124062494089], [-118.557944555894, 34.1124124424665], [-118.557920593062, 34.1124294477172], [-118.557950767475, 34.1124327873184], [-118.557950999643, 34.1124335484376], [-118.557937138464, 34.1124611607969], [-118.557913412246, 34.1124803426147], [-118.557902878821, 34.1125075625295], [-118.557921842386, 34.11253153776], [-118.55795134604, 34.1125452941068], [-118.557984779609, 34.112550395034], [-118.558019728789, 34.1125501005651], [-118.55805042605, 34.1125631462562], [-118.558082935944, 34.1125579950525], [-118.558114751463, 34.1125490802069], [-118.55811723059, 34.1125765945421], [-118.558140590422, 34.1126026357377], [-118.558143709319, 34.112631446441], [-118.558137801284, 34.1126561465133], [-118.558104566761, 34.1126829549067], [-118.558067695097, 34.1126723013128], [-118.558032828845, 34.1126730376915], [-118.558002789546, 34.1127002380656], [-118.558003736816, 34.1127327301729], [-118.558000257245, 34.112762342709], [-118.557999051647, 34.1127726003305], [-118.55798357967, 34.1127972371136], [-118.557969339353, 34.1128232300405], [-118.557907138899, 34.1128424913268], [-118.557891317253, 34.1128454672537], [-118.557868464859, 34.1128497651236], [-118.557854829811, 34.1128762110453], [-118.557818328893, 34.1128881930304], [-118.557795155074, 34.1129079858263], [-118.557764238695, 34.1129277122185], [-118.55773764927, 34.1129484886269], [-118.557723308024, 34.1129148687499], [-118.557708575176, 34.1129429487506], [-118.557712486826, 34.1129742847395], [-118.557713161561, 34.1130097565369], [-118.55772269453, 34.1130403693986], [-118.557756560095, 34.1130507858306], [-118.557783924921, 34.1130683376148], [-118.557787935514, 34.1130979412171], [-118.557803829752, 34.1131265565311], [-118.557831455182, 34.1131447985601], [-118.557867704165, 34.1131504471975], [-118.557892599392, 34.113169187474], [-118.557904725294, 34.1132021896985], [-118.55792149919, 34.1132265762522], [-118.557946052479, 34.1132523954638], [-118.557960708578, 34.1132819092335], [-118.557969939919, 34.1133120683881], [-118.557962369255, 34.113342667711], [-118.557951817567, 34.1133692211492], [-118.557953334301, 34.1133968359808], [-118.557915382975, 34.1133943969011], [-118.55788250001, 34.113388690793], [-118.557887893162, 34.1134238508328], [-118.557906284928, 34.1134514194923], [-118.557904742452, 34.1134528892976], [-118.557905357633, 34.1134539293243], [-118.55788475211, 34.1134735346448], [-118.557855210362, 34.113497992509], [-118.557817023823, 34.1135082898545], [-118.557776058934, 34.1135179813739], [-118.557739027532, 34.1135299656333], [-118.557704217037, 34.1135356330546], [-118.557669109625, 34.1135293235715], [-118.557631958884, 34.113511625419], [-118.557594655473, 34.1135097380499], [-118.557599209195, 34.1135391619018], [-118.557631311229, 34.113548327273], [-118.557662905925, 34.1135631207395], [-118.557693259667, 34.1135834654058], [-118.557716342163, 34.1136036973367], [-118.557721383852, 34.1136316362334], [-118.557751782043, 34.113647538736], [-118.557784792397, 34.1136556499524], [-118.557790268336, 34.1136844462777], [-118.557783141783, 34.1137122159044], [-118.557776666425, 34.1137403011878], [-118.557808058125, 34.113755411181], [-118.557844426371, 34.1137645709582], [-118.557852086523, 34.1137965844978], [-118.55784640438, 34.1138255200365], [-118.557824706444, 34.1138544026209], [-118.557796801588, 34.1138748288217], [-118.55781733706, 34.1139019053232], [-118.55781424756, 34.1139362043631], [-118.557802703686, 34.1139681552619], [-118.557785939558, 34.1139960878402], [-118.557790407215, 34.114027910434], [-118.55779712927, 34.1140565052441], [-118.557831499049, 34.1140642739311], [-118.557868007364, 34.1140677405457], [-118.557896265784, 34.1140851791727], [-118.55791960235, 34.1141097271498], [-118.557907987019, 34.1141381179357], [-118.557895560207, 34.114166242422], [-118.557903361192, 34.1142050209512], [-118.557911701833, 34.1142391310061], [-118.557931642325, 34.114264425751], [-118.557967265986, 34.114285026306], [-118.558001430458, 34.1142978021046], [-118.558035739076, 34.114307854412], [-118.558066699508, 34.1142970662255], [-118.558090816612, 34.1142757455293], [-118.558129988961, 34.1142701304537], [-118.558162964642, 34.1142805093447], [-118.55818256303, 34.1143072646915], [-118.558208614643, 34.1143280055503], [-118.558204290617, 34.1143579697739], [-118.558173048721, 34.1143779824255], [-118.55815158593, 34.114399163615], [-118.55814564545, 34.1144266381192], [-118.558117800802, 34.1144034602924], [-118.558081858044, 34.1144050422302], [-118.558080736919, 34.1143761252267], [-118.558051265228, 34.1143903958975], [-118.558017777444, 34.1144027369888], [-118.557992855386, 34.1144238464461], [-118.558006290944, 34.1144506365566], [-118.557975634772, 34.1144363716487], [-118.557946511904, 34.1144533215226], [-118.557925299824, 34.114475312703], [-118.55789376819, 34.1144647536779], [-118.557861882395, 34.1144881929003], [-118.557846155376, 34.1145164387994], [-118.557836251248, 34.1145464595303], [-118.557843768763, 34.1145764365013], [-118.557853586639, 34.1146032223314], [-118.557890230131, 34.1146118771037], [-118.557921321908, 34.1146255047558], [-118.557932040199, 34.1146562903033], [-118.557934419923, 34.1146929132085], [-118.557951447339, 34.1147251497737], [-118.557968410737, 34.1147581013342], [-118.557990302562, 34.1147842988183], [-118.558018550928, 34.1148027767261], [-118.55803987006, 34.1148339100029], [-118.558047977979, 34.1148669992607], [-118.558052896105, 34.1149019413683], [-118.55807919976, 34.1149202323868], [-118.558105966229, 34.1149422642594], [-118.558126254522, 34.1149643232758], [-118.558140671564, 34.1149898573247], [-118.558121933509, 34.1150341879885], [-118.558089559289, 34.1150434239127], [-118.558069816764, 34.1150718390096], [-118.558059078365, 34.1150991653582], [-118.558040536091, 34.1151224163848], [-118.558020297185, 34.1151469684812], [-118.558007133794, 34.115176592782], [-118.558011103089, 34.1152132060201], [-118.558029051574, 34.1152378291306], [-118.558014575087, 34.1152645005636], [-118.55803904211, 34.1152839295124], [-118.558046930557, 34.1153111795244], [-118.558058095597, 34.1153380562778], [-118.55806006614, 34.115371093132], [-118.558065955997, 34.1154003877557], [-118.558041160142, 34.1154196191277], [-118.558023714073, 34.1154470661697], [-118.558026158036, 34.1154786990286], [-118.558052794718, 34.1154999530463], [-118.558080321829, 34.1154763793295], [-118.558121308494, 34.1154830956813], [-118.558122125209, 34.1155105789859], [-118.558090220049, 34.1155285376545], [-118.558080448195, 34.1155554146378], [-118.558080006183, 34.1155936867583], [-118.558074297915, 34.1156228626287], [-118.55806188225, 34.1156529759882], [-118.558046601169, 34.1156778152624], [-118.558032697624, 34.115709136769], [-118.558002640965, 34.1157374006446], [-118.557975265078, 34.1157604650875], [-118.557964706547, 34.1157886789778], [-118.557949558825, 34.1158139887141], [-118.557946707934, 34.1158420584874], [-118.557952905018, 34.1158738785437], [-118.557960754907, 34.1158834429103], [-118.557974944543, 34.1159007305651], [-118.557980043485, 34.115906942535], [-118.557996623066, 34.11592041092], [-118.558004636952, 34.1159291894276], [-118.558017170091, 34.1159429176524], [-118.558015887291, 34.1159487991799], [-118.558011067518, 34.1159708876955], [-118.557979738544, 34.1159604773288], [-118.558005691091, 34.1159898021253], [-118.558037867329, 34.1159978720332], [-118.558069905917, 34.1160101484924], [-118.558076717646, 34.116012162099], [-118.558086760013, 34.1160151307083], [-118.558104393728, 34.1160203436548], [-118.558136491562, 34.1159865269617], [-118.558157548882, 34.116011841147], [-118.558160266277, 34.1160225414127], [-118.558164866794, 34.1160406534609], [-118.558187816923, 34.1160635448487], [-118.558208432475, 34.1160910233966], [-118.558232588677, 34.1161099173559], [-118.558260067602, 34.116127103477], [-118.558290012896, 34.1161533639392], [-118.558284325596, 34.1161875011379], [-118.558281688973, 34.1162151832579], [-118.558293425807, 34.1162412170559], [-118.558281452809, 34.1162685845751], [-118.55827229538, 34.1163033008367], [-118.558272756308, 34.1163080342418], [-118.558275399025, 34.1163351493518], [-118.558268203643, 34.1163682199046], [-118.558261964979, 34.1163991289878], [-118.55825019042, 34.1164300491982], [-118.55825347776, 34.1164586112846], [-118.558286818035, 34.1164702685632], [-118.558323462763, 34.1164846559537], [-118.558312584002, 34.1165113521509], [-118.558299276883, 34.1165435529752], [-118.558274556422, 34.1165634470477], [-118.558258441728, 34.1165877411837], [-118.558221075097, 34.1166023898394], [-118.558197851549, 34.116622357818], [-118.55820442955, 34.1166516764218], [-118.558221221883, 34.1166762262386], [-118.558249630557, 34.1166938036475], [-118.558268172485, 34.1167169448686], [-118.558262042764, 34.1167499576641], [-118.558273922728, 34.1167803809587], [-118.558292093593, 34.1168047246169], [-118.558285560839, 34.1168355884982], [-118.55831740149, 34.1168258075722], [-118.558344367803, 34.1168477994902], [-118.558330853576, 34.1168766205926], [-118.558344513623, 34.1169027246629], [-118.558327363114, 34.1169295894595], [-118.558322014641, 34.1169588915554], [-118.558328057369, 34.1169883755621], [-118.55830037792, 34.1170071530947], [-118.558274576222, 34.1170295469247], [-118.558269710727, 34.1170623755597], [-118.558244904855, 34.1170828401006], [-118.55824440423, 34.1171202306313], [-118.558284483938, 34.1171099543976], [-118.558317416805, 34.1170960637316], [-118.558322711011, 34.1171273512257], [-118.558307750822, 34.1171559151296], [-118.55833105551, 34.1171790615627], [-118.558361983848, 34.1171912517563], [-118.55839390031, 34.1171789925893], [-118.558419289435, 34.1171562761838], [-118.558459921188, 34.1171621738299], [-118.55850291465, 34.1171667454365], [-118.558534449089, 34.1171874716268], [-118.558568719369, 34.1171990999996], [-118.558590955595, 34.1172195544524], [-118.558588339052, 34.1172505300543], [-118.558551724462, 34.1172642958143], [-118.55853823545, 34.1172913232224], [-118.558524327395, 34.1173166017902], [-118.558503846906, 34.1173388682166], [-118.558477525241, 34.1173665122734], [-118.558461477986, 34.1173929231383], [-118.558426674374, 34.117401858874], [-118.558390192448, 34.1173889196331], [-118.558380012941, 34.117415374933], [-118.558361757621, 34.1174457344661], [-118.558328098913, 34.1174491538248], [-118.558289665747, 34.1174466925848], [-118.558272573366, 34.1174716757207], [-118.55828957779, 34.1175039055282], [-118.558312800833, 34.1175359083545], [-118.55832522226, 34.1175645354238], [-118.558317231364, 34.117602328856], [-118.558322185045, 34.1176301258499], [-118.558303930475, 34.1176572985052], [-118.558320085292, 34.1176858348494], [-118.558342804586, 34.1177063783874], [-118.558340088256, 34.1177364016037], [-118.558344136692, 34.1177691770561], [-118.558353479897, 34.1177982357829], [-118.558351729967, 34.1178294819575], [-118.558319528277, 34.1178222277172], [-118.558284372908, 34.1178056883291], [-118.558248017639, 34.1177900830556], [-118.558219910956, 34.1177748227904], [-118.558206841224, 34.1178075458406], [-118.558173074739, 34.1178168489107], [-118.558166766774, 34.1178462037479], [-118.558146278377, 34.117869660006], [-118.558112596374, 34.1178610653585], [-118.558075561641, 34.1178571198046], [-118.558045811113, 34.117838198371], [-118.558029491785, 34.117866430399], [-118.558004536969, 34.1178885003993], [-118.557968090425, 34.1178959619642], [-118.557968074266, 34.1179321090845], [-118.558029487196, 34.1179142153811], [-118.558013885056, 34.1179408752108], [-118.55799945966, 34.1179690527542], [-118.55800495394, 34.1179822276345], [-118.558010390061, 34.1179952629447], [-118.558011671699, 34.1179983371087], [-118.558002348581, 34.1180197492742], [-118.557999606392, 34.1180260486655], [-118.558001887554, 34.1180381362409], [-118.558005513936, 34.1180573493106], [-118.558018772304, 34.1180846139694], [-118.558038522244, 34.1181126756351], [-118.558058150781, 34.118134928174], [-118.55805413495, 34.1181625504173], [-118.558049543137, 34.1181946333039], [-118.558085817255, 34.1181855215558], [-118.558119232996, 34.1181761987514], [-118.558157500536, 34.1181796730584], [-118.558192677821, 34.1181726154901], [-118.558198942417, 34.1181713586636], [-118.558230840863, 34.1181501490394], [-118.558268360007, 34.1181585009807], [-118.55828940958, 34.1181868810432], [-118.558322268668, 34.1182024808493], [-118.558354760999, 34.1182204100409], [-118.558367287318, 34.1182361349666], [-118.558410882826, 34.1182553638931], [-118.558411459637, 34.118256903769], [-118.558416253927, 34.118250320195], [-118.558446562258, 34.1182701149334], [-118.558464790771, 34.1182979679609], [-118.558462995907, 34.1183287087011], [-118.558448165393, 34.1183548554529], [-118.558449243584, 34.1183577323101], [-118.558454752367, 34.1183724318138], [-118.558458735242, 34.1183720981267], [-118.558467730036, 34.1183857103007], [-118.558501401792, 34.1183856897906], [-118.558539028534, 34.1183759513175], [-118.558553444593, 34.1183820736929], [-118.55857508804, 34.1183912660618], [-118.558588026373, 34.1183992854773], [-118.558601596139, 34.11840769602], [-118.558588325651, 34.11843402839], [-118.558597948671, 34.1184428722482], [-118.558592142778, 34.118456455954], [-118.558578844463, 34.1184857918307], [-118.558578273877, 34.1184926271446], [-118.558576298507, 34.1185162841675], [-118.558568029807, 34.118543776017], [-118.558567199283, 34.11857401688], [-118.558540165722, 34.1185930198771], [-118.558502198783, 34.1186116331061], [-118.558521470043, 34.1186366586118], [-118.558523862753, 34.1186680274561], [-118.558511339015, 34.1186975714464], [-118.55850837131, 34.1187310857422], [-118.558507287651, 34.1187599900524], [-118.558492472407, 34.1187861874768], [-118.558460553438, 34.1187939246095], [-118.558438650901, 34.1187722158705], [-118.558418076204, 34.1187493970182], [-118.558405745051, 34.1187234693851], [-118.558384429628, 34.1186958622087], [-118.558360282066, 34.1186746127857], [-118.558322087191, 34.1186841655139], [-118.558298390488, 34.1187105282749], [-118.558319195872, 34.1187323502833], [-118.558340495735, 34.1187559464179], [-118.558352557863, 34.1187822961724], [-118.558362802755, 34.1188102546946], [-118.558395759823, 34.1188327243741], [-118.558428359187, 34.1188256665925], [-118.558468358262, 34.1188229286822], [-118.558500103652, 34.1188383800148], [-118.558536403027, 34.1188282560407], [-118.558572024635, 34.1188419749607], [-118.558596048981, 34.1188410932021], [-118.558622941023, 34.1188602514868], [-118.558651091349, 34.1188726165035], [-118.558652816534, 34.1188733739529], [-118.558654646176, 34.1189009123277], [-118.558646430427, 34.1189128184896], [-118.558637264697, 34.1189261009791], [-118.558623309742, 34.1189511436285], [-118.558618510976, 34.118966271741], [-118.558614548454, 34.1189810849773], [-118.558624027756, 34.1190085839319], [-118.558634177807, 34.119018492826], [-118.558647995257, 34.1190319820354], [-118.558654613769, 34.1190604689433], [-118.558656170395, 34.1190906056425], [-118.558656049296, 34.1190928407782], [-118.558654442589, 34.1191224849225], [-118.558651258652, 34.1191525887338], [-118.558621634863, 34.1191628710637], [-118.558606154591, 34.1191832786484], [-118.558616536259, 34.1192118879562], [-118.558634896551, 34.1192353359704], [-118.558669814729, 34.1192514854662], [-118.558697483355, 34.1192741343017], [-118.558732910232, 34.1192934166725], [-118.55874130585, 34.119321722289], [-118.558722113514, 34.1193455574103], [-118.558717092911, 34.1193754865424], [-118.558747633776, 34.1193948063055], [-118.558782468965, 34.1194047666948], [-118.558822654283, 34.1194114861324], [-118.55884837384, 34.1193935600139], [-118.55888320964, 34.1194104855073], [-118.558914955886, 34.1194227047798], [-118.558950949172, 34.1194285057276], [-118.558984068507, 34.1194358353741], [-118.558989444393, 34.1194655244929], [-118.558993207079, 34.1194974037424], [-118.558972357891, 34.1195224972132], [-118.558942788563, 34.1195375051666], [-118.558913864882, 34.1195579384933], [-118.558885072642, 34.1195772303492], [-118.558848472111, 34.1195748114132], [-118.558810186737, 34.1195771960905], [-118.558773227484, 34.1195916697426], [-118.558767782821, 34.1196246902216], [-118.558781121973, 34.1196509451591], [-118.558809517166, 34.1196687322402], [-118.558848875178, 34.1196764707402], [-118.558870806334, 34.1197070714045], [-118.558871378298, 34.1197078692652], [-118.558869760775, 34.119736626162], [-118.558870297265, 34.1197491496132], [-118.55887124993, 34.1197714075021], [-118.558857434135, 34.1197875295985], [-118.558850543423, 34.1197955696776], [-118.558812858709, 34.1197948048348], [-118.558774107711, 34.1197930600738], [-118.558740318424, 34.1198033303421], [-118.558747172114, 34.1198361564918], [-118.558741515954, 34.119866274106], [-118.558745031504, 34.1199315307121], [-118.558766936299, 34.119954383414], [-118.558787304873, 34.1199790107113], [-118.558810824599, 34.1200027240317], [-118.558832424509, 34.1200256503954], [-118.558835369555, 34.120063584704], [-118.558822784728, 34.1200918387436], [-118.558796708192, 34.120112079937], [-118.558768658417, 34.120132853318], [-118.558733034044, 34.1201452838594], [-118.558692067589, 34.1201492456177], [-118.558660696735, 34.1201605976027], [-118.558632005875, 34.1201780650952], [-118.558629039557, 34.1202090722391], [-118.558595813466, 34.1202149763228], [-118.558560259737, 34.1202234806944], [-118.558527796645, 34.1202178973567], [-118.558502125679, 34.12019905653], [-118.558496818718, 34.1201684514385], [-118.558476891259, 34.1201372540044], [-118.558444306857, 34.1201301248091], [-118.558414163274, 34.1201452128061], [-118.558401172856, 34.1201709139827], [-118.558387015842, 34.1202048546977], [-118.558379917053, 34.1202418749901], [-118.558354078001, 34.120264831749], [-118.558347360434, 34.1203003323922], [-118.558376796456, 34.1203245893932], [-118.558417198336, 34.120337632236], [-118.55845073498, 34.1203482470215], [-118.558463014635, 34.1203814518967], [-118.558471984493, 34.1204190287485], [-118.558480859834, 34.1204458853666], [-118.558503815494, 34.1204710394422], [-118.558532159627, 34.1204906235528], [-118.558540333793, 34.1205204886758], [-118.558540450652, 34.1205209165707], [-118.558558805684, 34.1205470392944], [-118.558583710663, 34.1205661534919], [-118.558594392886, 34.1205979615322], [-118.558559917897, 34.1206027238214], [-118.55852240706, 34.1206008486147], [-118.558503295175, 34.1205904414751], [-118.558485795727, 34.1205809120613], [-118.558459010183, 34.1205614729586], [-118.558418862234, 34.1205629360475], [-118.558401923728, 34.1205912089044], [-118.55840802896, 34.1206229239304], [-118.558410541029, 34.1206546440075], [-118.558417697713, 34.120684356534], [-118.558424658012, 34.1207152628887], [-118.558408371188, 34.1207447159538], [-118.558401224644, 34.1207758676509], [-118.558401846062, 34.1208054416471], [-118.558394901046, 34.120835829601], [-118.558387121221, 34.1208707208912], [-118.558374855294, 34.1209054725161], [-118.558341737631, 34.120931989268], [-118.558305080318, 34.1209468686506], [-118.558277698056, 34.1209637260371], [-118.558237249689, 34.1209728887234], [-118.558200289176, 34.1209690730972], [-118.558195567368, 34.1209998993392], [-118.558223256263, 34.1210218218752], [-118.558193083329, 34.1210344627174], [-118.558171173765, 34.1210622471482], [-118.558148255678, 34.1210830473941], [-118.55813294336, 34.1211079970391], [-118.558114805456, 34.1211317669231], [-118.558077849608, 34.1211451774917], [-118.558042938147, 34.12115114394], [-118.558010627347, 34.1211627020194], [-118.557978580316, 34.1211529660043], [-118.557958262843, 34.1211766893643], [-118.557921915814, 34.1211907179092], [-118.557920978786, 34.1212086895042], [-118.55791877076, 34.121208423576], [-118.557916596319, 34.1212206639063], [-118.557880481717, 34.1212316464495], [-118.557847584635, 34.1212348300943], [-118.557809453323, 34.1212184369051], [-118.557776072166, 34.1212303005154], [-118.557762284013, 34.1212130045026], [-118.557756564852, 34.1212058291096], [-118.557718520754, 34.1212036331698], [-118.557684372403, 34.1211939038464], [-118.55765581714, 34.1211772639263], [-118.557626408854, 34.1211554556321], [-118.557588728899, 34.1211571209422], [-118.557585981624, 34.1211857318681], [-118.557562535524, 34.1212081804998], [-118.557540388728, 34.1212308429968], [-118.557532902946, 34.1212657586741], [-118.557539787628, 34.1212956264653], [-118.557570386116, 34.1213806713635], [-118.557571844745, 34.1213943982718], [-118.55757385846, 34.1214133411627], [-118.557540494482, 34.1214113432083], [-118.557558594102, 34.1214421146613], [-118.557561374755, 34.1214698642483], [-118.557522046036, 34.1214703177758], [-118.557493966266, 34.1214468278069], [-118.557483720498, 34.1214170193642], [-118.557453526438, 34.1214105376826], [-118.557429816413, 34.1214102557217], [-118.55741477871, 34.1214115935244], [-118.557405804098, 34.1214123914034], [-118.557392592746, 34.1214389974682], [-118.557414637367, 34.121463098057], [-118.557380993236, 34.1214740963738], [-118.557376588745, 34.1215072335642], [-118.55737437538, 34.1215348658739], [-118.557414788659, 34.1215351067642], [-118.557449358583, 34.1215344848812], [-118.557456684503, 34.1215676722243], [-118.557461826509, 34.1215973800296], [-118.557438275733, 34.1216237624206], [-118.557425421437, 34.1216525402453], [-118.557430283655, 34.1216596786648], [-118.55744087708, 34.1216752304233], [-118.55744275651, 34.1216779894019], [-118.557465372015, 34.1217053805175], [-118.557451593238, 34.1217340790323], [-118.557424165914, 34.1217534328339], [-118.557383798812, 34.12176576958], [-118.557362149584, 34.1217782953728], [-118.55734586883, 34.1217877148532], [-118.557317283083, 34.1218058477426], [-118.557281506758, 34.1218090506867], [-118.557248648292, 34.1218231420882], [-118.557219694096, 34.1218369385072], [-118.55719308406, 34.1218448668672], [-118.557181147847, 34.1218473518506], [-118.557153737014, 34.1218509905722], [-118.557118452315, 34.1218563579156], [-118.557080305664, 34.1218547725995], [-118.557058272059, 34.121877571651], [-118.557058017338, 34.1218850897732], [-118.557057206204, 34.1219090255685], [-118.557021425234, 34.1219285890799], [-118.556992349935, 34.1219505363144], [-118.556949752228, 34.1219564862847], [-118.556909877307, 34.1219518192938], [-118.556881257942, 34.1219402142502], [-118.556871005522, 34.1219367173203], [-118.556847028974, 34.1219288356953], [-118.556807029112, 34.1219212227361], [-118.556771987531, 34.1219037152847], [-118.556748789625, 34.1218753367151], [-118.556735366907, 34.1218440690146], [-118.556697371233, 34.1218457264308], [-118.556661102619, 34.121866101333], [-118.556646277402, 34.1219007121657], [-118.556648415023, 34.1219298708074], [-118.55665100951, 34.1219352631632], [-118.556658779327, 34.1219514157162], [-118.556662372339, 34.1219588833801], [-118.556666946562, 34.121987609486], [-118.556667953582, 34.1220155115234], [-118.556665188536, 34.1220463164694], [-118.556637248047, 34.1220648423021], [-118.556606867194, 34.1220774332077], [-118.556581299298, 34.122087000952], [-118.556569117979, 34.1220915589588], [-118.556538232486, 34.1221018653272], [-118.55650789853, 34.1221176959456], [-118.556485874027, 34.1221396295433], [-118.55651227746, 34.1221640703541], [-118.556544258711, 34.1221712537445], [-118.5565840286, 34.1221750892356], [-118.556606569361, 34.1221746984604], [-118.556615659208, 34.1221745403756], [-118.55662014393, 34.1221744628245], [-118.556625269334, 34.1221745682781], [-118.556630478189, 34.1221746756894], [-118.556637821089, 34.122174827245], [-118.556653892037, 34.1221751578065], [-118.556694982671, 34.1221714651951], [-118.556738994066, 34.122164879616], [-118.556763317046, 34.1221449611045], [-118.556799026393, 34.1221225083141], [-118.556813803923, 34.1221131816738], [-118.55681934659, 34.1221096836336], [-118.55682486186, 34.1221062014736], [-118.556828928096, 34.1221036349419], [-118.556857272114, 34.1220884723166], [-118.556899783708, 34.1220900137866], [-118.556941585343, 34.1220896485647], [-118.55698055011, 34.1221008607463], [-118.557013548126, 34.1221056299941], [-118.557047236757, 34.1221098093663], [-118.557081544128, 34.1221189837429], [-118.557117464919, 34.122124126215], [-118.557147993892, 34.1221362548013], [-118.557184326508, 34.1221468575338], [-118.557207854152, 34.1221721615009], [-118.557191902219, 34.1221969009633], [-118.557204931345, 34.1222245692725], [-118.557229770414, 34.1222447484857], [-118.557210763373, 34.1222766406768], [-118.557213186489, 34.1223083397703], [-118.557176631043, 34.1223088994972], [-118.557144219597, 34.1223243235513], [-118.557117072719, 34.1223427937283], [-118.557109772523, 34.1223700424981], [-118.557106586533, 34.1223866549685], [-118.55710406932, 34.122399783432], [-118.557086770546, 34.1224254190648], [-118.557068294434, 34.122437068112], [-118.557059290011, 34.122442745489], [-118.5570701191, 34.1224771130695], [-118.557100756589, 34.1224885921416], [-118.557131496169, 34.1225039715501], [-118.557145378943, 34.1225117199634], [-118.557153820118, 34.1225176812246], [-118.557166592115, 34.1225267020405], [-118.557167650748, 34.1225274492705], [-118.55716950912, 34.1225285753406], [-118.557187094703, 34.1225443724543], [-118.557211785667, 34.1225642369634], [-118.55723932986, 34.1225906447071], [-118.557261676836, 34.1225959308937], [-118.557276343088, 34.1226085023925], [-118.557294408237, 34.1226239873213], [-118.557273557549, 34.1226425714573], [-118.557288426281, 34.1226701458234], [-118.557260498516, 34.1226872024889], [-118.557231817992, 34.1227036230691], [-118.557253529811, 34.1227270261762], [-118.557227814421, 34.1227443488282], [-118.55719647094, 34.1227334639744], [-118.557217728932, 34.1227056616088], [-118.557192662364, 34.1226850495032], [-118.5571579151, 34.1226856176835], [-118.557126469023, 34.1226995898845], [-118.557135805336, 34.1227268409304], [-118.557167628066, 34.1227418707208], [-118.557198026655, 34.1227573449572], [-118.557233785425, 34.122750326604], [-118.557211403895, 34.1227715679528], [-118.557184774227, 34.122789969858], [-118.55721178298, 34.1228083157904], [-118.557244300825, 34.1227979884311], [-118.557271992178, 34.1228102595645], [-118.557280756575, 34.1228141433062], [-118.55728454988, 34.1228269044671], [-118.557290249034, 34.1228460769758], [-118.557279675315, 34.1228751143947], [-118.557268809086, 34.1228864856338], [-118.557252357562, 34.1229094869557], [-118.557244595675, 34.1229272468423], [-118.557221209523, 34.1229514216272], [-118.557214269501, 34.1229831599793], [-118.557209334847, 34.1230161091981], [-118.55721001239, 34.1230189584445], [-118.557216720795, 34.1230471444461], [-118.557193917888, 34.1230709064975], [-118.557167779002, 34.1230782467104], [-118.557156957189, 34.1230864190237], [-118.557144881984, 34.1231041279228], [-118.557140314326, 34.1231112804332], [-118.557125307545, 34.1231347814241], [-118.557104210671, 34.1231602301431], [-118.557072614707, 34.1231656766082], [-118.557070228338, 34.1231660881498], [-118.557038891972, 34.1231512529129], [-118.557005261021, 34.1231388641857], [-118.556970233193, 34.1231341954683], [-118.556936027721, 34.1231296182845], [-118.556897298987, 34.1231321364563], [-118.556869659675, 34.1231147101337], [-118.556831111972, 34.1231046760821], [-118.556817740211, 34.1231152041996], [-118.556802338774, 34.1231273293503], [-118.556772936297, 34.1231469843216], [-118.556738847325, 34.1231499605409], [-118.556378011886, 34.1231797689366], [-118.55637781849, 34.1231903286328], [-118.556361768958, 34.1232831833565], [-118.556361027315, 34.1233237367081], [-118.556360283487, 34.1233642909319], [-118.556438652574, 34.1234726571518], [-118.556548099854, 34.123607663439], [-118.556546134003, 34.1237150133879], [-118.556511603695, 34.1238768298134], [-118.556467710625, 34.1239115359223], [-118.556400427504, 34.1239647361227], [-118.556398106472, 34.1240911719877], [-118.556397999737, 34.1240969998239], [-118.556369655455, 34.124113730943], [-118.556353679759, 34.1241307926535], [-118.556333236395, 34.1241554597577], [-118.556303774868, 34.1241526192765], [-118.556294544608, 34.1241517289037], [-118.556249079948, 34.1241362502944], [-118.556213349892, 34.1241270405533], [-118.556176004744, 34.1241368665452], [-118.556142147225, 34.1241383697417], [-118.556097943945, 34.124134591564], [-118.55606827833, 34.1241637864308], [-118.556046794614, 34.1241875901815], [-118.556020019661, 34.1242083771644], [-118.555993471304, 34.1242296376005], [-118.555982809063, 34.1242558357784], [-118.555983391761, 34.1242903161362], [-118.555980068045, 34.1242946022086], [-118.555963125169, 34.1243164521731], [-118.555932615294, 34.1243391688498], [-118.555903539729, 34.1243526613677], [-118.555870693474, 34.1243735895832], [-118.555828466213, 34.1243749857764], [-118.555727999954, 34.1244509999636], [-118.555449999993, 34.1243990002087], [-118.555429770925, 34.1243576439122], [-118.555324328373, 34.1244294116791], [-118.555316189568, 34.1244577657313], [-118.555303417995, 34.1244848611672], [-118.555277323334, 34.124505251813], [-118.555251815772, 34.1245243715458], [-118.555242444358, 34.1245527126762], [-118.555227037035, 34.1245858932745], [-118.555199722309, 34.1245883129991], [-118.55518527919, 34.1245895931367], [-118.555156619318, 34.1246139936337], [-118.555148463065, 34.1246494468658], [-118.555121609239, 34.1246681266977], [-118.555087120886, 34.1246791866455], [-118.555075860886, 34.1247133086693], [-118.555070968523, 34.1247329537502], [-118.555068807922, 34.1247416295786], [-118.555081326297, 34.1247691653743], [-118.555082545796, 34.124804375003], [-118.555077826329, 34.1248408499182], [-118.555052798573, 34.1248741258323], [-118.555020979111, 34.1248851528693], [-118.554981878977, 34.1248851675978], [-118.554941530512, 34.1248869749271], [-118.554906653346, 34.1249066979402], [-118.554869350057, 34.1249046898703], [-118.554849509709, 34.1249069572306], [-118.554810000048, 34.1249380003974], [-118.554784486944, 34.1249549247654], [-118.55479405573, 34.1249764452673], [-118.554798769674, 34.1250090550475], [-118.554784873299, 34.1250379914695], [-118.55474849183, 34.1250565486406], [-118.554740131814, 34.1250858942008], [-118.554711658272, 34.1251038998029], [-118.554684461037, 34.1251246775013], [-118.554658982667, 34.1251504055528], [-118.554628440147, 34.1251686553603], [-118.554597037467, 34.1251783488145], [-118.55456359662, 34.1251610061936], [-118.554544752525, 34.1251412261091], [-118.554540554791, 34.1251368194872], [-118.554521492344, 34.1251137515167], [-118.554483511169, 34.1251079664039], [-118.554447378287, 34.1250955812953], [-118.554426495367, 34.125069499007], [-118.554423376312, 34.125038202202], [-118.554407706522, 34.1250090496381], [-118.55437578141, 34.1249911852668], [-118.554344560758, 34.1250096373576], [-118.554328613934, 34.1250360865977], [-118.554320548473, 34.1250656801745], [-118.55431214387, 34.1250975070052], [-118.554307794352, 34.1251332996196], [-118.554309876482, 34.1251628992514], [-118.55433239414, 34.1251915418476], [-118.554333031146, 34.1252035725007], [-118.554334043442, 34.1252226901973], [-118.554323168686, 34.1252509788191], [-118.554313680519, 34.1252791597099], [-118.554329323322, 34.1253135091572], [-118.554335347965, 34.1253448193567], [-118.554318656706, 34.1253778014261], [-118.554296262998, 34.125399622582], [-118.554255047727, 34.1254045730733], [-118.554233193973, 34.1254269257434], [-118.554205570442, 34.12544415317], [-118.554053929554, 34.1254409176313], [-118.553908885846, 34.1253725897931], [-118.553866000502, 34.1253719999014], [-118.553823462604, 34.1253043093887], [-118.553750999674, 34.1251890000017], [-118.553593000213, 34.1248849996909], [-118.553222000276, 34.1247520001303], [-118.552721999607, 34.1247829997559], [-118.552129999999, 34.1248589999998], [-118.551767000225, 34.1248010004276], [-118.551207999932, 34.1250360002987], [-118.550822999619, 34.1251980003106], [-118.550484999502, 34.1253220000392], [-118.54938400048, 34.1258369995727], [-118.54890300033, 34.1258010002249], [-118.548558000231, 34.125773000183], [-118.548203000097, 34.12582900008], [-118.547772999868, 34.1259370003459], [-118.547499999632, 34.125972000428], [-118.546872000423, 34.125986000099], [-118.54666299989, 34.1259759998011], [-118.546319999788, 34.1258809999793], [-118.545945000482, 34.1259749999222], [-118.545480999617, 34.1260219997179], [-118.545155999679, 34.1258890000255], [-118.545160999505, 34.1261009997253], [-118.544955999588, 34.1263779999271], [-118.544617999533, 34.1264490003656], [-118.544297999522, 34.126572999679], [-118.543976999516, 34.1267049997715], [-118.543492000489, 34.1268580000218], [-118.543308999784, 34.1269309998679], [-118.542922999992, 34.1271909999395], [-118.542567000497, 34.1272239999259], [-118.541926000293, 34.1274800003739], [-118.541532000057, 34.1276419999444], [-118.541134000465, 34.1280449996213], [-118.540574000221, 34.1283170001098], [-118.540081999592, 34.1284169999794], [-118.539572000146, 34.12847100015], [-118.539182999615, 34.12835200023], [-118.539133000021, 34.1282069996084], [-118.538586000322, 34.1282770000649], [-118.538012000062, 34.1284969996056], [-118.537539999477, 34.1285439998687], [-118.53743800054, 34.1285429999192], [-118.537006999868, 34.1288259997185], [-118.536143999794, 34.128764000054], [-118.535961604105, 34.1286268759183], [-118.535866146718, 34.1285554251317], [-118.53539249005, 34.128720685397], [-118.535323000237, 34.1287449999894], [-118.535322845467, 34.1287449844787], [-118.535322799635, 34.1287450001171], [-118.535011200206, 34.1287128996865], [-118.534556300343, 34.1288975996816], [-118.533601599494, 34.1287947996554], [-118.532569399828, 34.128885999551], [-118.531968499904, 34.1288078998985], [-118.531230399735, 34.1290636999926], [-118.530632632941, 34.1293406547254], [-118.530042543032, 34.1293586692195], [-118.52886382549, 34.1290325152539], [-118.528621232179, 34.1289430129353], [-118.528372316875, 34.1288511774138], [-118.528299999563, 34.12886999981], [-118.527767999629, 34.1289700002221], [-118.527100000163, 34.1289080002181], [-118.526643000313, 34.1287999996832], [-118.526157000454, 34.1286300003806], [-118.525669999601, 34.1285359998571], [-118.525225999748, 34.1286179997428], [-118.524716000053, 34.1285479997766], [-118.524284000496, 34.1285809998237], [-118.524023000198, 34.1285540001612], [-118.52356499947, 34.1284699995685], [-118.523129000201, 34.1284550000204], [-118.52271099947, 34.1284059996857], [-118.522337000042, 34.1281739998252], [-118.522071999869, 34.1280159996916], [-118.521522000166, 34.1281680003978], [-118.521269000421, 34.1283249999425], [-118.521115999779, 34.1284479998339], [-118.520916000095, 34.1285759999901], [-118.520744999982, 34.1286849997544], [-118.52042599996, 34.1289230004407], [-118.520112000095, 34.1289139997106], [-118.5197930005, 34.1288859996056], [-118.519478999864, 34.1288580004061], [-118.519211000317, 34.1288689995578], [-118.51899899997, 34.1289769999707], [-118.518806000441, 34.1290380002411], [-118.518643000174, 34.1290499995552], [-118.51852099961, 34.1290439998042], [-118.518227000084, 34.1289279996533], [-118.517999000076, 34.1289739995904], [-118.517666999619, 34.1289840000983], [-118.517347999781, 34.128932000232], [-118.517190999775, 34.1289250003416], [-118.516890999676, 34.128795000178], [-118.51668700018, 34.1288260001466], [-118.516326999871, 34.1288210000142], [-118.516179000471, 34.1289069998301], [-118.516155567906, 34.1289079290706], [-118.516106035412, 34.128905635606], [-118.515014515227, 34.1289300257583], [-118.51350056657, 34.1289792270912], [-118.513179110503, 34.1285170164616], [-118.513199067753, 34.128186427562], [-118.513200718798, 34.1281590862741], [-118.513383149681, 34.1279391266831], [-118.513639147007, 34.1277571817017], [-118.513733388739, 34.1274866633242], [-118.513708805704, 34.1272145959677], [-118.513592310459, 34.1270895551242], [-118.513402481847, 34.126914150402], [-118.513242128065, 34.1267514822465], [-118.513085389464, 34.126604763744], [-118.513062548777, 34.1265992397859], [-118.513014518937, 34.1265935306678], [-118.512969578281, 34.1265871315884], [-118.512938896809, 34.126576159348], [-118.512899545831, 34.1265612497909], [-118.512876003802, 34.1265411192729], [-118.512835913334, 34.1265194873469], [-118.512814952373, 34.1264945655564], [-118.512801445294, 34.1264687033369], [-118.512783583245, 34.1264387265798], [-118.512784044517, 34.1264029017693], [-118.512778178697, 34.1263670881885], [-118.51277865992, 34.1263295164936], [-118.512776157783, 34.1262993821726], [-118.512775261485, 34.1262766612437], [-118.512765437275, 34.1262622629732], [-118.512646000162, 34.1261659996517], [-118.512508000002, 34.1261159997408], [-118.512383999816, 34.1258679997329], [-118.512388000432, 34.125640000188], [-118.512272999853, 34.1255760001327], [-118.512156000348, 34.1253230001792], [-118.512091000261, 34.1250850001494], [-118.511982000023, 34.1249869997184], [-118.511913000009, 34.1249329997099], [-118.511751999785, 34.1248340003196], [-118.511613999637, 34.1247349998221], [-118.511592999691, 34.1246139995762], [-118.511533000106, 34.1244150000418], [-118.51133199984, 34.1242960004452], [-118.511163000376, 34.1241980000489], [-118.511148144448, 34.1242032431282], [-118.511112000097, 34.1242160000539], [-118.511088040845, 34.1242083172535], [-118.511088149876, 34.1242042672453], [-118.511097507748, 34.1241778865531], [-118.511090251286, 34.1241276321057], [-118.511092152047, 34.1240908361314], [-118.511085028284, 34.1240618556872], [-118.51107784777, 34.1240347893298], [-118.511000031728, 34.1240867563789], [-118.510967004836, 34.1241018005608], [-118.510983153653, 34.1240746656407], [-118.51099704148, 34.1240462255391], [-118.510985676986, 34.1239750120696], [-118.5109706393, 34.1239300714166], [-118.510968773402, 34.1239022279273], [-118.510948329691, 34.1238792074582], [-118.510930173602, 34.1238524088381], [-118.510930129176, 34.1238211272949], [-118.510892589079, 34.1238296603321], [-118.510847205012, 34.1238235223349], [-118.510820222837, 34.1238433369396], [-118.510787920647, 34.1238641016713], [-118.510597397291, 34.1238603590094], [-118.510607733046, 34.123833876627], [-118.510574819733, 34.1238304599405], [-118.510538683322, 34.1238182996617], [-118.510526336631, 34.1237916282513], [-118.510566678664, 34.1238038002009], [-118.510558118712, 34.1237719954179], [-118.510581238132, 34.1237939889233], [-118.51061404075, 34.1237888027531], [-118.510413845798, 34.1235897649952], [-118.510440999918, 34.1235689998197], [-118.510415000002, 34.1235489997733], [-118.510353901765, 34.1234630095942], [-118.510332156672, 34.1233965312998], [-118.510366459942, 34.1233838767724], [-118.510342815455, 34.12329816765], [-118.51034054716, 34.1232706307973], [-118.510330948188, 34.1232367271832], [-118.510293237899, 34.1232373523617], [-118.510259690244, 34.1232402054849], [-118.510227782474, 34.1232211180645], [-118.509988700979, 34.1232438882886], [-118.509996977663, 34.1232159248794], [-118.509999455366, 34.123186834512], [-118.509966147336, 34.123178560497], [-118.509930742806, 34.1231641260227], [-118.509898261069, 34.1231583717205], [-118.50986348481, 34.1231576774106], [-118.509820145948, 34.1231554476755], [-118.509785364745, 34.1231352290265], [-118.509752333917, 34.1231271487922], [-118.509717211541, 34.1231348980715], [-118.50968385407, 34.1231275212422], [-118.509648725877, 34.1231114927945], [-118.509612823511, 34.1231156510028], [-118.509579896895, 34.1231241375384], [-118.509541540597, 34.1231244673392], [-118.509515476319, 34.1231438428897], [-118.509478311021, 34.1231514283581], [-118.509451421633, 34.1231676486], [-118.509434271219, 34.12319154099], [-118.509441660613, 34.12322243537], [-118.509103190405, 34.1231200749708], [-118.509072535487, 34.1231384654319], [-118.509032917927, 34.123128892483], [-118.508997658631, 34.1231141269534], [-118.508963062574, 34.1231110150411], [-118.508946288143, 34.1230815503104], [-118.508909253436, 34.1230637747928], [-118.508878000041, 34.1230477156415], [-118.508883068749, 34.1230184364975], [-118.508881001005, 34.1229908715718], [-118.50885673929, 34.122971926125], [-118.508825968751, 34.1229474251114], [-118.508805952504, 34.122917214768], [-118.508775569913, 34.1228855057362], [-118.508752795714, 34.1228643322258], [-118.508733121563, 34.1228416026619], [-118.508699060521, 34.1228441456996], [-118.508663528909, 34.1228425224908], [-118.50864237438, 34.1228669204398], [-118.50860790967, 34.1228630618721], [-118.508609072754, 34.1228937369447], [-118.508601355795, 34.1229223503754], [-118.508569873025, 34.1229372157448], [-118.508549631492, 34.1229113531524], [-118.508549298983, 34.1229109332012], [-118.508528800174, 34.1228850302763], [-118.508496198182, 34.1228746978717], [-118.508457078385, 34.1228668495297], [-118.50842252048, 34.1228590924072], [-118.508410338756, 34.1228294785162], [-118.508421015306, 34.12280123377], [-118.508450878427, 34.1227391408527], [-118.50841372179, 34.1227292554932], [-118.508394483606, 34.1227059545953], [-118.508437061888, 34.122418093918], [-118.508396771122, 34.1222411731279], [-118.508402999608, 34.1222309997934], [-118.508415216356, 34.1222190503675], [-118.508406119296, 34.1222114442104], [-118.508426911943, 34.1221852511312], [-118.508447812989, 34.1221501199673], [-118.508474627078, 34.1221282455125], [-118.50850897393, 34.1221155668574], [-118.508519149666, 34.1221173930317], [-118.508539999476, 34.1220970001733], [-118.508581000071, 34.1220880002026], [-118.508632988126, 34.1220801004554], [-118.508663679943, 34.1220537834891], [-118.508701696693, 34.1220611728936], [-118.508771308089, 34.1219629997274], [-118.508782341577, 34.1219330106386], [-118.508787659785, 34.1219014304352], [-118.508801045061, 34.1218729839561], [-118.508807831866, 34.1218450425722], [-118.508933641717, 34.1216121351377], [-118.508937428174, 34.1216051257311], [-118.508931323619, 34.1216117342956], [-118.508794000194, 34.1215879997297], [-118.508750136543, 34.1216364805962], [-118.50872530438, 34.1216230106903], [-118.508690492175, 34.1216005266299], [-118.508698419061, 34.1215696341452], [-118.508661877906, 34.1215731481232], [-118.508621065842, 34.1215446914006], [-118.508582763365, 34.1215392941965], [-118.508556413959, 34.1215170812656], [-118.508358366128, 34.1212692687914], [-118.508305087767, 34.1212026027467], [-118.508331617612, 34.1211706960394], [-118.508360959801, 34.1211564427925], [-118.508381788433, 34.121131771938], [-118.50840466275, 34.1211094627886], [-118.508437896703, 34.121098620415], [-118.508475399435, 34.1210864500376], [-118.508499367366, 34.1210622673848], [-118.508515778537, 34.1209529180896], [-118.508579682213, 34.1209039493628], [-118.508609061048, 34.1208903303005], [-118.508678337629, 34.1207822404441], [-118.508714973801, 34.1207900751871], [-118.508731982466, 34.1207872991917], [-118.508755350218, 34.1207834848731], [-118.508787361758, 34.1207676725335], [-118.50872520776, 34.1207759775907], [-118.50869678368, 34.1207284750298], [-118.508660000088, 34.1206670003767], [-118.508438000021, 34.1206880001848], [-118.508221000015, 34.120825999862], [-118.50808120728, 34.1208554796997], [-118.508073999864, 34.1208570000155], [-118.507991000194, 34.1209579997426], [-118.507910858182, 34.120977442583], [-118.507896591987, 34.120954930542], [-118.507882034813, 34.1209290610215], [-118.507852967291, 34.1209103039375], [-118.507821586515, 34.1208971925647], [-118.50778878916, 34.1209016955497], [-118.507750888268, 34.1208920571357], [-118.507729198462, 34.1208631877241], [-118.507720713281, 34.120834497451], [-118.507698147255, 34.1208075854912], [-118.507645597132, 34.1207889176555], [-118.507620204325, 34.1207708955692], [-118.507582009532, 34.1207755820738], [-118.507549846885, 34.1207921466757], [-118.507513225555, 34.1207991093677], [-118.507477981464, 34.1207892793574], [-118.507449336128, 34.1208044060672], [-118.50741877484, 34.1207883897797], [-118.507428505008, 34.1208146532464], [-118.507434988628, 34.1208483812009], [-118.507434776384, 34.1208497415267], [-118.50743052946, 34.1208768840078], [-118.507424363829, 34.1209054383988], [-118.507398730103, 34.1209247614478], [-118.507391799486, 34.120958729389], [-118.507381050401, 34.1209319369122], [-118.507371469504, 34.1209589419437], [-118.507353190797, 34.1209876154153], [-118.50734631693, 34.1210165238411], [-118.507392522674, 34.1210608211133], [-118.507374810359, 34.1210854631737], [-118.507362734452, 34.1211123634142], [-118.507327921998, 34.1211195832227], [-118.507288130909, 34.1211266810418], [-118.507207202313, 34.1210111333305], [-118.507208605066, 34.1209966038053], [-118.50721018735, 34.1209802086728], [-118.507196499465, 34.1209541926777], [-118.507180368876, 34.1209295483695], [-118.507167087644, 34.1209008962283], [-118.507139767852, 34.120883581744], [-118.507110491978, 34.1208656457321], [-118.507071568283, 34.1208585513217], [-118.5069157273, 34.1208661153987], [-118.506905290863, 34.1208980396261], [-118.506781349682, 34.1209226670139], [-118.506745416886, 34.120923324203], [-118.506711179159, 34.1209236727229], [-118.506675375433, 34.1209187186914], [-118.506652416524, 34.1208973962355], [-118.506626015375, 34.1208798998314], [-118.506591897337, 34.1208746757591], [-118.506558163239, 34.1208638943016], [-118.506533801301, 34.1208394864563], [-118.506501519193, 34.1208301826674], [-118.50647445682, 34.1208027815329], [-118.506436684371, 34.1207947292405], [-118.506395569284, 34.1207697962781], [-118.506366200582, 34.1207460701664], [-118.506402632175, 34.1207462643604], [-118.50640169273, 34.1207462340228], [-118.506365429581, 34.1207454470293], [-118.506364657514, 34.1207448229766], [-118.5063765421, 34.1207181357853], [-118.506393480368, 34.1206878365783], [-118.506422558046, 34.1206634625473], [-118.506437431433, 34.1206322167271], [-118.50645898833, 34.1205966013206], [-118.506166668305, 34.1204787602841], [-118.506119159456, 34.1204827382709], [-118.506087868162, 34.1204652723159], [-118.506046822207, 34.1204658821174], [-118.506005575523, 34.1204559738903], [-118.50595968535, 34.1204442242873], [-118.505994429188, 34.1204450780494], [-118.505999396652, 34.1204176989286], [-118.506003146311, 34.12028667538], [-118.505746000326, 34.1203049997578], [-118.505521999824, 34.1201660001905], [-118.50546600994, 34.1201044115074], [-118.505362000138, 34.1199900003808], [-118.505308000401, 34.1198049999457], [-118.505318000333, 34.1195590001579], [-118.505165999506, 34.1196050000298], [-118.504978999522, 34.1196220002615], [-118.504840999759, 34.119566999665], [-118.504773000078, 34.1194789997569], [-118.504903000443, 34.1193839997511], [-118.504964000371, 34.1192350003228], [-118.504861000136, 34.1191419995684], [-118.504746999576, 34.1189949999651], [-118.504585999712, 34.1189060001009], [-118.504488999716, 34.1188080002717], [-118.504467932277, 34.1187676204129], [-118.504623838061, 34.1186716226142], [-118.504595154966, 34.1186532023386], [-118.504590161499, 34.1186170081614], [-118.504586178365, 34.1185823643378], [-118.504585760265, 34.1185461093665], [-118.504584825618, 34.1185166802898], [-118.504590004759, 34.1184824487356], [-118.504592251494, 34.118453114576], [-118.504629378131, 34.118424501163], [-118.504646015699, 34.1183909166365], [-118.504664645922, 34.1183649373789], [-118.504667602059, 34.1183324400459], [-118.504680058146, 34.118305871343], [-118.504683604881, 34.118277332245], [-118.504687853253, 34.1182433544209], [-118.504710643642, 34.118220451635], [-118.504737557199, 34.1181964047917], [-118.504738178266, 34.118166292017], [-118.504751727162, 34.1181406950565], [-118.504768367073, 34.1181089244068], [-118.504767589544, 34.1180778962668], [-118.504766834467, 34.1180481422782], [-118.504767394846, 34.1180163698927], [-118.504762091063, 34.1179875596446], [-118.504768589335, 34.1179533390543], [-118.504761880868, 34.1179234781328], [-118.504757701619, 34.1178901975316], [-118.504770029912, 34.1178553853683], [-118.50474938471, 34.11782173014], [-118.504718674071, 34.117797729874], [-118.504689689734, 34.1177828603726], [-118.504658232018, 34.1177726400543], [-118.50462424098, 34.1177828592861], [-118.504594673809, 34.1177680812833], [-118.504558955939, 34.1177788575274], [-118.504524374515, 34.1177626470181], [-118.504500417044, 34.117742547834], [-118.504468922922, 34.1177228762718], [-118.504455068602, 34.1177478841125], [-118.504420644663, 34.1177425183083], [-118.504389976516, 34.1177169137883], [-118.504376056685, 34.1177436589055], [-118.50433364741, 34.1177362545409], [-118.504304831569, 34.1177550222413], [-118.504272822671, 34.1177376274404], [-118.504196369893, 34.1176803555417], [-118.504051781398, 34.1175548427355], [-118.503996982244, 34.117490995991], [-118.50406959317, 34.1175292008021], [-118.504095947122, 34.1175108741563], [-118.504131982689, 34.1175197474155], [-118.504167213888, 34.1175218170976], [-118.504193408799, 34.1175497520431], [-118.504220795882, 34.1175718823601], [-118.504254479875, 34.1175679581927], [-118.504287119844, 34.1175532894337], [-118.504273861049, 34.1174328020932], [-118.504250897638, 34.1174106613071], [-118.504214253457, 34.1174078672152], [-118.504196191502, 34.1173834476538], [-118.504231414328, 34.1173678427526], [-118.504265401803, 34.1173591760194], [-118.504298362961, 34.1173556877107], [-118.504330859072, 34.117363852752], [-118.504361788039, 34.1173537593152], [-118.504410698808, 34.1173384826805], [-118.504430299454, 34.1173162043152], [-118.504410538416, 34.1172911061846], [-118.504406082408, 34.1172583078384], [-118.504454165281, 34.1172022604384], [-118.504471086585, 34.1171744548066], [-118.50444382192, 34.1171582762307], [-118.504474115892, 34.1171406169225], [-118.504355605958, 34.117076337534], [-118.504332204036, 34.1170313138218], [-118.504294735282, 34.1170297034595], [-118.504259807061, 34.1170268192002], [-118.504244944237, 34.1170011028381], [-118.504192018604, 34.1169878871174], [-118.504165025972, 34.1169708627995], [-118.504133896739, 34.1169840890731], [-118.504152821938, 34.116958039807], [-118.504190300791, 34.1169634584047], [-118.504200398374, 34.1169371382448], [-118.504175098991, 34.1168918443808], [-118.504203163357, 34.1168736979098], [-118.504198173776, 34.1168435421307], [-118.504173829201, 34.1168714017914], [-118.503998410492, 34.1168018280023], [-118.503968153986, 34.1168147149901], [-118.503939401274, 34.1168010347266], [-118.50396612651, 34.1167848414803], [-118.503957764302, 34.1167501662416], [-118.503924545903, 34.1167610517232], [-118.503931355479, 34.1167219813873], [-118.503908056491, 34.116753070469], [-118.503903700609, 34.1167218068951], [-118.503817526926, 34.1166327409005], [-118.503791490273, 34.1166154549663], [-118.503757190579, 34.1166150525928], [-118.503716687806, 34.1166317014475], [-118.503686659856, 34.116643857518], [-118.503643793116, 34.1166339144811], [-118.50361113109, 34.1166295974842], [-118.503579483496, 34.1166169032652], [-118.503581454827, 34.1165893008903], [-118.503583014258, 34.1165605517726], [-118.503572225542, 34.1165326908546], [-118.503569674684, 34.1165047532515], [-118.503548466789, 34.1164774263045], [-118.503548756567, 34.1164480546905], [-118.503450246696, 34.1164039434735], [-118.50343493155, 34.1163775737481], [-118.503434986191, 34.116368299535], [-118.503437232993, 34.1163691340946], [-118.503434988825, 34.1163678181531], [-118.50343508184, 34.1163520110629], [-118.503439998916, 34.1163523325459], [-118.503435084349, 34.1163516504841], [-118.50343513208, 34.1163435968504], [-118.503420190381, 34.1163495815901], [-118.503407174633, 34.1163477744523], [-118.503386965341, 34.116324445337], [-118.50335309233, 34.1163344106163], [-118.503361193345, 34.1162993969991], [-118.503326170122, 34.1162910280997], [-118.503293490683, 34.1162859805409], [-118.503272144313, 34.1163071251336], [-118.503238699895, 34.1162920046482], [-118.503190881481, 34.1162072921111], [-118.503098815362, 34.1160441902811], [-118.502800756806, 34.1155161549205], [-118.502802156338, 34.1155090250695], [-118.502805253476, 34.115345951918], [-118.502648590336, 34.115110874048], [-118.502573317514, 34.1150166770399], [-118.502489252886, 34.1149642919642], [-118.502221897594, 34.1144906359465], [-118.502203745254, 34.1144651636031], [-118.502184372172, 34.1144295924938], [-118.502186498828, 34.1144018262313], [-118.502187234729, 34.1143742211002], [-118.502192557926, 34.1143436317675], [-118.502217463945, 34.1143227369475], [-118.502224451907, 34.1142941113821], [-118.502197126846, 34.1142712591735], [-118.502200412968, 34.1142351338157], [-118.502183541359, 34.1142038823434], [-118.502166252133, 34.1141158694736], [-118.50216474524, 34.1140872801448], [-118.502156965626, 34.1140596577818], [-118.502128142077, 34.1140424141221], [-118.502102983804, 34.1140219848204], [-118.502067389331, 34.114019205602], [-118.502086313289, 34.1139958449467], [-118.502081381536, 34.1139672052027], [-118.502096477814, 34.1139421119928], [-118.502093099886, 34.1139131158237], [-118.502089910033, 34.1138831223263], [-118.50205933059, 34.1138592437403], [-118.502040063963, 34.1138281230381], [-118.502019193309, 34.1138059352673], [-118.501996139423, 34.1137827676879], [-118.501978794809, 34.1137565062413], [-118.502006083651, 34.1137330418479], [-118.50200735582, 34.1137054022735], [-118.502010279716, 34.1136737942224], [-118.501982464118, 34.1136585714725], [-118.501981221962, 34.1136260954949], [-118.501969166365, 34.1136002578437], [-118.501943979833, 34.1135781873353], [-118.501905278636, 34.1135647309635], [-118.501889405818, 34.1135380975722], [-118.501849835832, 34.1135230097106], [-118.501818959209, 34.1135075348304], [-118.501792588631, 34.1134873031762], [-118.501763379043, 34.113469280822], [-118.50173467836, 34.1134543727293], [-118.501711865351, 34.1134289796595], [-118.501688526784, 34.1134282735436], [-118.501677011364, 34.1134279247599], [-118.501676994823, 34.1134162460952], [-118.501676971773, 34.1134002895748], [-118.501674084049, 34.1133621095977], [-118.501686988994, 34.1133343533473], [-118.501651910009, 34.1133352707393], [-118.501642393439, 34.1133037362759], [-118.501619489413, 34.1132830786368], [-118.501556068906, 34.113097512943], [-118.501476745993, 34.1130998050435], [-118.501460955321, 34.1130589960571], [-118.501506686144, 34.1129858464122], [-118.501500319848, 34.1129498772237], [-118.501455432981, 34.1129040311498], [-118.501428267335, 34.1128818975274], [-118.501405811551, 34.1128516416978], [-118.501379566171, 34.1128328251787], [-118.50136747932, 34.1128069374424], [-118.501362106527, 34.1127785902357], [-118.501384129333, 34.1127558284531], [-118.501384748082, 34.1127273283156], [-118.501376489628, 34.1126954894001], [-118.50136998143, 34.1126639096933], [-118.501354057214, 34.1126382311461], [-118.501381317553, 34.1126209320859], [-118.501395347218, 34.1125934908425], [-118.501428638113, 34.1125827674932], [-118.501415279075, 34.1125480117801], [-118.501405769243, 34.1125205811347], [-118.501396192475, 34.1124922237331], [-118.501384295342, 34.1124579551261], [-118.501373400156, 34.1124286364836], [-118.501369315543, 34.112395315312], [-118.50135319919, 34.1123690824923], [-118.5013390503, 34.1123419478567], [-118.501328835939, 34.1123091519269], [-118.50132026087, 34.1122773764448], [-118.50130950348, 34.1122620829523], [-118.501314000492, 34.112228999904], [-118.501267378182, 34.1121936626117], [-118.501279222132, 34.112164403091], [-118.501263242952, 34.1121401968986], [-118.501257040685, 34.1121065007806], [-118.50125047587, 34.1120714034191], [-118.501263746036, 34.1120458742605], [-118.501264297477, 34.1120152140435], [-118.50123325704, 34.1120001812726], [-118.50120132301, 34.1120138469831], [-118.501171180118, 34.1120022410049], [-118.501142480815, 34.1119838158665], [-118.501103083608, 34.111974399725], [-118.501066705017, 34.1119680379893], [-118.501088153308, 34.1119404761387], [-118.50110042853, 34.1119119128737], [-118.501102550827, 34.1118830808816], [-118.501112589926, 34.1118568349044], [-118.50113849015, 34.1118321461657], [-118.501154778261, 34.1118066837396], [-118.501154630138, 34.1117764416438], [-118.50110598921, 34.1116744110949], [-118.501089791225, 34.1116790546784], [-118.501094330794, 34.1116673421374], [-118.501206184356, 34.1115914088944], [-118.501239344939, 34.1115791936451], [-118.501263714362, 34.1115504521846], [-118.501273221281, 34.1115218002064], [-118.501314925532, 34.1115083900338], [-118.501341766074, 34.1114887459671], [-118.501362010584, 34.1114574881662], [-118.501339912897, 34.1114781628374], [-118.501185579876, 34.1113818594752], [-118.501199830484, 34.1113518553597], [-118.501215914123, 34.1113267066634], [-118.501202342442, 34.1113012131462], [-118.501179546549, 34.1112787248689], [-118.501195171259, 34.111251997864], [-118.501181793696, 34.1112266159799], [-118.501218795051, 34.1112273458774], [-118.501229227917, 34.1111940667712], [-118.501224580805, 34.1111668460485], [-118.501240159653, 34.1111397352795], [-118.501224448234, 34.1111142866517], [-118.501243053742, 34.1110882650601], [-118.501259840497, 34.1110594302057], [-118.501276938127, 34.1110292967177], [-118.501288872682, 34.1110000518758], [-118.500998000235, 34.1107059999388], [-118.501103000365, 34.1104420002507], [-118.501262999796, 34.110111999973], [-118.50138900015, 34.1097280002883], [-118.50182800038, 34.1095520003339], [-118.502300999613, 34.1095509998565], [-118.502604000344, 34.1093890004261], [-118.502677000219, 34.1089060002832], [-118.502717999562, 34.1086339998163], [-118.502806999627, 34.1082649995774], [-118.50295600014, 34.1081160004101], [-118.503024000217, 34.108124000243], [-118.503009999158, 34.1080939998398], [-118.503042999906, 34.1078220003782], [-118.503273000189, 34.1076510003838], [-118.503449999824, 34.1074190002366], [-118.503457858967, 34.1074112979028], [-118.503337927658, 34.1072146737971], [-118.503306008034, 34.1070511394257], [-118.503265205659, 34.1069865223534], [-118.503380461024, 34.1068190936877], [-118.503491917039, 34.106753343694], [-118.503456000163, 34.1066330000026], [-118.50348399976, 34.1066110004292], [-118.503516444815, 34.1065984307025], [-118.503510827854, 34.1065936085583], [-118.503317174878, 34.1064629033362], [-118.503201329759, 34.1062924410788], [-118.503041477648, 34.1062262605555], [-118.502966324513, 34.1061262386248], [-118.502892388073, 34.1059621521077], [-118.50292862049, 34.1058985465629], [-118.503244968959, 34.1058386203823], [-118.503358204544, 34.1058572824184], [-118.503299000154, 34.1057879997981], [-118.503532000071, 34.1057580003703], [-118.503592999855, 34.1057560000914], [-118.503591000435, 34.1057510000512], [-118.503803000216, 34.1056169995768], [-118.504157000237, 34.1056070000861], [-118.504527000095, 34.1057779995794], [-118.504740999496, 34.105985000123], [-118.504977999938, 34.1059499998019], [-118.505085000464, 34.1055810003813], [-118.50509000028, 34.1053320003733], [-118.50503899967, 34.1051349996216], [-118.504850999655, 34.104958000221], [-118.504640000497, 34.1045929998838], [-118.50469999977, 34.1043290000581], [-118.505100999609, 34.1042509997997], [-118.505463000404, 34.1043319999676], [-118.505424000465, 34.1039829998982], [-118.505173999557, 34.1037829999878], [-118.50485999959, 34.1035600001286], [-118.504851000487, 34.1034990001023], [-118.504705999558, 34.1033689998061], [-118.504728000427, 34.10311200017], [-118.504809000259, 34.1028379995967], [-118.504912692145, 34.1024846146283], [-118.504707844111, 34.1022480565805], [-118.504484084645, 34.1019915918193], [-118.504508827452, 34.1018688792907], [-118.504587844293, 34.1017207809445], [-118.504611452479, 34.1016577085871], [-118.504415037672, 34.1016141185477], [-118.504418572801, 34.1014277474129], [-118.504491906468, 34.1013429557087], [-118.504492683076, 34.1013019537831], [-118.504322451585, 34.1012959922307], [-118.504269378658, 34.1012580115532], [-118.504123890452, 34.1011293371238], [-118.504125515854, 34.101043605414], [-118.50407491943, 34.1008751640589], [-118.504056894638, 34.1006437679776], [-118.504032763477, 34.1004980447906], [-118.504036723809, 34.1002893071838], [-118.504077277055, 34.1000574735016], [-118.503931999524, 34.100024999838], [-118.503965000005, 34.0997890001209], [-118.504073999551, 34.0995579997795], [-118.503964000468, 34.0992419996114], [-118.504128000372, 34.099166999625], [-118.504408000496, 34.0991219996116], [-118.504923000332, 34.0989879996325], [-118.505315999809, 34.0991139999067], [-118.505741063009, 34.0991158282837], [-118.505748358469, 34.098909884705], [-118.505626903614, 34.0986957745816], [-118.505632413778, 34.0984050324189], [-118.50548442378, 34.0981719310239], [-118.505383752152, 34.0980438453729], [-118.505359266071, 34.0979167587052], [-118.505583511321, 34.0981471313973], [-118.505728573667, 34.0982981689045], [-118.505778563436, 34.0983051062495], [-118.505758000373, 34.0982160000998], [-118.505712000528, 34.0978619998103], [-118.505749999609, 34.0977120000879], [-118.505873000515, 34.0976510001642], [-118.506179999776, 34.0977039998833], [-118.50619714154, 34.0977049827507], [-118.50614013649, 34.0976324544532], [-118.505942003434, 34.0974434364041], [-118.505670614539, 34.0973354829981], [-118.505472552894, 34.0971427379869], [-118.505047074414, 34.0968873553728], [-118.504926400933, 34.0966322409962], [-118.504906750157, 34.0964865761385], [-118.504981279036, 34.0963384169633], [-118.504908275718, 34.0961696820868], [-118.504888201058, 34.0960463808143], [-118.505072260929, 34.0957952643663], [-118.505275475144, 34.0957159040348], [-118.505373610469, 34.0955046733904], [-118.505353180913, 34.0954000087961], [-118.505331452294, 34.0951275506213], [-118.505208732536, 34.094980532947], [-118.50512123437, 34.0945928242275], [-118.505188147775, 34.094543591914], [-118.505429376104, 34.0945300534312], [-118.505462461119, 34.094449355903], [-118.505464495762, 34.0943420043596], [-118.505368250695, 34.0942739292392], [-118.505301743524, 34.0943016911683], [-118.505157621031, 34.0943379797909], [-118.505029058685, 34.0943100457553], [-118.504983668366, 34.0942832026186], [-118.504985432294, 34.094190164125], [-118.505112663803, 34.0941369511435], [-118.505113432626, 34.0940963959659], [-118.505037262662, 34.094028583853], [-118.505070575068, 34.0939359591557], [-118.505200403015, 34.0938970976507], [-118.505358910041, 34.0938586112078], [-118.505346604675, 34.0937510724364], [-118.505313456259, 34.0936838237775], [-118.505185166266, 34.0936415759272], [-118.505028965077, 34.093558397428], [-118.505029960076, 34.0935059140654], [-118.505079484505, 34.0934659983922], [-118.505129279152, 34.0934117687076], [-118.505305716972, 34.0933353404328], [-118.505258997476, 34.0932273484413], [-118.50524822985, 34.0930386982359], [-118.505446054359, 34.0928933489269], [-118.505640633045, 34.0927677926418], [-118.505618650869, 34.0927451333038], [-118.50561942789, 34.092704131003], [-118.505768930078, 34.0926203374201], [-118.505770130784, 34.0925569713642], [-118.505770907742, 34.0925159681527], [-118.505748925581, 34.092493309735], [-118.505653095574, 34.09234664463], [-118.50568196088, 34.0922426269792], [-118.505707545274, 34.0920751835587], [-118.505810610111, 34.0920765348596], [-118.506059050369, 34.0919753965666], [-118.505940885273, 34.0918247109172], [-118.505943214722, 34.0917017038658], [-118.505989650423, 34.0916165587206], [-118.505967596754, 34.0915976273038], [-118.505767996014, 34.0914868863418], [-118.505797213985, 34.0913642317832], [-118.50592060531, 34.0912390830209], [-118.505902153552, 34.0910300504055], [-118.505850004925, 34.0909436118631], [-118.505709790566, 34.0907739943732], [-118.505783463886, 34.0906705649369], [-118.506040083826, 34.0906105464155], [-118.506159414431, 34.0905762107853], [-118.506153000422, 34.0905189997561], [-118.506133000213, 34.0903929996778], [-118.505995000409, 34.0903139996139], [-118.505776000435, 34.0901900001375], [-118.505692133345, 34.0901343095838], [-118.505611780831, 34.0902693717142], [-118.505313632534, 34.0903922283893], [-118.505086231444, 34.0903295907752], [-118.50504089646, 34.0901202042388], [-118.505046125537, 34.0898443692116], [-118.505052486262, 34.0895088939592], [-118.505030334164, 34.0892587986861], [-118.505209048475, 34.0890523508473], [-118.505337693499, 34.0888862586867], [-118.505321293754, 34.0885691269422], [-118.505345252826, 34.0884874158227], [-118.505442526702, 34.0884530819169], [-118.505410999934, 34.0884039997564], [-118.505361000469, 34.08812400045], [-118.505457999676, 34.087815000154], [-118.505547647656, 34.0877751558932], [-118.505547999584, 34.0877750000312], [-118.505526523008, 34.0877520424384], [-118.505519000167, 34.0877440001684], [-118.505519011116, 34.0877438227053], [-118.505518818948, 34.0877436119256], [-118.505543574445, 34.0873566043298], [-118.505590343586, 34.0872985316952], [-118.505635335716, 34.0872426670903], [-118.505672273465, 34.087196801502], [-118.505769000156, 34.0870759998819], [-118.505909000376, 34.086819999999], [-118.506126505518, 34.0868030208018], [-118.506446879823, 34.0867778410549], [-118.506688390483, 34.0868367791019], [-118.506721231516, 34.0868455939278], [-118.506805000532, 34.0866990002545], [-118.50685800041, 34.0866650000625], [-118.507017000299, 34.0865000002983], [-118.507159000058, 34.0862510003355], [-118.50716700005, 34.0860650001412], [-118.507389000341, 34.0859410002907], [-118.507584999888, 34.0858170002793], [-118.507740999581, 34.0856049997328], [-118.507948999625, 34.0854469997695], [-118.508271999834, 34.0854730001357], [-118.508540999796, 34.0856100004245], [-118.50908199967, 34.0855359998717], [-118.509338999947, 34.0855550003931], [-118.509604999583, 34.0854350003917], [-118.509633999748, 34.0854180003315], [-118.509646999838, 34.0853640002208], [-118.509783000102, 34.0849690001904], [-118.509817821509, 34.0846615768155], [-118.50976968357, 34.0845509417813], [-118.509781237128, 34.0843281273624], [-118.509898601723, 34.0841402913645], [-118.5101091184, 34.0840867622903], [-118.509985999583, 34.0836620000478], [-118.509923000148, 34.0834180002827], [-118.50957499977, 34.0833359997953], [-118.509239999158, 34.0832109997767], [-118.509482000077, 34.0830589996505], [-118.510007000298, 34.0829499996486], [-118.510157999714, 34.0829460002062], [-118.510129000375, 34.0829310004504], [-118.509985999953, 34.0828169999948], [-118.510048000268, 34.0825149998125], [-118.510588000115, 34.0822809997665], [-118.510824999889, 34.0822230002403], [-118.511207000482, 34.0821909998129], [-118.511023999949, 34.0817800003658], [-118.511028000467, 34.0815839999301], [-118.511404000174, 34.0814069997893], [-118.511800999794, 34.0815260002888], [-118.51185600029, 34.0815809998125], [-118.511976000169, 34.0815189995814], [-118.512298000404, 34.0814119999357], [-118.512710000303, 34.0814469998509], [-118.513067000373, 34.0813640000431], [-118.513495000061, 34.0814619996656], [-118.513719000337, 34.08160499988], [-118.513823000461, 34.0816739995726], [-118.51401100021, 34.0818650002615], [-118.514024999835, 34.0818740000915], [-118.514302999894, 34.0817280001166], [-118.513502000239, 34.0811519997332], [-118.512935000137, 34.0802899999041], [-118.512515000455, 34.0798580002312], [-118.512518000094, 34.0792709997927], [-118.512099000408, 34.0782059999776], [-118.511244000248, 34.0771489998085], [-118.510382000479, 34.075958000317], [-118.509734000135, 34.0749379999666], [-118.509785000151, 34.0744980000407], [-118.50898699896, 34.0739790002506], [-118.508720999696, 34.0735310000359], [-118.50810099994, 34.0726749996178], [-118.508083921996, 34.0726519094505], [-118.507774144763, 34.072233063221], [-118.507360094717, 34.0716732234495], [-118.506823000278, 34.0709469996069], [-118.50664899959, 34.0707919998314], [-118.506265000113, 34.070748000034], [-118.505951999686, 34.0704249995687], [-118.505569999603, 34.0703680003707], [-118.505356999778, 34.0701990002826], [-118.505165999501, 34.0698220004302], [-118.505099999691, 34.0692149995906], [-118.50498599951, 34.0690450002722], [-118.504986999786, 34.068158000183], [-118.50459499972, 34.0679440000737], [-118.504605000046, 34.0672009996668], [-118.504466000063, 34.0669430000937], [-118.504166999784, 34.0667140004335], [-118.503726000499, 34.0666830003699], [-118.503451999661, 34.0668689995613], [-118.503181999861, 34.0669009999248], [-118.501972000028, 34.0661859999444], [-118.501717999908, 34.0659680002751], [-118.501469000094, 34.0657710004007], [-118.501237999837, 34.0655930003827], [-118.501229000022, 34.0653550003378], [-118.501091999541, 34.0649530003201], [-118.501000999548, 34.0647830002195], [-118.500768000371, 34.0646800003867], [-118.5006000002, 34.0645419997157], [-118.500566000535, 34.0644130004159], [-118.500583999914, 34.0642269996713], [-118.500572000154, 34.064101000031], [-118.500839999768, 34.0640159999667], [-118.50099399998, 34.0642469999039], [-118.501002000178, 34.0644160000038], [-118.501045000165, 34.0645330003502], [-118.501329000037, 34.0646650000041], [-118.501597999892, 34.064557000328], [-118.501831000323, 34.0645719997825], [-118.501962000254, 34.0646669998873], [-118.502084000346, 34.064661000133], [-118.502187999703, 34.0645829996366], [-118.502274000279, 34.0646660000507], [-118.502154000262, 34.0647520000317], [-118.501994999526, 34.0647969998261], [-118.501852000539, 34.064864000107], [-118.501870000445, 34.0649729997621], [-118.501984999656, 34.0651000001021], [-118.502194999989, 34.0651129995744], [-118.502405999611, 34.0650679996749], [-118.502507000511, 34.0648779995646], [-118.502607999997, 34.0647569999074], [-118.502553000405, 34.0645459997527], [-118.502364000333, 34.0644249999409], [-118.502295999741, 34.0642780004324], [-118.502400999771, 34.0641650000069], [-118.502563000014, 34.0640759995703], [-118.50256899955, 34.0638769995657], [-118.502619999873, 34.0636159996729], [-118.502792000457, 34.0634409995973], [-118.503061000526, 34.0633000003471], [-118.50325900015, 34.0631669996104], [-118.503278000228, 34.0629559997548], [-118.503321000137, 34.0627530002383], [-118.503318999608, 34.0625720003916], [-118.503527000425, 34.0624129999638], [-118.503870999836, 34.0623390004098], [-118.504102000373, 34.0624459998267], [-118.504258000508, 34.062586999918], [-118.50450500044, 34.0626250004462], [-118.504679999771, 34.0625030001876], [-118.504527000358, 34.0622650001154], [-118.504383000273, 34.0620959996788], [-118.504537000282, 34.0619350000353], [-118.504831999529, 34.0618220001221], [-118.505174999529, 34.0618519999474], [-118.505397999521, 34.0617819996114], [-118.505359000183, 34.0615640001625], [-118.505487000231, 34.0612599997458], [-118.505540000097, 34.0610069995832], [-118.505317999801, 34.0608399998116], [-118.50508400033, 34.0608960001585], [-118.504880000187, 34.0609920002967], [-118.504799000298, 34.0611590003509], [-118.504584000148, 34.0611910000653], [-118.504459999795, 34.0609990002969], [-118.504381000489, 34.0607100001898], [-118.504385000417, 34.0603610001484], [-118.504499000144, 34.0600980000593], [-118.504789999817, 34.0600770002314], [-118.50505699997, 34.0601500003003], [-118.505204999843, 34.0599859996069], [-118.505113000476, 34.0597560000935], [-118.504907999884, 34.0596899996068], [-118.504808000396, 34.059533999591], [-118.504882000484, 34.0592949997023], [-118.505066000153, 34.059287000307], [-118.505251999834, 34.0593749996321], [-118.505526999507, 34.0593250004041], [-118.505832999588, 34.0591609996577], [-118.506009999636, 34.0589059998388], [-118.506053000163, 34.0584940002659], [-118.505878999574, 34.0580949998297], [-118.505743000537, 34.0577560002994], [-118.505712999521, 34.0574509995547], [-118.505459999685, 34.0571469995576], [-118.50510800035, 34.0568390003684], [-118.504949999678, 34.0565450000555], [-118.504964000216, 34.056302000426], [-118.505079000322, 34.0560539998172], [-118.505190999902, 34.0558019998849], [-118.505300000301, 34.0555639999601], [-118.505325000126, 34.055437000289], [-118.505342000345, 34.0552099996185], [-118.505497000271, 34.0549639999824], [-118.505693999515, 34.0546679998606], [-118.505721000442, 34.054397999923], [-118.50566100007, 34.0541460002238], [-118.505509999811, 34.0540250003153], [-118.505330000386, 34.05397299971], [-118.505129000103, 34.053857999598], [-118.505066999767, 34.0537859999726], [-118.50515500029, 34.0537009998262], [-118.505366999459, 34.0537350002373], [-118.505516999596, 34.0536179999532], [-118.505584000336, 34.0534739997652], [-118.505569999666, 34.0533359998818], [-118.505751000119, 34.0533170004291], [-118.505932999645, 34.0531870000606], [-118.505966999715, 34.0530040002876], [-118.506099999806, 34.0528929998722], [-118.506277999483, 34.052832000197], [-118.506466999873, 34.052719999941], [-118.506717999735, 34.0525670000041], [-118.5068970005, 34.0523199998058], [-118.506953000196, 34.0521460000542], [-118.506944999745, 34.0520059997477], [-118.506858999889, 34.0518880000135], [-118.506637999544, 34.0518630002359], [-118.506503000188, 34.0519020001948], [-118.506464999507, 34.0517700002617], [-118.506528999873, 34.0516569999354], [-118.506649000212, 34.0515239998609], [-118.506563000502, 34.0513779999834], [-118.506603000543, 34.0512439996583], [-118.506716000068, 34.0511109996364], [-118.506859000394, 34.0511160001255], [-118.506904000488, 34.0510729998282], [-118.507047999618, 34.0510649995888], [-118.507200999865, 34.0511379998896], [-118.507275999624, 34.0512910002735], [-118.507226000049, 34.0514270002257], [-118.507229000277, 34.0514730000021], [-118.507474999491, 34.0515929996892], [-118.507479000253, 34.0515989999142], [-118.507664999496, 34.0515720000077], [-118.50773199978, 34.0517309998715], [-118.507659999554, 34.0518579996278], [-118.507795000022, 34.0520400000254], [-118.507871999465, 34.0522189999767], [-118.507931000426, 34.0522450002849], [-118.508135000508, 34.05227800008], [-118.508348000274, 34.0522409997261], [-118.508609000142, 34.0523550002235], [-118.508950000483, 34.052320000103], [-118.509242999648, 34.0522139997707], [-118.509360999633, 34.0520630002754], [-118.509628999467, 34.0519709998632], [-118.509644999568, 34.0515999997203], [-118.509573000453, 34.0512859997592], [-118.509419000333, 34.0509190002632], [-118.509005000052, 34.0505529997207], [-118.508717999663, 34.0504930002205], [-118.508506000378, 34.0505210002495], [-118.508315999512, 34.0503659995683], [-118.508315999783, 34.050361000239], [-118.508256999664, 34.0503690000426], [-118.507967999814, 34.0504949999142], [-118.507830999678, 34.0504789997306], [-118.507814000279, 34.0504459996186], [-118.507794000175, 34.0504110001278], [-118.507918999583, 34.0503619996857], [-118.508146000356, 34.0502949995762], [-118.50807999956, 34.050198999894], [-118.508067000548, 34.0501879996908], [-118.508012000142, 34.0501560002846], [-118.508030999824, 34.0501329997754], [-118.508165000397, 34.0499850003027], [-118.508333999878, 34.0501029998836], [-118.508800000288, 34.0499440001878], [-118.50910700053, 34.0499709997542], [-118.509334000101, 34.0501380003456], [-118.509515999951, 34.0504239997609], [-118.509706000003, 34.0506019998153], [-118.510033000473, 34.0508870003038], [-118.510309999555, 34.0510489997761], [-118.510711999689, 34.0511219995806], [-118.510963000226, 34.0511230001278], [-118.511409000439, 34.0509410002346], [-118.511689999585, 34.0505269998221], [-118.511832000205, 34.0502039997338], [-118.511918999862, 34.0498690000813], [-118.512006000121, 34.0494650004251], [-118.511829000406, 34.0490619999763], [-118.511453999994, 34.0489329998581], [-118.511329999577, 34.0487469996576], [-118.511681000139, 34.0485049998205], [-118.511711000288, 34.0482260003474], [-118.511336000159, 34.0480959998032], [-118.510978000027, 34.0480589997579], [-118.510796999518, 34.0481499997938], [-118.510475000444, 34.0483209997516], [-118.510016999831, 34.0482810001991], [-118.509763000108, 34.0481860003036], [-118.509562000468, 34.0480599996112], [-118.509238999838, 34.0478899997602], [-118.50917800025, 34.0476439998617], [-118.509403000202, 34.0473969998683], [-118.509644999687, 34.0472919995739], [-118.510108000363, 34.0475349999828], [-118.510448000461, 34.0473350003266], [-118.510505000528, 34.0470319999592], [-118.510791000035, 34.0469870004242], [-118.510990000318, 34.0469539999859], [-118.510991999464, 34.0466320003513], [-118.510655999994, 34.0464550001747], [-118.510591999565, 34.0461979998366], [-118.510532000488, 34.0459840001853], [-118.510702999635, 34.0450469999603], [-118.510601000444, 34.044396999625], [-118.510961999583, 34.0439659998472], [-118.511215999472, 34.043832999551], [-118.51136200005, 34.0440230004227], [-118.511084999507, 34.0445210000873], [-118.511191000104, 34.044824000109], [-118.510923000311, 34.0458099997916], [-118.511011000418, 34.0460440003122], [-118.511392999559, 34.0464360003963], [-118.511473000387, 34.0467849998855], [-118.511401000064, 34.0470750002574], [-118.511440999785, 34.0472600003207], [-118.511813999469, 34.0476579998743], [-118.512866000424, 34.0481050000117], [-118.51318799958, 34.0478890001564], [-118.513418000143, 34.0468639999683], [-118.513579000192, 34.0464930001664], [-118.513981999528, 34.0462700000224], [-118.514344999464, 34.0459399999532], [-118.514735000237, 34.0459280003441], [-118.514830999479, 34.046281000027], [-118.515490999551, 34.0460489999491], [-118.515298999807, 34.0453889999093], [-118.515543000384, 34.0451900000044], [-118.516623999875, 34.0449840000054], [-118.516817999572, 34.044720000012], [-118.516971000166, 34.0442929996964], [-118.517086000525, 34.0429769996522], [-118.517650000241, 34.0416170003745], [-118.518589999954, 34.041274000011], [-118.518468000515, 34.0407919996218], [-118.51829799976, 34.0405610004141], [-118.518483999647, 34.0404339998469], [-118.518864999899, 34.0405950001545], [-118.51914700025, 34.0408539997828], [-118.520487000469, 34.0408930000311], [-118.520739999578, 34.0408109995819], [-118.520809000014, 34.0405489998692], [-118.520549000517, 34.0401200002149], [-118.520485000175, 34.0397499999687], [-118.520125999738, 34.0396589999449], [-118.52009200044, 34.0400710002789], [-118.519799999485, 34.0400920003826], [-118.519648000524, 34.0398839997528], [-118.519791000255, 34.0394809995907], [-118.520136999674, 34.0394490002257], [-118.520296000018, 34.0392059999701], [-118.520315999888, 34.0386980003911], [-118.520048999891, 34.0385469998866], [-118.51954600009, 34.0386709997947], [-118.519310999678, 34.0384850003542], [-118.519424000287, 34.0383120002951], [-118.519848000058, 34.0380489999945], [-118.520151000104, 34.0380969999976], [-118.520319000309, 34.0383059999049], [-118.520498999608, 34.0383639998591], [-118.520680000251, 34.038238999744], [-118.520750999951, 34.038020000245], [-118.520644000485, 34.037706999965], [-118.52064700004, 34.0373839997071], [-118.52078699977, 34.0370070002803], [-118.522763000439, 34.038665000385], [-118.523260999515, 34.0384370000861], [-118.52308899996, 34.0377919998097], [-118.522897999778, 34.0374909999395], [-118.522899999556, 34.0370989995777], [-118.523083261166, 34.0367630657557], [-118.523317368878, 34.0362895974305], [-118.523527918464, 34.035894280648], [-118.524323712657, 34.0351228064257], [-118.524699878021, 34.0346515053166], [-118.525041800734, 34.0340661775801], [-118.525382458374, 34.0335396466582], [-118.525469759103, 34.0331302564092], [-118.525583891257, 34.0325938684295], [-118.525438775371, 34.0321761983683], [-118.525102913047, 34.0320500197971], [-118.524375685069, 34.031832862262], [-118.524080657737, 34.0316137507468], [-118.52373248672, 34.0313121752622], [-118.52305639258, 34.0310628442792], [-118.522587567826, 34.0307354972229], [-118.522178673567, 34.0305581189714], [-118.522089110573, 34.0304170915391], [-118.522187629629, 34.0301832832798], [-118.522344364717, 34.0299643198263], [-118.522447362726, 34.0298492709874], [-118.522985941858, 34.0302221977335], [-118.524576229606, 34.0310349472415], [-118.525871316302, 34.0315951696433], [-118.526626960887, 34.0319129045359], [-118.527449226516, 34.0321590344135], [-118.527947546841, 34.0322741670876], [-118.528856837305, 34.0325214124442], [-118.532096073927, 34.033849374679], [-118.534405667233, 34.0348573271064], [-118.534741897651, 34.0352266024964], [-118.535237000305, 34.0356740003138], [-118.535298000134, 34.0359130002306], [-118.535006000147, 34.0363250004093], [-118.535217000361, 34.0365640003276], [-118.535768999761, 34.0361560002801], [-118.535920999725, 34.0359410000157], [-118.536565999537, 34.0360689999989], [-118.539014999848, 34.037541000061], [-118.539450999773, 34.0376630001492], [-118.53962300006, 34.0378090004467], [-118.539446999621, 34.0381439996756], [-118.538758999985, 34.0384089999198], [-118.538468000175, 34.0389400001852], [-118.538652999625, 34.0391070000125], [-118.539533000177, 34.0391479999576], [-118.539962999924, 34.0385960003784], [-118.540279000092, 34.0386629999978], [-118.540903000356, 34.0385120002917], [-118.540999000453, 34.0385589999372], [-118.540854999601, 34.038672999748], [-118.540353999602, 34.0388309997618], [-118.540261000243, 34.0389560001351], [-118.540394999726, 34.0391069999486], [-118.541161000254, 34.0391420001317], [-118.541457000432, 34.0388290001241], [-118.543701000418, 34.0392440003707], [-118.544819999619, 34.0395490001243], [-118.5456789995, 34.0396630002669], [-118.546640000161, 34.0396570000646], [-118.548857000513, 34.0394760002575], [-118.550194000129, 34.0395849997466], [-118.551876999516, 34.0392409996983], [-118.552327999917, 34.0390189999649], [-118.552773000259, 34.0389680003459], [-118.552988000219, 34.0390260002676], [-118.552966000374, 34.0392100000468], [-118.55309600047, 34.039372999818], [-118.553756999618, 34.0395499999227], [-118.553918000434, 34.0396910002871], [-118.553812000067, 34.0399959996832], [-118.553458999461, 34.0404350000407], [-118.553593000526, 34.040639000291], [-118.554135999947, 34.0405349999081], [-118.55434099979, 34.040714000442], [-118.554421000489, 34.0409180002541], [-118.554737000505, 34.0410030002353], [-118.555168999605, 34.0408760002792], [-118.55528699946, 34.0407610002715], [-118.555318000276, 34.0405449997615], [-118.555574000071, 34.0404849999557], [-118.556308999701, 34.0411160002175], [-118.556467999841, 34.0414890002859], [-118.556324999494, 34.0415820002581], [-118.555666000387, 34.0413590002632], [-118.555324999538, 34.0413250000671], [-118.55520100036, 34.0414070004052], [-118.554979000381, 34.0413340001116], [-118.554969999492, 34.0417390003952], [-118.554862000243, 34.0418090002652], [-118.554725000259, 34.041693999864], [-118.553891000137, 34.0418080000033], [-118.55368599969, 34.0420129997904], [-118.553658000017, 34.0426700001348], [-118.553420000029, 34.0429970003917], [-118.553150999536, 34.043103999727], [-118.553023000134, 34.0430950003404], [-118.553002999972, 34.0431110001655], [-118.552757000285, 34.0431300004488], [-118.552735000171, 34.0428880000194], [-118.552901999717, 34.0427350001249], [-118.553304999669, 34.0421240002771], [-118.553218999829, 34.0419029998869], [-118.552921000371, 34.0416300003568], [-118.552669000504, 34.0415900004397], [-118.552666999829, 34.0416330000317], [-118.552561999588, 34.0418809998767], [-118.552253999996, 34.0418539996898], [-118.552087000469, 34.0415799997987], [-118.552082000258, 34.0413380003469], [-118.552212999853, 34.041113000123], [-118.552429000009, 34.0410050001064], [-118.55242899981, 34.0408609999347], [-118.552244999968, 34.0407299997003], [-118.55189000038, 34.0407270000996], [-118.551412000439, 34.0409600000877], [-118.551322999653, 34.0413350002128], [-118.551661999837, 34.0416099996254], [-118.551746999957, 34.0421769999541], [-118.551128000169, 34.0429310002361], [-118.551093000238, 34.0436530001347], [-118.550801000409, 34.0439489998038], [-118.551249999549, 34.044600999861], [-118.551360000197, 34.0458820001199], [-118.551921999796, 34.0464329998546], [-118.55221799985, 34.0465849995938], [-118.552280999683, 34.046781000057], [-118.551890999584, 34.0470900001103], [-118.551460000316, 34.0477429998729], [-118.551511000289, 34.048352000058], [-118.551717000025, 34.048616999888], [-118.551507999473, 34.0498409999896], [-118.551855000105, 34.0510539997228], [-118.551805999618, 34.0520940000362], [-118.551996999816, 34.0524889998336], [-118.552558000175, 34.0525970002174], [-118.553088999837, 34.0528489999808], [-118.553319000467, 34.0528170003232], [-118.553454999519, 34.0526549998761], [-118.553456999544, 34.0524470000663], [-118.55312699999, 34.0517029999538], [-118.553037000515, 34.0511839996373], [-118.552778000095, 34.0508000001388], [-118.55285799958, 34.0495789998579], [-118.553535000288, 34.0495019999411], [-118.553922999533, 34.0493519996842], [-118.554193999879, 34.0491679999792], [-118.554251000509, 34.0487090003988], [-118.554155000312, 34.0484400002714], [-118.553617999829, 34.0480959999615], [-118.55349800032, 34.0479139996407], [-118.553649999471, 34.047549000387], [-118.553452999621, 34.0471510002224], [-118.55297300019, 34.0467370003547], [-118.552978000099, 34.0462359997244], [-118.552879000052, 34.0458190004246], [-118.553126999568, 34.0452650003355], [-118.553514999813, 34.0450290000289], [-118.553579000346, 34.0447069997338], [-118.553853000017, 34.0444609996391], [-118.553876999576, 34.0442239999004], [-118.554059999805, 34.0441880002735], [-118.55421400033, 34.0442930000858], [-118.554164999995, 34.0448379998359], [-118.554062999614, 34.0450629999032], [-118.554143999997, 34.0453329999414], [-118.554381000023, 34.0455039999979], [-118.555114000325, 34.0455229997382], [-118.555472000479, 34.0456700002709], [-118.555920999764, 34.0457269999547], [-118.556288000081, 34.0456789996943], [-118.556515000033, 34.045444000321], [-118.556439999887, 34.0450749996141], [-118.556522999503, 34.0447020002963], [-118.556591000065, 34.0445270003762], [-118.55684599946, 34.0442800004325], [-118.55660800003, 34.0439559996672], [-118.556402000026, 34.043813999908], [-118.55600699977, 34.04379200022], [-118.555638000234, 34.0439420002063], [-118.555771000272, 34.0443129996787], [-118.555616999664, 34.0445329997301], [-118.555358999576, 34.0445969997671], [-118.554623000055, 34.0441209995946], [-118.55431199973, 34.0435259997815], [-118.553885000202, 34.0437579997929], [-118.55377599987, 34.0439189997891], [-118.553774000254, 34.0442450001427], [-118.55364500041, 34.0443530001342], [-118.553492000037, 34.0441399996844], [-118.553289999828, 34.044147999732], [-118.5532270004, 34.0439759996672], [-118.553025000354, 34.0438540003933], [-118.553592000127, 34.0431120004102], [-118.554130999527, 34.0427250003963], [-118.554492999649, 34.0422719996465], [-118.555111000485, 34.0423220002903], [-118.555356999648, 34.042175000141], [-118.555533000485, 34.041787999839], [-118.555845999824, 34.0417799996568], [-118.556141000024, 34.0422230002735], [-118.556681999614, 34.0425410003246], [-118.557729000071, 34.0424929998909], [-118.558069999633, 34.0419899999833], [-118.558557999768, 34.0418350003847], [-118.55861400042, 34.0416050002382], [-118.558163999857, 34.0413610000709], [-118.558159000291, 34.0412090000578], [-118.557998000519, 34.0409340002218], [-118.557787000279, 34.0409300003668], [-118.55733700013, 34.0407809995691], [-118.557234000473, 34.0406739998625], [-118.556643999591, 34.0405579998226], [-118.556632999901, 34.0404550000829], [-118.556778999583, 34.0403570004333], [-118.557224999867, 34.0404909999156], [-118.557288000203, 34.0404010001357], [-118.557277999768, 34.0402510003031], [-118.556969999969, 34.039934999868], [-118.556973999597, 34.0395139996687], [-118.55661700023, 34.0392940003195], [-118.556615999855, 34.0391200001841], [-118.556808000279, 34.0390830003095], [-118.556968000349, 34.0390610002265], [-118.557563999485, 34.0392979997398], [-118.557992000398, 34.039633000251], [-118.558397000387, 34.04012899971], [-118.558839000105, 34.0401490004049], [-118.558946000429, 34.0400300003766], [-118.559028000093, 34.0396900002779], [-118.559128000505, 34.0396199997628], [-118.560317000283, 34.0399720000096], [-118.56042600041, 34.0400859997759], [-118.560119000189, 34.0405099996219], [-118.560134999811, 34.0406720003368], [-118.560282000495, 34.0409010002334], [-118.560547999626, 34.0410589995613], [-118.560611000265, 34.041309999968], [-118.560889000207, 34.0416890000072], [-118.560838000138, 34.0420589997823], [-118.561161999749, 34.0421639998698], [-118.561192000479, 34.0422790002324], [-118.560658000432, 34.0422990003305], [-118.56030899968, 34.042147000081], [-118.559608000344, 34.0422260003836], [-118.559808999486, 34.0424849996048], [-118.55980399962, 34.0426709999417], [-118.560264000357, 34.0434109998719], [-118.56040600001, 34.0438110000598], [-118.560175000418, 34.0438079997496], [-118.55975400002, 34.0436230002178], [-118.559617999566, 34.0436040003945], [-118.559619000335, 34.0436780003983], [-118.559790999516, 34.044164000307], [-118.560297000334, 34.0444810004297], [-118.560701999795, 34.0445679999335], [-118.560836000028, 34.0447819998609], [-118.561079999644, 34.04475600018], [-118.561166000277, 34.0445589999597], [-118.561452000371, 34.0445770002818], [-118.561600999901, 34.0447310003431], [-118.561612000344, 34.0449110002802], [-118.561421000101, 34.0450619998619], [-118.561375999658, 34.0454179995629], [-118.562041000361, 34.0454770000119], [-118.562641000469, 34.0452140001998], [-118.562853000258, 34.0449009998992], [-118.563113999945, 34.0449020002334], [-118.563458000374, 34.04453800028], [-118.563974000488, 34.0443770000381], [-118.564134999924, 34.0439800002119], [-118.564043999557, 34.0435339996614], [-118.564242999828, 34.0434969998618], [-118.56448399981, 34.0436929999311], [-118.564636999914, 34.0439370000839], [-118.564746000051, 34.0446729997091], [-118.56432800022, 34.0451189998108], [-118.564273999732, 34.0454700004057], [-118.564396000042, 34.0458180001037], [-118.564560000297, 34.0459250003971], [-118.564621000041, 34.0461829997029], [-118.564506999599, 34.0462249996921], [-118.56416300006, 34.0460820000812], [-118.564129000023, 34.0458579998987], [-118.563892000003, 34.04571299977], [-118.56372999948, 34.0457640001885], [-118.563468000363, 34.0461359995886], [-118.563335999912, 34.046167000101], [-118.563188000462, 34.0457960000005], [-118.563077000265, 34.045748000103], [-118.56279799967, 34.0457580000683], [-118.562405999531, 34.0458800002845], [-118.562332000346, 34.0459780003447], [-118.562509000143, 34.0462140002715], [-118.562967999677, 34.0463519996291], [-118.563588000205, 34.0462910004466], [-118.563701999904, 34.0463500000474], [-118.563662999542, 34.0465389996227], [-118.563758000247, 34.0466430003588], [-118.564105999959, 34.0465729998678], [-118.564860000218, 34.0467490002827], [-118.565120999633, 34.0467460000965], [-118.565291000322, 34.0466469996857], [-118.565622000413, 34.046285000286], [-118.565751000544, 34.0459159997206], [-118.565767000047, 34.0455830000252], [-118.566276000079, 34.0451680002532], [-118.566367000135, 34.0448129997717], [-118.566256000178, 34.0445330003616], [-118.566580000165, 34.044103999646], [-118.566575999911, 34.0437370000597], [-118.566446000061, 34.0437069997777], [-118.566371000499, 34.0439189997831], [-118.566036000418, 34.0439120001349], [-118.566132999628, 34.0434139995703], [-118.566116999563, 34.0430710004249], [-118.566032999873, 34.0429689997289], [-118.56562499964, 34.0431300000931], [-118.565716000252, 34.0434409997034], [-118.56554200027, 34.0436590003432], [-118.565257000143, 34.0437150001994], [-118.565056999544, 34.0432910000837], [-118.564732000199, 34.0433010003572], [-118.564500000272, 34.0431519996398], [-118.564369000112, 34.0429199997891], [-118.564075999717, 34.0428319999606], [-118.563722999505, 34.0428720000096], [-118.563323999572, 34.0436420002334], [-118.563031000413, 34.0436049999565], [-118.562751999941, 34.0432580000464], [-118.562739999889, 34.0430199996047], [-118.56291899951, 34.042833999599], [-118.562931000379, 34.0426179996436], [-118.562751000516, 34.0423869995967], [-118.562388999799, 34.0423669999358], [-118.562153999486, 34.0422369997719], [-118.562215000058, 34.041959999842], [-118.561809000463, 34.0414910000819], [-118.561672000197, 34.040982999608], [-118.561790999869, 34.0407399999343], [-118.562439999777, 34.0408000004142], [-118.563465000253, 34.0413669996098], [-118.56431700027, 34.0414740000062], [-118.565050999696, 34.0413599999508], [-118.566863000024, 34.0417219998839], [-118.567100000163, 34.0418510002945], [-118.567282000237, 34.0426890002241], [-118.567625999897, 34.0428679997335], [-118.56773300043, 34.043108000282], [-118.567780000258, 34.0437040002842], [-118.567533000538, 34.044103999611], [-118.567389000365, 34.0446369999597], [-118.566965999584, 34.0446250003676], [-118.566825999693, 34.0447079999469], [-118.566778999569, 34.0450430000642], [-118.566538999742, 34.0454909998089], [-118.566804000304, 34.0456469999365], [-118.566705000037, 34.045963999669], [-118.566772999595, 34.0462340003012], [-118.567368000336, 34.0462990001587], [-118.567635000293, 34.0463839998025], [-118.567741000429, 34.0465169998407], [-118.567648000122, 34.0466630001222], [-118.567072000416, 34.0465869998443], [-118.566633999534, 34.046633999717], [-118.565549000109, 34.0476990004531], [-118.565072999667, 34.0479069999453], [-118.565049999581, 34.0480620004198], [-118.565393999958, 34.0482159998871], [-118.565737999615, 34.0481700002151], [-118.566198000259, 34.0484180003101], [-118.566188999721, 34.0485199997723], [-118.566100000089, 34.0485459999911], [-118.565817999706, 34.0483850000522], [-118.565650000398, 34.0485090002457], [-118.565639000306, 34.0488159996813], [-118.565948999881, 34.0489539996208], [-118.566497000049, 34.0486780000319], [-118.566739000026, 34.0487030000266], [-118.566953000209, 34.0485920000019], [-118.566971000411, 34.0483410003792], [-118.567097999942, 34.0481200000806], [-118.567390999537, 34.0480160002849], [-118.567852000065, 34.0480599998071], [-118.568025999796, 34.048227000218], [-118.569600999997, 34.048590000126], [-118.570127999975, 34.0489179999564], [-118.570607000176, 34.0488740003574], [-118.570700999816, 34.0486819999807], [-118.570565999824, 34.0485320004062], [-118.570368000223, 34.048508999765], [-118.570002000308, 34.0480780001832], [-118.569743000417, 34.0480120004506], [-118.569583000538, 34.0478310001353], [-118.569582999489, 34.0475889998597], [-118.569365999791, 34.047118999917], [-118.569309999794, 34.046763999711], [-118.569097999487, 34.0465369998587], [-118.569060999957, 34.046278000171], [-118.569244999766, 34.0458779996039], [-118.568979999605, 34.0454440003746], [-118.568566000314, 34.0450809996037], [-118.568341999758, 34.0445499995611], [-118.568200000077, 34.0439050002145], [-118.568265999864, 34.042984999883], [-118.568677999475, 34.0422339999112], [-118.569114000105, 34.0420560000615], [-118.570839000462, 34.0421159998038], [-118.572243999815, 34.0418789998543], [-118.574261000308, 34.0411089996685], [-118.574795999562, 34.0408069997001], [-118.575229999547, 34.0404089996976], [-118.575933000435, 34.0400140003691], [-118.576697999532, 34.0399620000893], [-118.577240000334, 34.040191999724], [-118.579984999969, 34.0401690000988], [-118.580272999985, 34.0399970001508], [-118.580504999532, 34.0399860003251], [-118.580835000098, 34.039844000014], [-118.581529000347, 34.0393969999289], [-118.582757000271, 34.0390510001841], [-118.583221999519, 34.0387730004187], [-118.584375999999, 34.0387029996447], [-118.584464999498, 34.039011999988], [-118.584707999636, 34.0391279996253], [-118.585412999512, 34.0391910003751], [-118.585663000379, 34.0393089998675], [-118.585981000116, 34.0392419996285], [-118.586365999982, 34.0385910002198], [-118.586638999471, 34.0385300004341], [-118.588311000187, 34.0390160000998], [-118.589742999799, 34.0390850000522], [-118.592295000025, 34.039614000343], [-118.593265000393, 34.0395519996925], [-118.595114999855, 34.0397099999752], [-118.595553999752, 34.0396460002068], [-118.595790000458, 34.0394819997122], [-118.596712000381, 34.0392419997798], [-118.597741999921, 34.0395430001338], [-118.598346000137, 34.0395760000983], [-118.599778000038, 34.0394570002084], [-118.603226999795, 34.0394920000091], [-118.6042249996, 34.0393259995938], [-118.606708999952, 34.0385119997261], [-118.607574000251, 34.0374480000476], [-118.608274000394, 34.0369240001214], [-118.609417000108, 34.0364959997447], [-118.609906999731, 34.036446000346], [-118.610895999775, 34.0364870004036], [-118.611798000016, 34.0367829995989], [-118.614567999915, 34.0368380003922], [-118.617370000496, 34.037134999909], [-118.619087999512, 34.0374060001116], [-118.621980000315, 34.0376580003174], [-118.624214000449, 34.0377390003367], [-118.627112000523, 34.036967999829], [-118.629143999741, 34.036977999554], [-118.630028000145, 34.0371519997321], [-118.632540000307, 34.0372630000117], [-118.632660605724, 34.0373152030324], [-118.632747845939, 34.0373230664599], [-118.632886527232, 34.0374118743366], [-118.633093882722, 34.0374885829718], [-118.633158334029, 34.0374830337106], [-118.633223683849, 34.0374768830185], [-118.633292682998, 34.037466949746], [-118.633367916375, 34.0374606335833], [-118.633449866627, 34.0374464495732], [-118.633534100079, 34.0374402007265], [-118.63361876664, 34.0374297664343], [-118.633706916488, 34.0374193828854], [-118.633791133442, 34.0374092667412], [-118.633878033582, 34.0373928661982], [-118.63396683311, 34.0373749160033], [-118.634057133663, 34.0373628503747], [-118.634147966222, 34.0373515835509], [-118.63423186611, 34.0373398169796], [-118.634318067175, 34.0373252505631], [-118.63440436681, 34.0373086161197], [-118.634491666733, 34.0372910667726], [-118.634578383499, 34.0372754830409], [-118.634668116618, 34.0372526325452], [-118.63475790018, 34.0372314333908], [-118.634847550176, 34.037209249834], [-118.634941249192, 34.0371952326372], [-118.635027516228, 34.0371675673062], [-118.635128233337, 34.0371385829659], [-118.635221033444, 34.0371150998143], [-118.635310966323, 34.0370960829548], [-118.635407500556, 34.0370791836155], [-118.635504466472, 34.0370603662798], [-118.635599916593, 34.0370423331145], [-118.635689683826, 34.0370311334437], [-118.635764516896, 34.037023816455], [-118.63583101618, 34.0370219335352], [-118.635882400294, 34.037014982917], [-118.63592481695, 34.0370078329023], [-118.635959233356, 34.0370126998809], [-118.636015533109, 34.037048816525], [-118.636047034054, 34.0370695327313], [-118.636073116958, 34.0370989339477], [-118.636095316988, 34.0371400002785], [-118.636117283778, 34.0371723166059], [-118.636136717254, 34.0371986836657], [-118.636344717324, 34.0371986834107], [-118.636629999638, 34.0369959997534], [-118.637219999943, 34.0370280003852], [-118.638077000041, 34.0365669997987], [-118.639793000361, 34.0370980001948], [-118.641285999936, 34.0374130002051], [-118.644770999818, 34.0380530002532], [-118.646426999808, 34.038240000145], [-118.647443999913, 34.0384829998201], [-118.648802000164, 34.0383239998675], [-118.649146999885, 34.0381559999338], [-118.649769000389, 34.0376319999585], [-118.650262999751, 34.0376149997877], [-118.651896000337, 34.037908000368], [-118.652153000066, 34.0380540002978], [-118.652300999809, 34.0383620002205], [-118.652750000146, 34.0386170001746], [-118.653630999663, 34.038706999929], [-118.654088000315, 34.0382389998612], [-118.654756000245, 34.0382399998757], [-118.656947000436, 34.0386099995766], [-118.657134999794, 34.0388990002279], [-118.657659999847, 34.0393350001685], [-118.658376999747, 34.0393530003345], [-118.658942999782, 34.0392269996713], [-118.659244999847, 34.0389959997221], [-118.659612999757, 34.0389080004409], [-118.659952999908, 34.0390890003061], [-118.660212000459, 34.0394300002979], [-118.660664000544, 34.0398119995807], [-118.662022999835, 34.0399459996542], [-118.662251721366, 34.039948047288], [-118.662335146397, 34.0395826019065], [-118.663131271209, 34.0396612213031], [-118.663241242141, 34.0399520640345], [-118.663297000085, 34.0402669997337], [-118.663700505786, 34.0403074411897], [-118.664077425082, 34.0402776436456], [-118.664457802101, 34.0402141356287], [-118.664844470309, 34.0401869788096], [-118.665230007106, 34.040154529566], [-118.665615002271, 34.0401332748147], [-118.665930900091, 34.040152477437], [-118.666264944145, 34.0401619364393], [-118.666488605616, 34.0403217496891], [-118.66637881821, 34.0404715293389], [-118.666300203624, 34.040536672937], [-118.66614860168, 34.0406451814811], [-118.666037249924, 34.0407023312316], [-118.665913787654, 34.0407675046207], [-118.665824204897, 34.0408166353585], [-118.665743850762, 34.0408668108841], [-118.665597560984, 34.0409340119104], [-118.665506711831, 34.0410433395694], [-118.665323801961, 34.0412209396318], [-118.665185931857, 34.0411679130537], [-118.66504435376, 34.0410947610502], [-118.664880868652, 34.0410226629449], [-118.664682520583, 34.0410437254223], [-118.664551652285, 34.0410568172814], [-118.6643908664, 34.0410799010672], [-118.664185229948, 34.0411339742079], [-118.664048285043, 34.0411228922794], [-118.663933477762, 34.0411469258753], [-118.663795587966, 34.0411609442657], [-118.663642236822, 34.0411111331263], [-118.663739032297, 34.0412359349896], [-118.663759693146, 34.0413887697885], [-118.663756261759, 34.0413899277281], [-118.663834000097, 34.0415800002191], [-118.663899000295, 34.042478999742], [-118.66298399981, 34.0435249999205], [-118.662827999488, 34.0438690001288], [-118.662025733949, 34.0441919654801], [-118.661963127433, 34.0442770998058], [-118.661948977467, 34.0444447639428], [-118.661837345888, 34.044638121803], [-118.662068988722, 34.0447867498388], [-118.662382447348, 34.0449021504901], [-118.66251044118, 34.0450208324041], [-118.662336907975, 34.0453190923459], [-118.662261785952, 34.0454113257125], [-118.662292429841, 34.0457491193097], [-118.662241222758, 34.0460297571402], [-118.662395638647, 34.0460462158987], [-118.662547513653, 34.0463524135696], [-118.662848672079, 34.0469024751319], [-118.663217284874, 34.0473274061976], [-118.663175143242, 34.0475035650742], [-118.663315054219, 34.0477279490019], [-118.663571999898, 34.0479599998495], [-118.663448999677, 34.0481939997075], [-118.663080000247, 34.0481930004261], [-118.662598999937, 34.0478450000388], [-118.662238999753, 34.0477049998835], [-118.660427000353, 34.0471349997996], [-118.659808000021, 34.0471079996337], [-118.659925999622, 34.0475989997074], [-118.659751000361, 34.0480529999971], [-118.659953999821, 34.048472000186], [-118.660890999501, 34.0489269997755], [-118.661362000094, 34.0489679996043], [-118.661849999836, 34.0495120004181], [-118.661884999865, 34.0498379998386], [-118.662263999713, 34.0508000004356], [-118.662974999511, 34.0515080003266], [-118.66305600029, 34.0520310004534], [-118.662878999809, 34.0525440000648], [-118.663003999758, 34.0529599995763], [-118.663275000258, 34.0532219996496], [-118.663682999514, 34.0534020002739], [-118.663933999688, 34.0536930000069], [-118.663827999787, 34.0539480001602], [-118.662669000471, 34.0540640002269], [-118.663064999648, 34.0545839997601], [-118.663864000234, 34.0550370003414], [-118.663953000439, 34.0553090000282], [-118.663890999606, 34.0553129997233], [-118.663741000484, 34.0557490000027], [-118.663457000504, 34.055974000429], [-118.663481000066, 34.0563599995552], [-118.663921999495, 34.0566619995559], [-118.663858000455, 34.0566700003874], [-118.664353999696, 34.0569260003474], [-118.664530000245, 34.0572310002051], [-118.664549999545, 34.0576149997274], [-118.665213999483, 34.0579270001573], [-118.665885000488, 34.057943999684], [-118.666328000299, 34.0578470002292], [-118.666568000165, 34.0576939998407], [-118.666703000126, 34.0575939999641], [-118.666858000165, 34.0575240000012], [-118.667083000444, 34.0574500000645], [-118.667311999652, 34.0574490000793], [-118.667475999478, 34.0575849999974], [-118.667662999557, 34.0577200001641], [-118.667948000414, 34.0578380002401], [-118.668125000098, 34.0578879996135], [-118.668198000164, 34.0579810000256], [-118.668104000492, 34.0582760003403], [-118.66824300044, 34.0584800000415], [-118.668263000167, 34.0587049996088], [-118.668074999518, 34.0589289999311], [-118.668049999576, 34.0591510002992], [-118.668169000416, 34.0593030001878], [-118.668375000307, 34.0594860001415], [-118.668922000356, 34.0598079996717], [-118.669160000534, 34.0601430000377], [-118.669003999544, 34.0601870001866], [-118.668964000358, 34.0605470000982], [-118.668954000177, 34.0608149999916], [-118.668757999961, 34.0610340003036], [-118.668679999648, 34.0614079996072], [-118.669012000146, 34.0616050001943], [-118.66944900024, 34.0617850002351], [-118.669717000218, 34.0619389995859], [-118.669923000139, 34.0622280004284], [-118.66991200004, 34.0622910000142], [-118.669774000082, 34.0626099999373], [-118.669719000406, 34.0627270002111], [-118.669589000132, 34.0629430000707], [-118.669515999705, 34.0630910001138], [-118.669295000532, 34.0632620002797], [-118.669042000063, 34.0636580001032], [-118.66876400036, 34.0638770001677], [-118.66861399993, 34.0642299999394], [-118.66891700008, 34.0644570003176], [-118.66924799972, 34.0644420003008], [-118.669693999646, 34.0641760002212], [-118.66987900034, 34.064004000341], [-118.670206000184, 34.0640210002933], [-118.670633999518, 34.0639040003055], [-118.671090000488, 34.0636939998022], [-118.671253000062, 34.0633380000837], [-118.671416000069, 34.0630099996843], [-118.671525262895, 34.0628488519779], [-118.671531492436, 34.0628496882406], [-118.671572457068, 34.0628529535418], [-118.67159641861, 34.062873154665], [-118.671640259996, 34.0628834144115], [-118.671673278607, 34.0628980277884], [-118.67168938348, 34.0629229200451], [-118.67167553712, 34.0629529995406], [-118.671705913804, 34.0629671358313], [-118.671709473603, 34.0629972000993], [-118.671720314401, 34.0630146201704], [-118.671732255715, 34.063002261109], [-118.671772974208, 34.0629963420066], [-118.671794930104, 34.0629756385818], [-118.671825825989, 34.0629553981993], [-118.671853285422, 34.0629345723031], [-118.671884392116, 34.0629241387988], [-118.671904012606, 34.0628960721528], [-118.6719331654, 34.0628798125316], [-118.67196074659, 34.0628480178764], [-118.671998743459, 34.0628393974549], [-118.672034205789, 34.0628547469364], [-118.672067245399, 34.0628475202143], [-118.672097942674, 34.0628342446778], [-118.672140556348, 34.0628279778963], [-118.672171581475, 34.0628162063529], [-118.672211755679, 34.0628032882702], [-118.672233448038, 34.0627823977691], [-118.672260805296, 34.0627602299657], [-118.67228486497, 34.0627344400325], [-118.672316054742, 34.0627180318545], [-118.672336392115, 34.0626920966529], [-118.672369415032, 34.0626787102071], [-118.672408961005, 34.0626712499751], [-118.672424893524, 34.0626456204419], [-118.672451950747, 34.0626251809863], [-118.672479478923, 34.0626053393354], [-118.672512734643, 34.0626035459854], [-118.672550567712, 34.0625899694116], [-118.672587048525, 34.0625946245959], [-118.672622816629, 34.0625831083388], [-118.672651434358, 34.0625968957212], [-118.672692955065, 34.0625974335777], [-118.672725731544, 34.0625849727615], [-118.672773383684, 34.0625783966095], [-118.672808666623, 34.0625767196514], [-118.672830582135, 34.0625499570841], [-118.672847534364, 34.0625243682195], [-118.672848749672, 34.0624912816865], [-118.672841784671, 34.0624639680941], [-118.672864152455, 34.0624430339479], [-118.6728968356, 34.0624365024411], [-118.672931956274, 34.0624395729613], [-118.672968813747, 34.0624291754963], [-118.672988733157, 34.0624531897185], [-118.67302401816, 34.0624445590035], [-118.67305467361, 34.0624586134425], [-118.673088689958, 34.0624597732721], [-118.673130532877, 34.062462728193], [-118.673170423937, 34.0624702321647], [-118.673213433266, 34.0624693464808], [-118.67324533289, 34.0624802851496], [-118.673272906933, 34.0624631124515], [-118.673306830962, 34.062460936279], [-118.673334777697, 34.0624462102259], [-118.673364634729, 34.0624319824339], [-118.673393853831, 34.062410462619], [-118.673431270255, 34.0624019981427], [-118.673464296803, 34.0624103479778], [-118.673514667423, 34.062406452849], [-118.673546394197, 34.0623854679676], [-118.673580825877, 34.0623696561547], [-118.673616194006, 34.0623590391911], [-118.673642243711, 34.062339410843], [-118.673678230045, 34.0623307502256], [-118.673719683875, 34.0623273958078], [-118.673758840061, 34.0623273143279], [-118.673790252702, 34.0623386727116], [-118.673829598338, 34.0623470428119], [-118.673869133863, 34.0623427635494], [-118.673904440754, 34.0623560244415], [-118.673926910898, 34.0623779017469], [-118.673949047497, 34.0623989980219], [-118.67398289898, 34.0624089341326], [-118.674020985622, 34.06241769972], [-118.674065391122, 34.0624215360962], [-118.674109951914, 34.0624221277533], [-118.674144088538, 34.0624198050492], [-118.674190362494, 34.0624248901419], [-118.674231073036, 34.062428182186], [-118.674250965596, 34.0624506578134], [-118.674280949948, 34.0624368378673], [-118.674317001714, 34.0624244751137], [-118.674341838749, 34.0623948008659], [-118.674365845704, 34.0623704244226], [-118.674399947407, 34.0623714676519], [-118.674428354556, 34.0623486047221], [-118.67446149684, 34.0623410440236], [-118.674494577476, 34.06232760895], [-118.674526578817, 34.0623199907811], [-118.6745534853, 34.0622970057788], [-118.674577383183, 34.0622751821334], [-118.674609473578, 34.0622589082202], [-118.674646512065, 34.0622339124942], [-118.674664579682, 34.0622001240447], [-118.674674952064, 34.0621651696083], [-118.674674891162, 34.0621276505715], [-118.674651298506, 34.0621033865484], [-118.674620134943, 34.0620852614993], [-118.674618555566, 34.0620539734907], [-118.674590704445, 34.0620381399629], [-118.674584279222, 34.0620090368466], [-118.674617520221, 34.0619819197531], [-118.674641294687, 34.0619595681424], [-118.674680298541, 34.0619310746799], [-118.674727798677, 34.0619362216075], [-118.674737904414, 34.0619787268193], [-118.674754705277, 34.0620047987803], [-118.674805665488, 34.0619966780286], [-118.674839051994, 34.0619870149226], [-118.674879315429, 34.0619768593091], [-118.674911802346, 34.0619862455544], [-118.674909889299, 34.0620213858646], [-118.674920932203, 34.0620491245207], [-118.674912977147, 34.062080650527], [-118.674912724738, 34.0621100618168], [-118.674921313762, 34.0621379306018], [-118.674949497547, 34.0621626031813], [-118.674976884835, 34.0621783230361], [-118.67500235751, 34.0622106372258], [-118.675007949681, 34.0622429068088], [-118.675042705512, 34.0622417035601], [-118.675076125931, 34.0622266711033], [-118.675114241674, 34.0622328023135], [-118.675131622034, 34.0622061858051], [-118.675177709386, 34.0621973473764], [-118.67521652402, 34.0621862461925], [-118.675240643574, 34.0621657250318], [-118.675283841778, 34.0621658378874], [-118.675315991407, 34.0621580255835], [-118.675352245893, 34.0621414437659], [-118.675375251998, 34.0621095472972], [-118.675389275518, 34.06208237332], [-118.675388480688, 34.0620522827009], [-118.675400768725, 34.062018907461], [-118.675401289443, 34.0619908624445], [-118.675434263966, 34.0619893426547], [-118.675465389009, 34.0620025436259], [-118.67546775405, 34.0619704080468], [-118.675498467026, 34.0619547868225], [-118.675517662364, 34.0619314315502], [-118.675553019067, 34.0619413432279], [-118.675562791883, 34.0619418832825], [-118.675587122745, 34.0619432263791], [-118.67562190507, 34.0619519881822], [-118.675647171557, 34.0619287034675], [-118.675677970148, 34.061918627771], [-118.675692976538, 34.0618911730733], [-118.675682994461, 34.061947501771], [-118.675696482468, 34.0619044622223], [-118.675695562463, 34.0618738833044], [-118.675728742582, 34.0618675343707], [-118.675726052966, 34.0618990693533], [-118.67576891433, 34.061893423467], [-118.675805166833, 34.0618917920149], [-118.675792774543, 34.0618642640491], [-118.675823629903, 34.0618436389418], [-118.67585075641, 34.0618188729032], [-118.675883935599, 34.0618215494105], [-118.67591229617, 34.0618064587959], [-118.675935050998, 34.0617818330557], [-118.675979518947, 34.0617836102589], [-118.676004388648, 34.0618024858167], [-118.676038195403, 34.0617987540861], [-118.676077177487, 34.0617990241015], [-118.676076289193, 34.0618291032749], [-118.676118103066, 34.061838810336], [-118.676122869444, 34.0618664723307], [-118.676149630224, 34.0618849298703], [-118.676197013847, 34.0618644191984], [-118.676232985726, 34.061873182918], [-118.676224317608, 34.06190391367], [-118.676211348294, 34.0619327164948], [-118.676227692159, 34.0619577722777], [-118.676251738558, 34.0619785873778], [-118.676266831716, 34.0620040604668], [-118.676260925338, 34.0620423341848], [-118.676273057195, 34.0620713836], [-118.676240447926, 34.0620896804557], [-118.676254036079, 34.0621256896887], [-118.676283968893, 34.0621440325867], [-118.676265768902, 34.0621700627473], [-118.676294439747, 34.0621912371949], [-118.676322311818, 34.0622109463383], [-118.67631703821, 34.0622398539093], [-118.676309631049, 34.062269299261], [-118.676280188891, 34.0622950599547], [-118.676289403565, 34.0623224102868], [-118.676307313549, 34.0623507929594], [-118.67632465512, 34.0623805105411], [-118.676298823404, 34.0623988735358], [-118.676289341733, 34.0624274671471], [-118.676279261101, 34.0624526936932], [-118.676277899554, 34.0624560992827], [-118.676255601319, 34.0624827570805], [-118.676223013112, 34.0624972703339], [-118.676229214656, 34.0625287012611], [-118.676197676383, 34.062541139602], [-118.676212561328, 34.0625674694461], [-118.676221304671, 34.0625955337412], [-118.676251227628, 34.0626084049716], [-118.676235410453, 34.0626360810981], [-118.676217630226, 34.062662849082], [-118.676196564748, 34.0626866055522], [-118.676159834959, 34.0626875409925], [-118.676125551435, 34.0626999059393], [-118.676149307642, 34.0627239515547], [-118.676125398141, 34.0627436450014], [-118.676086837914, 34.0627579770205], [-118.676055568046, 34.0627876616187], [-118.676046262179, 34.0627935704626], [-118.676049276842, 34.062815932556], [-118.676013699355, 34.062843034607], [-118.675979971052, 34.0628703393506], [-118.675969643533, 34.0629064583047], [-118.675994928344, 34.0629330911493], [-118.675999364645, 34.0629647999745], [-118.676033785124, 34.0629727514392], [-118.676066687342, 34.0629690434462], [-118.67609567575, 34.0629853180457], [-118.676121658711, 34.0630025674554], [-118.676142019805, 34.0630278294779], [-118.676170646003, 34.0630423841854], [-118.676174252201, 34.0630731421278], [-118.676201217525, 34.0631017742668], [-118.676195044549, 34.0631359139065], [-118.676177343117, 34.0631646932578], [-118.676139119819, 34.0631595168159], [-118.676106633878, 34.0631521657646], [-118.676077678371, 34.063169046299], [-118.676069437292, 34.0631993023326], [-118.676060961069, 34.0632294961293], [-118.676061041111, 34.0632577797898], [-118.67606002865, 34.0632857018509], [-118.676057963858, 34.0633179698056], [-118.676031009672, 34.0633507103246], [-118.676054986895, 34.0633710215577], [-118.676096327139, 34.0633957655653], [-118.676090944625, 34.0634258591746], [-118.676083498387, 34.0634532313435], [-118.676071313484, 34.0634853068567], [-118.676069302076, 34.0635217532368], [-118.676042434763, 34.0635493135178], [-118.676054125049, 34.063590674836], [-118.67604026582, 34.0636176758582], [-118.676030164326, 34.0636483276747], [-118.675999661035, 34.0636815687652], [-118.675959473229, 34.0637036361009], [-118.675935034556, 34.063743153968], [-118.675910077591, 34.0637616523363], [-118.675880622226, 34.0637800903012], [-118.675843708325, 34.0637857674924], [-118.67583748069, 34.0638156637317], [-118.67579338594, 34.0638372176884], [-118.675774415299, 34.0638659461437], [-118.675800473478, 34.0638958317884], [-118.675846015166, 34.0639089062818], [-118.675886713745, 34.0639230297743], [-118.675932255109, 34.0639476152942], [-118.675978157732, 34.0639461590448], [-118.676020207956, 34.0639507579333], [-118.676053832447, 34.0639506465294], [-118.676085019556, 34.0639340551997], [-118.676120470003, 34.0639276568092], [-118.676156372878, 34.0639330343783], [-118.676193448252, 34.0639407218232], [-118.676211637984, 34.0639691753242], [-118.676215875255, 34.0639977101175], [-118.676257760853, 34.0639921068025], [-118.676295687895, 34.0639924293829], [-118.676292358153, 34.0639628818716], [-118.676320372115, 34.0639464068735], [-118.676354280231, 34.0639540574656], [-118.676387983957, 34.0639534852871], [-118.676429781693, 34.0639495649945], [-118.676459966759, 34.0639612464315], [-118.676476487268, 34.0639885247015], [-118.676480097815, 34.0640209703634], [-118.676493033356, 34.0640481177266], [-118.676517065359, 34.0640759033761], [-118.67651767616, 34.0641063992808], [-118.676502163536, 34.0641340564007], [-118.676471192071, 34.0641582657862], [-118.676450517626, 34.0641904671743], [-118.676419088252, 34.0642123271804], [-118.676456076075, 34.0642160079073], [-118.67640406666, 34.0642224024438], [-118.676435953615, 34.0642365531816], [-118.676445409322, 34.0642662142222], [-118.676456299754, 34.0642954068923], [-118.676486746531, 34.0643142929815], [-118.676486487291, 34.0643446624703], [-118.676490107044, 34.06437649607], [-118.676508785849, 34.0644011893926], [-118.67651606037, 34.0644315147721], [-118.676536181642, 34.0644056818518], [-118.6765631751, 34.0643876586953], [-118.676585491204, 34.0644120796152], [-118.676616643382, 34.0644280582308], [-118.676650731105, 34.0644321848316], [-118.676677940847, 34.0644556492276], [-118.676675433255, 34.0644870717569], [-118.676660418662, 34.06451222925], [-118.676644741042, 34.064545974466], [-118.676671403312, 34.0645670073175], [-118.676693749544, 34.064544748739], [-118.676723368348, 34.0645280696077], [-118.676758779637, 34.0645309295372], [-118.67679227307, 34.0645338663515], [-118.676827366849, 34.0645376349457], [-118.676834800492, 34.064565069958], [-118.676829878698, 34.0645923822054], [-118.676817706055, 34.0646221841776], [-118.676829174779, 34.0645956583951], [-118.676863957479, 34.0645944630083], [-118.676844105828, 34.0646288350354], [-118.676877354943, 34.064622440596], [-118.676917297942, 34.0646007704036], [-118.676950285658, 34.064580891052], [-118.67698421994, 34.0645633568094], [-118.677025722231, 34.0645653777208], [-118.677064686881, 34.0645675440511], [-118.677077481198, 34.0645398805472], [-118.677110497094, 34.0645451936312], [-118.677135744868, 34.0645642039875], [-118.677173414244, 34.064560525785], [-118.677207604982, 34.0645592891609], [-118.677227763828, 34.0645345636703], [-118.677269595399, 34.0645347148847], [-118.677303160488, 34.064520713963], [-118.677338267781, 34.0645105598408], [-118.677373098107, 34.064494436902], [-118.677399469735, 34.0644769824254], [-118.677434015837, 34.0644694101234], [-118.677470552888, 34.0644685162035], [-118.677508892888, 34.0644751107823], [-118.677552578469, 34.0644584396605], [-118.67759201663, 34.0644540723282], [-118.677623873493, 34.0644468329812], [-118.677662707714, 34.064450831357], [-118.677696731975, 34.0644332808169], [-118.677734246954, 34.0644276262317], [-118.677700202922, 34.0644142324757], [-118.677669601512, 34.0643952448492], [-118.677627411928, 34.0643910551656], [-118.677607178095, 34.0643560193695], [-118.677609086668, 34.0643267653194], [-118.677642837051, 34.064322578073], [-118.677680609989, 34.0643284195261], [-118.677712347415, 34.0643162797165], [-118.677744730573, 34.064340013064], [-118.677779791478, 34.0643385005755], [-118.677817299348, 34.0643428342109], [-118.677857700187, 34.0643468948789], [-118.677896649064, 34.0643536172031], [-118.677930007469, 34.0643468306471], [-118.67796742748, 34.0643375298955], [-118.678005537478, 34.064345822874], [-118.678042232315, 34.06434016408], [-118.678077773965, 34.0643252202995], [-118.678116180782, 34.0643156703999], [-118.678089056144, 34.0642983550409], [-118.678104255486, 34.0642699656243], [-118.678132173621, 34.0642493004516], [-118.67818159377, 34.0642488406771], [-118.678214251107, 34.0642548588073], [-118.678251714865, 34.0642523832431], [-118.678291836393, 34.0642448546308], [-118.678331815747, 34.0642293861608], [-118.678378439666, 34.0642271754971], [-118.678414257958, 34.0642261070513], [-118.67845517582, 34.0642313806885], [-118.678491802337, 34.0642152430822], [-118.678527116286, 34.0642300532529], [-118.67855789366, 34.0642198521363], [-118.678599808765, 34.0642297532516], [-118.678636094315, 34.0642415382193], [-118.678669132514, 34.064237432565], [-118.678706253235, 34.0642408824016], [-118.678751874604, 34.0642398590261], [-118.67879206769, 34.0642446796696], [-118.678829048918, 34.0642541304028], [-118.678869615819, 34.0642583026279], [-118.678913631458, 34.0642800590936], [-118.678945262439, 34.064290372742], [-118.67917864454, 34.0644377107172], [-118.679328000332, 34.0645320003404], [-118.679675000456, 34.0648150003463], [-118.68003600021, 34.0652550002427], [-118.680443000515, 34.0653889996791], [-118.680542310949, 34.0655646158727], [-118.680582972473, 34.065550673651], [-118.680612024897, 34.0655638148762], [-118.680648265956, 34.0655854400196], [-118.680659530564, 34.0656189883581], [-118.680703159902, 34.0656306836836], [-118.680740615234, 34.0656311426589], [-118.680787186284, 34.0656414673958], [-118.680828247429, 34.0656585043905], [-118.680839076831, 34.0656930745377], [-118.680802932272, 34.065710376952], [-118.680799884649, 34.0657410170197], [-118.680828183214, 34.065755901175], [-118.680825663776, 34.06578566654], [-118.680808839363, 34.0658120837815], [-118.680817072854, 34.0658393979162], [-118.680846422179, 34.0658579878958], [-118.680859836788, 34.0658900906642], [-118.680895636521, 34.0658937381439], [-118.680917913008, 34.065924455947], [-118.680931582377, 34.0659542194186], [-118.680921419103, 34.0659817938556], [-118.680922950019, 34.0660143197857], [-118.680926416066, 34.066042951773], [-118.680939740341, 34.0660733333155], [-118.680972345413, 34.0660682140428], [-118.681006095311, 34.0660815195325], [-118.68103611491, 34.0660981960072], [-118.681061203944, 34.0661187506719], [-118.68109891508, 34.0661309462008], [-118.681142321547, 34.0661365514814], [-118.681167958666, 34.0661164181659], [-118.681205072008, 34.0661269136228], [-118.681239621859, 34.0661334603432], [-118.681276166308, 34.0661294441051], [-118.681316175383, 34.0661319221754], [-118.681351871139, 34.066145168042], [-118.681381504562, 34.0661610357685], [-118.68139941448, 34.066188870247], [-118.681435971524, 34.0661988155521], [-118.681475807113, 34.0662070732166], [-118.681498542733, 34.0661855124482], [-118.681543799479, 34.0661723362004], [-118.681545343337, 34.0661428435342], [-118.681579104307, 34.0661331936382], [-118.681618492008, 34.0661287044225], [-118.681637692233, 34.0661567422197], [-118.681667637104, 34.0661732319401], [-118.68169839162, 34.0661923617522], [-118.681731468642, 34.0662005591524], [-118.681754742095, 34.0662238982841], [-118.681787451111, 34.0662170327722], [-118.681794532455, 34.0661852646469], [-118.681791435575, 34.0661574086949], [-118.681836248885, 34.0661506011797], [-118.681869445813, 34.0661719175223], [-118.681899924368, 34.0661840282022], [-118.681940530054, 34.0662037145836], [-118.681974056783, 34.0661984857814], [-118.682016932383, 34.0661978052701], [-118.682056062484, 34.0661957002352], [-118.682088768753, 34.0661878942856], [-118.68212795828, 34.0662036334473], [-118.682158768023, 34.0662159624575], [-118.682168760561, 34.0662444372883], [-118.682177465256, 34.0662712041045], [-118.682212968325, 34.0662564984312], [-118.68223551865, 34.066278902301], [-118.682271011961, 34.0663101828985], [-118.68229577562, 34.066344661606], [-118.682314535969, 34.0663738193293], [-118.682317971855, 34.0664076609806], [-118.682354236014, 34.0664298348642], [-118.682388700527, 34.0664341741453], [-118.6824291336, 34.0664496147402], [-118.682477915131, 34.0664495216494], [-118.682518478989, 34.0664283291371], [-118.68255734282, 34.0664325722879], [-118.68258970416, 34.0664260901943], [-118.6826028814, 34.0664191906238], [-118.682598684683, 34.0664011867748], [-118.68261660106, 34.0663718951467], [-118.682641732398, 34.0663484235212], [-118.682678445084, 34.0663512028798], [-118.682719248078, 34.0663385219136], [-118.682752345679, 34.0663386837138], [-118.682789544495, 34.0663439488285], [-118.682829720675, 34.0663471991244], [-118.682855116919, 34.0663200566877], [-118.682891894519, 34.0663225815888], [-118.682924614861, 34.0663384602518], [-118.682935820859, 34.066372468341], [-118.682969139206, 34.0663884819237], [-118.683007249068, 34.0663759752762], [-118.683032404113, 34.0663682097871], [-118.683039152994, 34.0663661267796], [-118.683070454125, 34.0663547440762], [-118.683107359442, 34.066354162732], [-118.683137937487, 34.0663839536704], [-118.683139992767, 34.0663886276345], [-118.68315132231, 34.0664143969379], [-118.683184213468, 34.0664333535951], [-118.683209741707, 34.0664596350013], [-118.683237059595, 34.0664825544605], [-118.683259246456, 34.0665089045197], [-118.683289756377, 34.0665281140052], [-118.683325392599, 34.0665435285903], [-118.683347649275, 34.0665759549978], [-118.683372355644, 34.0665989686542], [-118.683384085102, 34.0666274634336], [-118.683417605344, 34.066646127972], [-118.683428139076, 34.0666726525589], [-118.68339538341, 34.0666839987142], [-118.683611496976, 34.0668259814254], [-118.683652873182, 34.0668727767295], [-118.683663797204, 34.0669066300042], [-118.683689407943, 34.0669596721021], [-118.683712629345, 34.066988515981], [-118.683727503856, 34.0670150212602], [-118.683742227412, 34.0670436263099], [-118.683770525699, 34.0670727433974], [-118.683791091065, 34.0671022696983], [-118.68381566072, 34.0671262868927], [-118.683871549143, 34.0671751520253], [-118.683906838347, 34.0672039224977], [-118.683943591845, 34.0672350647253], [-118.683969732326, 34.0672625403479], [-118.683977546928, 34.0672951649057], [-118.684004494685, 34.0673495891025], [-118.684010273158, 34.0673902220571], [-118.684013633624, 34.0674254484242], [-118.684018899217, 34.0674575981635], [-118.684026210468, 34.0674956532508], [-118.684037849176, 34.0675251935836], [-118.684043976003, 34.0675704708362], [-118.684061418137, 34.0676271364521], [-118.684093761856, 34.0676664831832], [-118.684128276289, 34.0677006683508], [-118.684155479563, 34.0677259537001], [-118.684183790986, 34.0677493053916], [-118.684216196054, 34.0677746526044], [-118.684251390287, 34.0677889384334], [-118.684290437459, 34.0678175078419], [-118.684327046676, 34.0678441395976], [-118.684354389599, 34.0678711277334], [-118.684379150117, 34.0679024351226], [-118.684396934917, 34.0679273988807], [-118.684416399143, 34.0679836090425], [-118.684425019407, 34.0680122471712], [-118.684445425545, 34.0680617453353], [-118.684442145694, 34.0681004128368], [-118.68444360369, 34.0681320082865], [-118.684508951332, 34.0681397805009], [-118.684567446647, 34.0681467369952], [-118.684626207973, 34.0681537253801], [-118.684661170532, 34.0681560583462], [-118.684668486562, 34.0681443352016], [-118.684676988155, 34.0681307126532], [-118.684708849947, 34.0681379764491], [-118.684742347734, 34.0681425788125], [-118.684748992587, 34.0681434921612], [-118.684756517534, 34.0681422420312], [-118.684786671649, 34.068137232216], [-118.684820302019, 34.068129268472], [-118.68485774497, 34.0681096150468], [-118.684852881504, 34.068139951078], [-118.684852725549, 34.0681409220508], [-118.68488461814, 34.0681510188246], [-118.68492464909, 34.0681471173915], [-118.684970692316, 34.0681428192382], [-118.685006907827, 34.0681468145945], [-118.6850444845, 34.0681439008396], [-118.685072977746, 34.0681589042325], [-118.685107772664, 34.0681596601178], [-118.685143254935, 34.0681659152692], [-118.685185418096, 34.0681758627272], [-118.685226947508, 34.0681879512506], [-118.685269542666, 34.0681976584405], [-118.685303759014, 34.0682129775458], [-118.68531029256, 34.0682411136953], [-118.685343555427, 34.0682262703336], [-118.68537058954, 34.068204788197], [-118.685420429374, 34.0681986620515], [-118.685461480423, 34.068200838733], [-118.685493698463, 34.0682063006126], [-118.685496713914, 34.0682068114225], [-118.685549204054, 34.0682074386605], [-118.685580603796, 34.0682220210754], [-118.685620288813, 34.0682299725977], [-118.685659011802, 34.0682305058702], [-118.685679548138, 34.0682572826194], [-118.685698147641, 34.0682898231707], [-118.685723608804, 34.0683077953843], [-118.685757032086, 34.0683202590074], [-118.685762240629, 34.0683480102057], [-118.685763133173, 34.0683811912388], [-118.685744947147, 34.0684174112965], [-118.68577451596, 34.0684021420406], [-118.685797568626, 34.0684228451958], [-118.685810115976, 34.0684507008753], [-118.68580336644, 34.0684786359855], [-118.68579612346, 34.0685066636715], [-118.685801573516, 34.0685342274209], [-118.685833533087, 34.0685524170072], [-118.685871581813, 34.0685525250103], [-118.685838309838, 34.0685552957599], [-118.685855347974, 34.0685955887231], [-118.685826292455, 34.0686241383398], [-118.685786442249, 34.0686483306549], [-118.685750472844, 34.068652829188], [-118.685714271621, 34.0686451640284], [-118.685681605272, 34.0686410412553], [-118.685644994453, 34.0686339645682], [-118.685610309217, 34.0686601664591], [-118.685578799149, 34.0686852915563], [-118.685546829831, 34.0686924605855], [-118.68551415835, 34.0686999586842], [-118.685478256381, 34.0687026836593], [-118.685460352158, 34.0687288726623], [-118.685448421428, 34.0686997790259], [-118.685439476766, 34.0686902555267], [-118.685423893323, 34.0686736648088], [-118.685388254038, 34.0686631634422], [-118.685342943119, 34.0686726532258], [-118.685304487675, 34.068679717593], [-118.685270129261, 34.0686759006364], [-118.685231486662, 34.0686756665753], [-118.685193529043, 34.0686607280115], [-118.685155440438, 34.0686457834152], [-118.685118380273, 34.0686490917368], [-118.685074031506, 34.0686536385007], [-118.685026269767, 34.0686479168691], [-118.684986511259, 34.0686416348692], [-118.684946257302, 34.0686406356293], [-118.684910450205, 34.0686450140619], [-118.68486836299, 34.0686640323868], [-118.684857881598, 34.0686998967681], [-118.684857019607, 34.0687391222738], [-118.684866525186, 34.0687752417063], [-118.684880723754, 34.0688031462919], [-118.684930348683, 34.0687974578358], [-118.684976434866, 34.0688044493825], [-118.685007054838, 34.0688151850464], [-118.68503600414, 34.0688297528406], [-118.685074154309, 34.0688456880853], [-118.685114827515, 34.0688608022734], [-118.685151223905, 34.0688666415306], [-118.685185017743, 34.0688837940415], [-118.685181128593, 34.0689135336594], [-118.685190752267, 34.0689414079436], [-118.685214599024, 34.0689616623812], [-118.685208249797, 34.0689918270877], [-118.685212771462, 34.0690273020557], [-118.685233838178, 34.0690485882339], [-118.685276681629, 34.0690492115533], [-118.685311061475, 34.0690735308912], [-118.685318171195, 34.0691103321434], [-118.685305578662, 34.0691420106335], [-118.68530899624, 34.0691716389242], [-118.685334558728, 34.0691531176511], [-118.685331660962, 34.069189101116], [-118.685366620735, 34.0691942953433], [-118.685410913397, 34.0692032097541], [-118.685365235783, 34.069217910777], [-118.685331832873, 34.0692301452368], [-118.68535145936, 34.0692562642031], [-118.685381772447, 34.0692731402763], [-118.685409675177, 34.0692881078978], [-118.685421109418, 34.069315465717], [-118.685437041648, 34.0693419522455], [-118.685450753519, 34.0693718381385], [-118.685457523252, 34.0693995938088], [-118.685460740231, 34.0694339817544], [-118.685473900389, 34.0694703190725], [-118.685477327576, 34.06950184612], [-118.685494387254, 34.0695342805404], [-118.685507906937, 34.069561203515], [-118.68554024192, 34.0695770417427], [-118.685575807022, 34.0695842181792], [-118.685620103979, 34.069595880473], [-118.685661493655, 34.0696020981138], [-118.685674237273, 34.069630277888], [-118.685677676767, 34.0696634125268], [-118.685677464224, 34.0696996442284], [-118.685678338843, 34.0697303232086], [-118.685701742117, 34.0697623899092], [-118.68573959434, 34.0697569637789], [-118.685757314991, 34.0697823818066], [-118.685765597832, 34.0698167461217], [-118.685796415059, 34.0698290038424], [-118.685768523577, 34.0698550965948], [-118.685756337831, 34.0698833034287], [-118.685754242257, 34.0699136145673], [-118.685740655411, 34.0699415690303], [-118.685709611521, 34.0699719167735], [-118.685711937055, 34.0700071418614], [-118.685750588162, 34.0700161389023], [-118.68575494608, 34.0700474783166], [-118.685756086452, 34.0700771010301], [-118.685760505122, 34.070111102514], [-118.685753759215, 34.0701408911981], [-118.685756126861, 34.0701758012221], [-118.685752095149, 34.0702068229764], [-118.685722396629, 34.0702217724616], [-118.685740467088, 34.0702462956693], [-118.685721523778, 34.0702770868106], [-118.685735068388, 34.0703075332725], [-118.685760773933, 34.0703312321796], [-118.685780578857, 34.0703534944675], [-118.685765840329, 34.0703823507079], [-118.685762466966, 34.0703897252275], [-118.685762963053, 34.0704206252041], [-118.685764600343, 34.0704510533106], [-118.685751720256, 34.0704785281744], [-118.685719374389, 34.070484323451], [-118.685717437995, 34.0705135329107], [-118.685697481919, 34.0705444962731], [-118.685670290326, 34.0705622514275], [-118.685688056084, 34.0705963518698], [-118.685663468593, 34.0706152495718], [-118.685646023032, 34.0706451023264], [-118.685641985316, 34.0706519652113], [-118.685629920143, 34.0706724705742], [-118.685664215254, 34.0706645981041], [-118.685668597186, 34.0706994384873], [-118.685637921702, 34.0707177358422], [-118.68560593889, 34.0707256656323], [-118.685572394104, 34.0707407212593], [-118.685539108643, 34.0707316310056], [-118.685519340537, 34.0707564434351], [-118.685521048984, 34.0707939098385], [-118.685499457405, 34.0708217078877], [-118.685497848556, 34.0708237791139], [-118.685493709608, 34.0708291081932], [-118.685516724759, 34.0708483945786], [-118.685522976543, 34.0708789570522], [-118.685528164481, 34.0709087301166], [-118.685520518745, 34.0709430269387], [-118.685534613548, 34.0709688728407], [-118.685547024877, 34.0710019189121], [-118.685519264505, 34.0710280464456], [-118.685510090839, 34.0710603377225], [-118.68547810294, 34.0710502283506], [-118.685466477204, 34.0710457235168], [-118.685447192836, 34.0710382516779], [-118.685418474189, 34.0710372270389], [-118.685408347794, 34.0709989936676], [-118.685371984119, 34.0709983478099], [-118.685368206885, 34.0710341777103], [-118.685333161706, 34.0710382197751], [-118.685302263274, 34.0710285998429], [-118.685299249113, 34.0710297605149], [-118.685285750835, 34.0710349572468], [-118.685273719957, 34.0710509254716], [-118.685273517525, 34.0710513044904], [-118.685271252512, 34.0710555589023], [-118.685258331451, 34.0710798201069], [-118.685222821436, 34.0711006327719], [-118.6851897043, 34.0711122493059], [-118.685153974679, 34.0711153584295], [-118.685128857536, 34.0711346826394], [-118.685108185423, 34.0711673027771], [-118.685071108442, 34.0711606938707], [-118.685024860017, 34.0711591269386], [-118.684992695059, 34.0711761483635], [-118.68495630426, 34.071178684524], [-118.684932517512, 34.0711595387829], [-118.684901025861, 34.0711465716622], [-118.684887308164, 34.0711110501206], [-118.684872908905, 34.0710861896239], [-118.684895812064, 34.0710635114], [-118.684872015321, 34.0710538065354], [-118.684865540958, 34.0710511659989], [-118.684853804436, 34.0710393356498], [-118.684841731185, 34.0710271660367], [-118.684814500939, 34.0710062765935], [-118.684785721889, 34.0709908750168], [-118.684751257275, 34.070984400739], [-118.684753131916, 34.0709970620792], [-118.684755742825, 34.0710146931358], [-118.684737267227, 34.0710393634765], [-118.684712294577, 34.0710584647797], [-118.684689574886, 34.0710789092472], [-118.684665858745, 34.0711020594711], [-118.684664475671, 34.0711308759], [-118.684673829637, 34.0711573857089], [-118.684688297665, 34.0711830575146], [-118.684716795721, 34.0712016031709], [-118.684700828882, 34.0712496372175], [-118.684654541375, 34.0712511259307], [-118.684614779991, 34.0712548807292], [-118.684567570844, 34.0712741462996], [-118.684564662405, 34.0712753334161], [-118.68454747703, 34.0712461484473], [-118.684541844575, 34.0712737185543], [-118.68453689862, 34.0712881258789], [-118.684532583568, 34.071300695921], [-118.684538480797, 34.0713101364958], [-118.684543989699, 34.0713189532236], [-118.684548910744, 34.0713268309638], [-118.684537450395, 34.0713660115264], [-118.684526238263, 34.0713741294313], [-118.684519545849, 34.0713789755132], [-118.684519876075, 34.071412125618], [-118.684518845429, 34.0714296163593], [-118.684516216476, 34.0714386032829], [-118.684505869509, 34.0714739768367], [-118.684478837519, 34.0715663915703], [-118.684464037069, 34.0715779984958], [-118.684466653657, 34.0715889193979], [-118.684449910332, 34.071588904582], [-118.684430752961, 34.0715888880348], [-118.68440372892, 34.0716173470758], [-118.684409923988, 34.0716318631974], [-118.684416534054, 34.0716473532735], [-118.684419675917, 34.071654714622], [-118.684395705701, 34.0716867817517], [-118.684379313398, 34.0716872875654], [-118.684353109138, 34.0716880956903], [-118.684311561569, 34.0716780973925], [-118.684305405985, 34.0716460141735], [-118.684307541337, 34.071628425304], [-118.68430874078, 34.0716185518863], [-118.684282215157, 34.0715996520676], [-118.6842518935, 34.0715866928761], [-118.68422737928, 34.0716097328096], [-118.684192864261, 34.0715950942774], [-118.684190627462, 34.0715941452612], [-118.684160773507, 34.0716059569498], [-118.684127155899, 34.0716083211243], [-118.684119169924, 34.0715808092343], [-118.684102660703, 34.0715409108154], [-118.684089023984, 34.0715079568301], [-118.684061486391, 34.071517702755], [-118.684050324054, 34.0715197790173], [-118.684032770863, 34.0714949189594], [-118.684020355035, 34.0714984160045], [-118.683988156495, 34.0715043098582], [-118.683978574642, 34.0715065377977], [-118.683951034563, 34.0715027289026], [-118.683924788399, 34.0715038438722], [-118.683895701392, 34.0714757925165], [-118.683881236154, 34.0714458094483], [-118.683840820676, 34.0714336900883], [-118.683812113004, 34.071419986711], [-118.683783594494, 34.0714031291935], [-118.683765108736, 34.0713787099921], [-118.683721287552, 34.0713949175356], [-118.683734514366, 34.0713694420491], [-118.683699541665, 34.0713631527152], [-118.683671097449, 34.0713491178702], [-118.683634331522, 34.071343739097], [-118.683605269386, 34.0713049225678], [-118.683602815193, 34.0712771364625], [-118.683569890845, 34.0712625088992], [-118.683588424254, 34.071286275065], [-118.68354775664, 34.0712971268229], [-118.683515291781, 34.0712830788391], [-118.68348190789, 34.071283911089], [-118.683454423923, 34.0713091406684], [-118.683419740768, 34.0713022550641], [-118.683374523146, 34.0713172797369], [-118.683410199714, 34.0713170996853], [-118.68340411282, 34.0713469445013], [-118.683394663263, 34.0713849996188], [-118.683359190305, 34.0713775233721], [-118.683328373476, 34.0713908031586], [-118.683289499083, 34.0713749058946], [-118.683311264578, 34.0713962040542], [-118.683330764159, 34.0714223236449], [-118.683316591736, 34.0714501096417], [-118.683347748808, 34.0714651973771], [-118.683348283288, 34.0715001024564], [-118.683334608654, 34.0715340923443], [-118.68331159175, 34.0715691318546], [-118.683280314073, 34.0715782736073], [-118.683250807953, 34.0715929316578], [-118.683216296033, 34.0716138174364], [-118.68319583981, 34.0716506499418], [-118.683167358196, 34.0716684508844], [-118.683145213627, 34.0716917298379], [-118.68311131923, 34.0717050875881], [-118.683068667774, 34.0717029375692], [-118.683031065811, 34.0717202390841], [-118.683010391835, 34.0717526496517], [-118.683041384119, 34.0717694340754], [-118.683075971946, 34.071772759379], [-118.683069854528, 34.0718074730678], [-118.68306573291, 34.071836737432], [-118.683026568268, 34.0718536602627], [-118.682993115739, 34.0718676090895], [-118.682976729071, 34.0718987295045], [-118.68296723607, 34.0719344382391], [-118.682972065671, 34.0719628414101], [-118.682993926007, 34.0719942335311], [-118.682992430188, 34.0720219775779], [-118.682998592877, 34.0720590564142], [-118.682998226969, 34.0720872020864], [-118.683013518075, 34.0721175482007], [-118.683026311531, 34.0721492006331], [-118.683023831371, 34.0721830755364], [-118.683013558855, 34.072213684219], [-118.682985568786, 34.0722292865079], [-118.682954591252, 34.0722446396886], [-118.682921167073, 34.07225220767], [-118.682896209433, 34.0722790557243], [-118.682858811431, 34.0722948305095], [-118.682823543, 34.0722992226304], [-118.682779318611, 34.0723000177085], [-118.6827301162, 34.0722944723379], [-118.682752369808, 34.0723213901564], [-118.682778684929, 34.0723386137121], [-118.682805177771, 34.0723769896009], [-118.68283699156, 34.0723663269599], [-118.682879808927, 34.0723784185298], [-118.682922349734, 34.0723864382063], [-118.682940768528, 34.072384691156], [-118.68296059055, 34.0723828106663], [-118.68298873623, 34.0723996198844], [-118.683017854787, 34.0724250041314], [-118.683042440703, 34.0724478729544], [-118.683057399548, 34.0724671685596], [-118.68306644082, 34.0724788317899], [-118.683093485349, 34.07249520723], [-118.683098776642, 34.0725241927035], [-118.683081456398, 34.0725518421867], [-118.683058465306, 34.0725737590002], [-118.683038384451, 34.0725960069571], [-118.683011909549, 34.0726191059895], [-118.683008764879, 34.0726548150538], [-118.683025409789, 34.0726799478258], [-118.683023193778, 34.0727093576995], [-118.683031127714, 34.0727361414861], [-118.683021404607, 34.0727648605503], [-118.683023508264, 34.0727959800973], [-118.683010761568, 34.072822199383], [-118.682922190798, 34.072879795017], [-118.68290685748, 34.0728464543941], [-118.682887803775, 34.0728149685158], [-118.682850963921, 34.0727819887142], [-118.68281129409, 34.0727597045841], [-118.682769365289, 34.0727386429656], [-118.682735440963, 34.0727270950314], [-118.682704778687, 34.0727166783768], [-118.682656040634, 34.0727090052896], [-118.68260995833, 34.072709441645], [-118.682608722906, 34.0727094535055], [-118.682574189949, 34.0727194923243], [-118.682531181963, 34.0727270440385], [-118.682493153545, 34.0727366917132], [-118.682442861072, 34.0727478690246], [-118.682394462121, 34.0727636805218], [-118.682361776997, 34.072790945755], [-118.682354105076, 34.0728360569587], [-118.682354908635, 34.0728757793642], [-118.682351373938, 34.0728910350221], [-118.682346037514, 34.072914062809], [-118.682325271161, 34.0729551459244], [-118.682289983524, 34.0729827209179], [-118.682256820121, 34.0730109776947], [-118.682228713362, 34.0730262097072], [-118.68218529563, 34.0730350565811], [-118.682150419565, 34.0730415590442], [-118.682113544989, 34.0730515264625], [-118.682063050508, 34.0730616789155], [-118.682015331595, 34.0730678371475], [-118.68198100168, 34.0730725193439], [-118.681935441478, 34.0730804740521], [-118.6818893916, 34.0730903037023], [-118.681838486798, 34.0731029612135], [-118.681832690499, 34.0731044799756], [-118.681797964922, 34.0731135796231], [-118.681762143305, 34.0731168137421], [-118.681726926284, 34.073125494774], [-118.681696892745, 34.0731428076693], [-118.68166074205, 34.073143817441], [-118.681615040001, 34.0731409355993], [-118.68157169742, 34.0731343874071], [-118.681521145243, 34.0731321670358], [-118.681487087612, 34.0731399382268], [-118.681448108315, 34.0731531031999], [-118.681412291829, 34.0731806591787], [-118.681387899884, 34.0732200277919], [-118.681370432364, 34.073261886368], [-118.681351914334, 34.0732979439554], [-118.68132740698, 34.0733348139335], [-118.681301495251, 34.0733619670176], [-118.681277301107, 34.0733851551415], [-118.681232724848, 34.0734537508169], [-118.681208649292, 34.0734884431199], [-118.681181863921, 34.0735253299679], [-118.681161345788, 34.0735480863996], [-118.681139805013, 34.0735705695418], [-118.681111231769, 34.0735942992536], [-118.681077267912, 34.0736141385956], [-118.681054875758, 34.0736371852484], [-118.681037163942, 34.073664607184], [-118.681033621239, 34.0736964592519], [-118.681044706494, 34.073732582683], [-118.681066905884, 34.0737648715712], [-118.681097313049, 34.0737777910945], [-118.681097916135, 34.0737934353824], [-118.681098778282, 34.0738158136073], [-118.681110201839, 34.0738449918304], [-118.681120027924, 34.0738776892246], [-118.681133368412, 34.0739148313454], [-118.681145449438, 34.0739531633493], [-118.68115752325, 34.0739789015802], [-118.68116890222, 34.0740088050196], [-118.681180905767, 34.0740367376957], [-118.681199443625, 34.0740711217287], [-118.68122880719, 34.0740931960435], [-118.681266620067, 34.074111331022], [-118.681313108528, 34.0741224270581], [-118.681349097395, 34.0741325505037], [-118.68138926313, 34.0741425581945], [-118.681394267194, 34.0741450079044], [-118.682258411793, 34.0745680668074], [-118.682269822455, 34.074599216413], [-118.682296545767, 34.074623308209], [-118.682325727232, 34.0746375682328], [-118.682353487349, 34.0746634228035], [-118.682367861609, 34.0746884094505], [-118.682394526139, 34.0746691254339], [-118.68242845534, 34.0746539625328], [-118.682454555749, 34.0746291382983], [-118.682482293654, 34.0746013795321], [-118.682513086293, 34.0745663427505], [-118.682542437488, 34.0745492282269], [-118.682570870915, 34.0745347076462], [-118.682612278492, 34.0745229326127], [-118.682646149996, 34.0745034325488], [-118.682657410302, 34.0745058337271], [-118.682699000509, 34.0745359997261], [-118.682815191547, 34.0745192489757], [-118.682845899982, 34.0745316161464], [-118.682890706982, 34.0745461657418], [-118.682921647541, 34.0745564430899], [-118.682945578393, 34.0745837335893], [-118.682975351094, 34.0746083409953], [-118.683009059558, 34.0746178118758], [-118.683029572805, 34.0746415396173], [-118.683043469542, 34.0746730090728], [-118.683013124624, 34.0746556083298], [-118.683042139878, 34.0746782740498], [-118.683057863316, 34.0747063153068], [-118.683112919337, 34.074703111955], [-118.683159914811, 34.0747152228128], [-118.683205146391, 34.0747179146667], [-118.683245713818, 34.0747236232618], [-118.683279479872, 34.0747309472472], [-118.683312243111, 34.0747442098263], [-118.683343647071, 34.0747555553318], [-118.683384356225, 34.0747506976129], [-118.683400117248, 34.0747765602208], [-118.683417904483, 34.0748058017857], [-118.68344652508, 34.0748243373707], [-118.68346000714, 34.074849891452], [-118.683475859382, 34.0748796398536], [-118.683508643038, 34.0749020073029], [-118.683536654664, 34.0749198975334], [-118.683551266313, 34.0749492538413], [-118.683582876737, 34.0749776462537], [-118.683607362898, 34.0749983040432], [-118.683643121336, 34.0750137702402], [-118.683677310395, 34.0750252992837], [-118.683720243335, 34.07504744133], [-118.68374680719, 34.0750658647217], [-118.683772391807, 34.0750941405865], [-118.683807206404, 34.0751099393147], [-118.683829678249, 34.0751342376584], [-118.68385897841, 34.0751647895438], [-118.683886051076, 34.0751849335134], [-118.683906349274, 34.0752076119013], [-118.683914282165, 34.0752439726341], [-118.684067432677, 34.0755298566227], [-118.683943046459, 34.0756772080247], [-118.683824978631, 34.0759328417707], [-118.683745595311, 34.0759831982354], [-118.683616120896, 34.0760938346126], [-118.683661472135, 34.0761229077009], [-118.683764821349, 34.0761891596315], [-118.683672973496, 34.0762606069874], [-118.683633834021, 34.0762844036216], [-118.683593853798, 34.0763087116205], [-118.683431000281, 34.0764339998523], [-118.683296637391, 34.0764752011353], [-118.683310081196, 34.0765095519958], [-118.683320169482, 34.0765364831504], [-118.683292305837, 34.0765541604668], [-118.683259054996, 34.0765608443193], [-118.683231786373, 34.0765789017354], [-118.683223388627, 34.076612456565], [-118.683238596655, 34.0766485506643], [-118.683241985412, 34.0766854602048], [-118.683275164573, 34.0766937185941], [-118.683289452148, 34.0767208866942], [-118.68327841732, 34.0767474096717], [-118.683261430431, 34.0767798987902], [-118.683236099306, 34.0768027522597], [-118.683211039795, 34.0768245883163], [-118.683198996403, 34.0768531704707], [-118.683199629766, 34.0768817611859], [-118.683177733729, 34.0769073310165], [-118.683142065387, 34.0769234170271], [-118.683109199071, 34.076935097118], [-118.683085686517, 34.0769582510471], [-118.683063714805, 34.0769808214506], [-118.683027451915, 34.0769759216681], [-118.683029398593, 34.0770041191617], [-118.683017748821, 34.0770381304205], [-118.682995646856, 34.0770596084382], [-118.682960510545, 34.077068745143], [-118.682934001285, 34.0770888784936], [-118.6829207666, 34.0771149468662], [-118.682903762118, 34.0771389368814], [-118.682877947957, 34.0771569605304], [-118.68284731987, 34.0771730731537], [-118.682813802805, 34.0771604472766], [-118.68277800067, 34.0771633159207], [-118.682754260546, 34.0771649193921], [-118.682755004383, 34.0771536001161], [-118.682753260348, 34.0771254076685], [-118.682731922091, 34.077094467991], [-118.68271456308, 34.0770681180831], [-118.682698574858, 34.077026389286], [-118.68268765748, 34.0769998001055], [-118.682650080659, 34.076993056685], [-118.682669698111, 34.0770264620392], [-118.682661906046, 34.0770548769129], [-118.682660340445, 34.0770889920975], [-118.682659868209, 34.0771240791622], [-118.682670006269, 34.0771576237439], [-118.682629044641, 34.0771493635592], [-118.682598436821, 34.0771552420458], [-118.682593309067, 34.0771562267459], [-118.682564588468, 34.0771411093938], [-118.682557133927, 34.0771384150433], [-118.682532159425, 34.0771293894407], [-118.682501544665, 34.0771178437179], [-118.682486942278, 34.0770910460283], [-118.682470826308, 34.0770757840968], [-118.682463635565, 34.0770689745458], [-118.682424845783, 34.0770725045235], [-118.682423525945, 34.0771054586564], [-118.682422198113, 34.0771373993624], [-118.68241914703, 34.0771471755641], [-118.682414827393, 34.0771610183777], [-118.682412535321, 34.0771683646845], [-118.682406321075, 34.0772015669395], [-118.682380554473, 34.077194486688], [-118.682374795597, 34.0771929046025], [-118.682341654127, 34.077179009952], [-118.682342726682, 34.0771724708491], [-118.682346558519, 34.077149104818], [-118.682346126866, 34.0771181228412], [-118.682328414061, 34.0770842886876], [-118.682290740039, 34.0770719472518], [-118.682253108571, 34.0770558270307], [-118.682230016045, 34.0770806742293], [-118.682219259904, 34.0771114411756], [-118.682205670604, 34.0771409492569], [-118.682177495469, 34.077164270853], [-118.682143502967, 34.0771834790396], [-118.682109854001, 34.0771808937058], [-118.682075386907, 34.0771779851627], [-118.682037889713, 34.0771852154635], [-118.682035294022, 34.0771894596511], [-118.682027157095, 34.0772027669566], [-118.682020749142, 34.0772132471903], [-118.681981168896, 34.0772069464755], [-118.681944432737, 34.0772022878981], [-118.681906895254, 34.0771933827916], [-118.681899084476, 34.0771815309205], [-118.681888604195, 34.0771656308967], [-118.681854024295, 34.0771544304003], [-118.681821787838, 34.0771640654968], [-118.681799935719, 34.0771757590332], [-118.681789541025, 34.0771813221012], [-118.68175508086, 34.0771816951546], [-118.681731567908, 34.0771717793334], [-118.681720552801, 34.0771671342685], [-118.68168757271, 34.0771718581378], [-118.681657160801, 34.0771855243566], [-118.681640512876, 34.0772232307663], [-118.681601825457, 34.0772244546028], [-118.681583069705, 34.0772521249902], [-118.681592144346, 34.0772799632245], [-118.681602981267, 34.0773114108862], [-118.681617198479, 34.0773451596252], [-118.681649356874, 34.077355176397], [-118.681648105113, 34.0773873442561], [-118.681623278525, 34.0774111552255], [-118.68159094957, 34.0773961716824], [-118.681550537746, 34.0774049989883], [-118.681544078807, 34.0774351195953], [-118.68151632926, 34.0774605780949], [-118.681513714368, 34.077501686093], [-118.68150526836, 34.0775340591937], [-118.681461892082, 34.0775304848153], [-118.681436213003, 34.0775125282639], [-118.68140175363, 34.0775157618133], [-118.681370014017, 34.0775071381944], [-118.681363279683, 34.0774774392031], [-118.681337791191, 34.0774519740883], [-118.681307858245, 34.0774654997047], [-118.681277140082, 34.0774552804312], [-118.681244224285, 34.0774394939367], [-118.681206480532, 34.0774442193318], [-118.681166123073, 34.0774588638793], [-118.681156139661, 34.077485707136], [-118.681120536138, 34.0775026064525], [-118.681110576267, 34.0775391866284], [-118.681129744532, 34.0775620975959], [-118.681123158918, 34.0775933679786], [-118.681085957851, 34.0775963506241], [-118.681087685879, 34.077625011706], [-118.681073764255, 34.077655375866], [-118.68104852121, 34.0776780261091], [-118.681024962755, 34.0777045878015], [-118.681000912318, 34.0777291414695], [-118.680967897851, 34.0777329235234], [-118.680957635826, 34.0777659237646], [-118.68093338369, 34.077788410552], [-118.680930921452, 34.0778175207745], [-118.680935992791, 34.0778447943164], [-118.680936435616, 34.0778787686261], [-118.680896648097, 34.077882060249], [-118.680892792813, 34.0779095216497], [-118.68088963959, 34.0779377024931], [-118.680908271895, 34.0779689483443], [-118.68090759644, 34.0779700719595], [-118.680889369123, 34.0780003952581], [-118.680864058031, 34.0780305382779], [-118.68086971209, 34.078058863449], [-118.680855709709, 34.0780869195907], [-118.680838431602, 34.0781122530171], [-118.680835576918, 34.0781423431675], [-118.680829615523, 34.0781563012329], [-118.680808180189, 34.078159182323], [-118.680776064993, 34.0781474763369], [-118.680758507754, 34.0781046914679], [-118.680723787007, 34.0780685325447], [-118.680685168681, 34.0780764183628], [-118.680653929735, 34.0780901973404], [-118.680620311852, 34.0781118390536], [-118.68058492776, 34.0781303662156], [-118.680581241513, 34.0781648814129], [-118.680570554512, 34.0781937350049], [-118.680561309738, 34.0782319191176], [-118.680545539768, 34.078261793894], [-118.680526824105, 34.078292342267], [-118.680515961626, 34.0783255942406], [-118.68047565405, 34.0783471322974], [-118.680463605371, 34.0783164323303], [-118.680466141441, 34.0782809770381], [-118.68044110864, 34.0782525644741], [-118.680408909976, 34.0782736987624], [-118.680376193597, 34.078280633181], [-118.680353201602, 34.078289699663], [-118.680344349723, 34.078293189789], [-118.680311529282, 34.0783146972987], [-118.680278532723, 34.0783327408408], [-118.680237250663, 34.0783357724108], [-118.680221836175, 34.0783679664155], [-118.680175826064, 34.0783830572095], [-118.680153502415, 34.078411691228], [-118.680188604093, 34.0784242370535], [-118.680152564315, 34.0784424319284], [-118.680128488998, 34.0784675359517], [-118.680107254328, 34.0784893714302], [-118.680090036474, 34.0785202147508], [-118.680080110137, 34.0785506106206], [-118.680051262317, 34.0785836271615], [-118.680057508394, 34.0786128219912], [-118.680065407063, 34.0786521782977], [-118.680083370254, 34.0786767766622], [-118.680118765336, 34.0786950425734], [-118.680091205585, 34.0787140911418], [-118.680088509787, 34.078715954954], [-118.680097494057, 34.0787430205014], [-118.680096626421, 34.0787750530131], [-118.680115837553, 34.0787974101693], [-118.680104042161, 34.0788245559655], [-118.680094073332, 34.0788507546627], [-118.680089540155, 34.0788793350846], [-118.680061961875, 34.0788638733537], [-118.680026734577, 34.0788468444832], [-118.680018694893, 34.0788185042781], [-118.680003020496, 34.0787891019659], [-118.68000721163, 34.07876121267], [-118.679981506327, 34.0787400920053], [-118.679973711796, 34.0787336873183], [-118.679941195478, 34.0787435458227], [-118.679930061352, 34.078752285293], [-118.67991629303, 34.0787630921307], [-118.679901716464, 34.0787914362909], [-118.679872826045, 34.0788093136143], [-118.679877730259, 34.0788378140413], [-118.679901277468, 34.0788613024144], [-118.679910496004, 34.0788926259589], [-118.679883714539, 34.0789122352336], [-118.679842082687, 34.0789220971894], [-118.679805576865, 34.0789411204739], [-118.679771955469, 34.0789365234448], [-118.67973114203, 34.0789477264178], [-118.679707526162, 34.0789432299726], [-118.67968463946, 34.0789292244067], [-118.679670100327, 34.0789098188667], [-118.679648840675, 34.0788972060936], [-118.679634301556, 34.0788778005484], [-118.679624646775, 34.0788625743439], [-118.679602308212, 34.0788430793189], [-118.679530054439, 34.0788638799207], [-118.679260164878, 34.0789415778641], [-118.679067910766, 34.0790450207305], [-118.678866495771, 34.0789370142896], [-118.678843221136, 34.0788099364108], [-118.678870389096, 34.0787045790858], [-118.678641985141, 34.0786913637464], [-118.678530344806, 34.0788201912075], [-118.678525627056, 34.0788223714151], [-118.678503750017, 34.0788442261893], [-118.678468310112, 34.078862089409], [-118.678433357257, 34.0788762998135], [-118.678418208679, 34.0789108109044], [-118.678393427281, 34.0789361056077], [-118.67836098185, 34.0789261314879], [-118.678345662004, 34.0789515900132], [-118.67832544171, 34.0789844393247], [-118.678303211398, 34.0790299563063], [-118.678292081647, 34.0790620239349], [-118.678258335656, 34.0790792188592], [-118.67821848552, 34.0790929279305], [-118.678179470286, 34.0790939322446], [-118.678146846982, 34.0790835773554], [-118.678115043576, 34.0791026654691], [-118.678096396053, 34.0791261055706], [-118.678074224145, 34.0791494425757], [-118.678091855212, 34.0791733963984], [-118.678135889257, 34.0791753352648], [-118.678113752478, 34.0792078909365], [-118.67810025298, 34.0792337374669], [-118.678065907615, 34.0792400068214], [-118.678026633569, 34.0792481726242], [-118.678033824961, 34.0792807935544], [-118.678040411964, 34.0793127520512], [-118.678028435874, 34.0793385414163], [-118.677999939693, 34.0793532250713], [-118.677955629015, 34.079339015683], [-118.67791034022, 34.0793385533381], [-118.677888872907, 34.0793694326517], [-118.677882430408, 34.0793999661012], [-118.677852851056, 34.0795597436765], [-118.677854974586, 34.0795875628019], [-118.677848618585, 34.0796171362043], [-118.677855471028, 34.0796366186612], [-118.67783835572, 34.0796542309008], [-118.677828689667, 34.0797098285174], [-118.677816828271, 34.0797107979788], [-118.677780423836, 34.0797060752175], [-118.677740623989, 34.0796934263712], [-118.677705447972, 34.0796843985612], [-118.677664630577, 34.0796685851939], [-118.677638184427, 34.0796864362156], [-118.67760486193, 34.0797113097639], [-118.677568135261, 34.0797327215489], [-118.677560501361, 34.079769608721], [-118.677587119816, 34.0797900210802], [-118.677607752246, 34.0798184516804], [-118.677605856258, 34.0798505515491], [-118.677601288882, 34.0798797571238], [-118.677598520116, 34.0799116899937], [-118.677601275279, 34.0799436482018], [-118.677600968417, 34.0799719034095], [-118.677582583265, 34.0800024235419], [-118.677549179929, 34.0800271329502], [-118.677533168037, 34.080051569979], [-118.677509491246, 34.0800749290583], [-118.677498337587, 34.08010690795], [-118.67752459074, 34.0801299828301], [-118.677518130891, 34.0801608279674], [-118.677409689148, 34.0802306332328], [-118.677407734365, 34.0802315968286], [-118.677400119217, 34.0802294258846], [-118.677384210256, 34.080243196164], [-118.677381225081, 34.080244667988], [-118.677382681819, 34.080244519013], [-118.677377044191, 34.0802493985222], [-118.677352892897, 34.0802686725907], [-118.677359666365, 34.0802995162516], [-118.677352512635, 34.0803294085072], [-118.67735477856, 34.080364946452], [-118.677392538379, 34.0803697653114], [-118.677258423446, 34.0804788094479], [-118.677223688554, 34.080470598908], [-118.677201808693, 34.080499098617], [-118.677217710807, 34.0805053190221], [-118.677232367318, 34.0805110525591], [-118.677196547481, 34.0805162289976], [-118.677193123025, 34.0805161090076], [-118.677158276285, 34.0805148894896], [-118.677122522818, 34.0805329063999], [-118.677077872292, 34.080544871651], [-118.677065159402, 34.0805596436346], [-118.677058509507, 34.0805673719593], [-118.67703033204, 34.0805824629492], [-118.677010433772, 34.0806116257184], [-118.676977890428, 34.0806347834666], [-118.677012342739, 34.0806566130578], [-118.677039876354, 34.0806812003584], [-118.677021102454, 34.08070567285], [-118.676995766955, 34.0807245328038], [-118.676967265908, 34.0807505115149], [-118.676933206501, 34.0807641719605], [-118.6768968524, 34.0807739282317], [-118.676859121349, 34.0807750714249], [-118.676826486991, 34.0807625018741], [-118.67679708339, 34.0807390566966], [-118.676763454554, 34.0807279559065], [-118.676723043741, 34.0807137877469], [-118.676677809899, 34.0807059987501], [-118.676647364805, 34.080717891695], [-118.676628133268, 34.0807439265846], [-118.67659036537, 34.0807537889488], [-118.676541416552, 34.0807606734804], [-118.676505124685, 34.0807657495581], [-118.676375101147, 34.0808327995735], [-118.676342592561, 34.0808480582551], [-118.676315246308, 34.0808702340013], [-118.676284460968, 34.080890124958], [-118.676248970078, 34.0809000289858], [-118.676218082829, 34.0809139812034], [-118.676193225081, 34.0809398064098], [-118.676169646506, 34.0809683141253], [-118.676147120141, 34.0809918503513], [-118.676115446047, 34.0810162647755], [-118.67607791855, 34.0810278039202], [-118.676027550671, 34.0810349674493], [-118.675989003847, 34.0810523565284], [-118.675948690698, 34.0810678715065], [-118.675916148502, 34.0810583337439], [-118.675869508673, 34.0810639925795], [-118.675840826248, 34.0810787997301], [-118.675836587775, 34.0811065088646], [-118.675873320987, 34.0811117544389], [-118.675838705387, 34.0811265079706], [-118.675849186626, 34.0811526373628], [-118.67581659129, 34.0811573649084], [-118.675783334052, 34.0811440079945], [-118.675755780422, 34.0811201098448], [-118.675711675508, 34.0811232331958], [-118.675663108826, 34.0811249595795], [-118.675624193462, 34.0811371198332], [-118.675585541366, 34.08115999522], [-118.67559032512, 34.0811912620995], [-118.675550921074, 34.0812013521238], [-118.675515992759, 34.0812122649728], [-118.675475579399, 34.0812176047508], [-118.675369600252, 34.0812560820342], [-118.675334067335, 34.0812484701891], [-118.67532710418, 34.081216703755], [-118.675276024438, 34.0812030754988], [-118.675239757134, 34.0812106072522], [-118.675206343712, 34.0811975855297], [-118.67518094862, 34.0811682183565], [-118.67514648235, 34.0811647830615], [-118.675124267294, 34.0811932469101], [-118.675084606746, 34.0811869933965], [-118.675045615257, 34.0811570398754], [-118.675004467274, 34.0811562458885], [-118.674959287187, 34.0811609900359], [-118.674939468403, 34.0811839480666], [-118.674905680436, 34.0811893529645], [-118.67487682047, 34.081210134111], [-118.674890459799, 34.0812363544097], [-118.674893798261, 34.0812523657983], [-118.674901360124, 34.0812471968583], [-118.674887590209, 34.0812770579818], [-118.674879082099, 34.08128991506], [-118.674873101042, 34.0812941305223], [-118.674863064616, 34.081301204485], [-118.674848107566, 34.0813117471436], [-118.674845330889, 34.0813137036485], [-118.67484120311, 34.0812866888125], [-118.674826352166, 34.0812780173005], [-118.674823798469, 34.0812712819559], [-118.674807841927, 34.0812639814463], [-118.674809796857, 34.0812620451366], [-118.674817429257, 34.0812544843378], [-118.674815874841, 34.0812503840924], [-118.674823213417, 34.0812330291623], [-118.674803379227, 34.0812256853605], [-118.674798221496, 34.0812234661929], [-118.674791537574, 34.0812239158625], [-118.674789357374, 34.0812225553284], [-118.674752403811, 34.0812125602393], [-118.674592175404, 34.0812268730044], [-118.674591470005, 34.0812285461701], [-118.674577936879, 34.0812436653411], [-118.674571298409, 34.0812510826203], [-118.674569397629, 34.0812477329307], [-118.674520302113, 34.0812709255343], [-118.674505923302, 34.0812408046451], [-118.67447049836, 34.0812466970378], [-118.67443836082, 34.081262670806], [-118.674404383341, 34.0812734798809], [-118.674387713369, 34.0812997957146], [-118.674370418222, 34.0813295869177], [-118.674346085919, 34.0813508623542], [-118.674333778351, 34.0813525060246], [-118.674306152599, 34.0813561937799], [-118.67426940248, 34.0813678766045], [-118.674238598194, 34.0813838234542], [-118.67420962979, 34.0813782277445], [-118.674184651449, 34.0814006063257], [-118.674123578942, 34.0813859750773], [-118.674091920634, 34.0813952865406], [-118.674058271079, 34.0813831028712], [-118.674055747113, 34.0813502376485], [-118.674068062168, 34.0813218499396], [-118.674044124659, 34.0812972064084], [-118.674031272499, 34.0812668507914], [-118.674015500204, 34.0812424077442], [-118.674021471874, 34.0812111658762], [-118.674058129465, 34.0811964763218], [-118.674042413214, 34.0811675397557], [-118.674035594424, 34.0811382397219], [-118.674031576931, 34.0811242768137], [-118.67402760658, 34.0811104749278], [-118.674027464241, 34.0811099819325], [-118.67402164216, 34.0810905590384], [-118.674018752857, 34.0810889008437], [-118.674003044134, 34.0810798865716], [-118.673965655598, 34.0810874580649], [-118.673942150379, 34.0811000792532], [-118.67392269225, 34.0810788830129], [-118.673888565941, 34.0810578117737], [-118.673857771621, 34.0810402998117], [-118.673811340058, 34.0810634023122], [-118.673780784739, 34.0810811712469], [-118.673771132781, 34.0811114543108], [-118.673739214505, 34.0811233410549], [-118.673706642533, 34.0811373045403], [-118.673695326102, 34.0811670047614], [-118.673661492522, 34.0811630670107], [-118.673620882384, 34.0811808099239], [-118.673612739453, 34.0812133734002], [-118.673576891247, 34.0812023540241], [-118.673549642716, 34.0812213712527], [-118.673521913743, 34.0812469181396], [-118.673505347493, 34.081254936515], [-118.6734831, 34.0812657051611], [-118.673478952389, 34.0812931808695], [-118.673440338538, 34.0812869380666], [-118.67340527874, 34.0812896699774], [-118.6733826807, 34.0813101323795], [-118.673368878952, 34.081335150787], [-118.673372636848, 34.081363510077], [-118.67333641583, 34.0813624762422], [-118.673298560813, 34.0813792783538], [-118.673256934556, 34.0813870040242], [-118.673250532345, 34.0814204369862], [-118.673247621911, 34.0814535328569], [-118.673211683435, 34.0814505170837], [-118.673195650089, 34.0814247275927], [-118.673149874174, 34.0814260950353], [-118.67310739085, 34.0814166787244], [-118.673074761422, 34.0814316600977], [-118.673082881649, 34.0814018776485], [-118.6730704074, 34.0813705292208], [-118.673036395817, 34.0813568147258], [-118.673009371614, 34.0813337623084], [-118.672967452722, 34.0813343415707], [-118.672934530264, 34.0813370486428], [-118.672905738351, 34.0813534287717], [-118.672881061612, 34.0813349347981], [-118.672847881447, 34.081340334446], [-118.672820211117, 34.0813571639611], [-118.672817469792, 34.0813881206392], [-118.672848302727, 34.0813744815428], [-118.67282256499, 34.0813994627445], [-118.672785045562, 34.0814116409945], [-118.672748643278, 34.0814127487219], [-118.672715686228, 34.0814169293446], [-118.67267551581, 34.0814184394203], [-118.672697663976, 34.0813800339934], [-118.672670891645, 34.0813566373364], [-118.67264200915, 34.0813760779711], [-118.672616271325, 34.0813982273914], [-118.672565966659, 34.0813987034143], [-118.672536296433, 34.081411955696], [-118.672510019187, 34.0814389815441], [-118.672478065328, 34.0814512245294], [-118.672452288154, 34.0814694625766], [-118.672442619556, 34.0814981901728], [-118.672401646673, 34.0814992156925], [-118.672378966112, 34.0815225654645], [-118.672356503036, 34.0815438739763], [-118.672344479087, 34.0815746927373], [-118.672329615693, 34.0816052692565], [-118.672292324153, 34.0816107876255], [-118.672270912155, 34.0815851706385], [-118.672229399509, 34.0815715875796], [-118.67220832416, 34.0815503713081], [-118.672234035934, 34.0815253376546], [-118.672237926367, 34.0814921161923], [-118.672251125981, 34.0814789425392], [-118.672262720818, 34.0814673711535], [-118.672283557678, 34.0814379956702], [-118.672254255939, 34.0814157089897], [-118.672209012937, 34.0814158669892], [-118.672166074979, 34.0814102251823], [-118.672133623364, 34.0813995730925], [-118.672116964218, 34.0813741584044], [-118.672078706222, 34.0813755535211], [-118.672041129453, 34.081386432643], [-118.672025510411, 34.0814147077094], [-118.671990338707, 34.0814231779819], [-118.671971527949, 34.0814568142602], [-118.671937610905, 34.0814664540102], [-118.671961877635, 34.0814438368281], [-118.671927015248, 34.0814246694934], [-118.671896634744, 34.0814080191917], [-118.671878154098, 34.0813840175877], [-118.671827330171, 34.0813869502378], [-118.67179339679, 34.0813802511585], [-118.671755797318, 34.0813763248437], [-118.671717448964, 34.0813699583356], [-118.671679379105, 34.0813623698689], [-118.671641453524, 34.0813604348212], [-118.671602726439, 34.081364781359], [-118.671580168203, 34.0813382006472], [-118.671540527459, 34.081344228702], [-118.671529640057, 34.0813165615506], [-118.671557579399, 34.081289438098], [-118.671559042033, 34.0812812204882], [-118.671562744116, 34.0812604200548], [-118.671557541146, 34.0812322620203], [-118.671561424865, 34.0811973320717], [-118.671531951834, 34.0812025383517], [-118.671506338906, 34.0812245916183], [-118.671479124562, 34.0812209620839], [-118.671450924812, 34.0812196704663], [-118.671383968665, 34.081230580077], [-118.671311940057, 34.0812188397263], [-118.671277443569, 34.0811869737593], [-118.671217736587, 34.0811864614511], [-118.671155410944, 34.0811944723818], [-118.671113831259, 34.0812058580659], [-118.671052035158, 34.0812212848691], [-118.670978085101, 34.0812649900201], [-118.670977756744, 34.0812651836277], [-118.670875525586, 34.0812685629662], [-118.670822007166, 34.0812805314242], [-118.670701150654, 34.0812915980506], [-118.670633106909, 34.0812808080003], [-118.670588416924, 34.0812808843577], [-118.670520224362, 34.0812809812983], [-118.670519999726, 34.0812810003144], [-118.670476000017, 34.0812309996489], [-118.670355806602, 34.0813200432973], [-118.670238000052, 34.0813150002514], [-118.670234971387, 34.0813209691618], [-118.670232511586, 34.0813308619], [-118.670207733572, 34.0814024786402], [-118.670184118375, 34.0814211948853], [-118.670140276306, 34.0814559415491], [-118.670135000412, 34.0815179996494], [-118.670045411338, 34.0814884437949], [-118.66992487281, 34.0814638574266], [-118.669811336906, 34.0814436412961], [-118.669730666348, 34.0813916075342], [-118.669730071309, 34.0813082198944], [-118.669740771783, 34.0812190130462], [-118.669767145717, 34.0811337503804], [-118.669689678737, 34.0810422070164], [-118.669688157051, 34.0810395874076], [-118.669618340833, 34.0809193254912], [-118.669580119239, 34.0808807341863], [-118.669568888634, 34.0808452554803], [-118.669456999862, 34.0807589996486], [-118.669320378256, 34.0806828280004], [-118.669182833892, 34.0805845495481], [-118.669051983513, 34.0805800903806], [-118.668973149332, 34.0804380721651], [-118.668904000022, 34.0803530001296], [-118.668579534201, 34.0804260811385], [-118.668450918719, 34.0803128810073], [-118.668366136263, 34.0802078587604], [-118.668250820112, 34.0802588058875], [-118.668163208084, 34.0803392740031], [-118.667918387917, 34.080296102622], [-118.667911811168, 34.0801986512055], [-118.667974669321, 34.0800729764303], [-118.667863685223, 34.0800787714453], [-118.667711210473, 34.0800455223427], [-118.667619586301, 34.0800258053732], [-118.667593893527, 34.0800202769156], [-118.66756787232, 34.0799712001707], [-118.667567711197, 34.0799433415633], [-118.667588626659, 34.0799172836621], [-118.667559906655, 34.0798950539057], [-118.667520300784, 34.0798971168973], [-118.667478404727, 34.079901259996], [-118.667457823924, 34.0798761439949], [-118.667441037892, 34.0798497525097], [-118.667410738946, 34.0798294560859], [-118.667385681208, 34.0798114883248], [-118.667358767573, 34.079794910667], [-118.667325492728, 34.0797888688478], [-118.667295115901, 34.0797708118109], [-118.667259542786, 34.0797548883425], [-118.667239230171, 34.0797308374492], [-118.667206194454, 34.0797073120914], [-118.667167858669, 34.0796831486449], [-118.667151780839, 34.0796537163799], [-118.667172128153, 34.0796228079175], [-118.66716887866, 34.0795948951428], [-118.667164605209, 34.0795640926692], [-118.667125327592, 34.0795546917514], [-118.667113653623, 34.0795192345974], [-118.667122123173, 34.0794842285324], [-118.667090226921, 34.0794737581652], [-118.667073218967, 34.0795015475795], [-118.667028632654, 34.0795038189962], [-118.6670004838, 34.0794882067725], [-118.666968728566, 34.0794731122098], [-118.666919127262, 34.07945608421], [-118.666881810935, 34.0794382298547], [-118.666882605341, 34.07940039783], [-118.666888974311, 34.0793666455879], [-118.666892735456, 34.0793349814586], [-118.666882751635, 34.0793039742215], [-118.666865270767, 34.0792616514671], [-118.666830739694, 34.0792715421768], [-118.666818004566, 34.0793026568526], [-118.666797675708, 34.0793295211618], [-118.666788710482, 34.079362046678], [-118.666774374697, 34.0793890009348], [-118.66675323746, 34.0794124650768], [-118.666738907386, 34.079439208434], [-118.666726627499, 34.0794763380991], [-118.666716055081, 34.0795038709936], [-118.666702149104, 34.0795340505741], [-118.666710167941, 34.0795621282574], [-118.666698071626, 34.0795944223899], [-118.666714703898, 34.0796229046745], [-118.666729505352, 34.0796527674313], [-118.666747690886, 34.0796782774695], [-118.666763098331, 34.0797034475738], [-118.666766455929, 34.0797347009332], [-118.666742487975, 34.0797725349734], [-118.666701679305, 34.0797651751193], [-118.666680131175, 34.0797860154536], [-118.666653467589, 34.0798103588188], [-118.666622952163, 34.0798282633728], [-118.666585473581, 34.079842113344], [-118.666554259016, 34.0798612457115], [-118.666521863524, 34.0798790173477], [-118.666506023103, 34.079903429634], [-118.666481739326, 34.0799318604476], [-118.666471302332, 34.0799617578323], [-118.666470814743, 34.0799968130705], [-118.666463026849, 34.0800258994147], [-118.666452544281, 34.0800612469803], [-118.66645767856, 34.0800929709993], [-118.666482459695, 34.0801202414321], [-118.66649281351, 34.0801494228785], [-118.666513065941, 34.0801754241261], [-118.666520972588, 34.0802034716409], [-118.666516920957, 34.0802317317178], [-118.666525603204, 34.0802604374164], [-118.666524514261, 34.0802906830967], [-118.666517331216, 34.0803219375074], [-118.666522676498, 34.0803515029894], [-118.666524816871, 34.0803835390527], [-118.666511414526, 34.0804133359132], [-118.666504594955, 34.0804421910644], [-118.666493325508, 34.0804706236066], [-118.666482487087, 34.0804982380841], [-118.666470280499, 34.0805129418098], [-118.666389201576, 34.0805459341497], [-118.666370866646, 34.0805437379806], [-118.66633457461, 34.0805428922094], [-118.666299612798, 34.0805445745901], [-118.666254174621, 34.0805557880387], [-118.666223742311, 34.0805676657465], [-118.666191154548, 34.080579355939], [-118.666146095848, 34.0805961939918], [-118.666105977803, 34.080613844451], [-118.666074580923, 34.0806266240885], [-118.666040646904, 34.0806319903974], [-118.665995598947, 34.0806332616112], [-118.665961584097, 34.0806310413859], [-118.665934726068, 34.0806491679694], [-118.665931439398, 34.0806590969261], [-118.665917436654, 34.0806867671596], [-118.665946098992, 34.0807115633242], [-118.665958244538, 34.0807212979078], [-118.665980877358, 34.0807394395222], [-118.665953286148, 34.0807634319641], [-118.665973598991, 34.0807856682623], [-118.665945413525, 34.080804687157], [-118.665919984831, 34.0807802065275], [-118.665890819453, 34.0807667620786], [-118.665862891691, 34.0807943765546], [-118.665823631636, 34.0808188228544], [-118.66579800913, 34.0808487208603], [-118.665768373356, 34.0808641075518], [-118.665740835578, 34.0808864083742], [-118.665693234935, 34.0808954623312], [-118.665679366565, 34.0809258792942], [-118.665633466001, 34.0809409619011], [-118.665597026077, 34.0809617844958], [-118.665558544281, 34.0809606540952], [-118.665528343886, 34.0809725153987], [-118.66547475451, 34.0809830029005], [-118.665442579095, 34.0810012392842], [-118.665405601441, 34.0809835191699], [-118.66536901771, 34.0809788949273], [-118.665338211543, 34.081008941272], [-118.665295949866, 34.0809955217873], [-118.665287578304, 34.0809941994395], [-118.665232229393, 34.0809854561921], [-118.665213953268, 34.0809625566482], [-118.665216453963, 34.0809349807672], [-118.66517495384, 34.0809261256412], [-118.665134138151, 34.080933751468], [-118.665092706101, 34.0809517350723], [-118.665058626982, 34.0809804510941], [-118.665023261529, 34.0809818948574], [-118.665007966854, 34.0809523849522], [-118.664971813701, 34.080949853594], [-118.664942909067, 34.0809745940074], [-118.664907161915, 34.0809787414907], [-118.664852715108, 34.0809916077376], [-118.664841480859, 34.0809998694506], [-118.664775748048, 34.0809971681465], [-118.664757080339, 34.0809680901894], [-118.664721719549, 34.080952552494], [-118.664673752665, 34.0809534022224], [-118.664643693678, 34.080941478701], [-118.664597139422, 34.0809378751124], [-118.664563534412, 34.0809545158997], [-118.664511895334, 34.0809392850168], [-118.664474191848, 34.0809349412647], [-118.6644236981, 34.0809361633597], [-118.664394359782, 34.0809427334096], [-118.664386549567, 34.0809444828132], [-118.664350142289, 34.0809505597958], [-118.664311928996, 34.0809411262263], [-118.664279656682, 34.0809282769268], [-118.664245274693, 34.0809129858571], [-118.664205785605, 34.0808948725878], [-118.664157062343, 34.080890349064], [-118.664132651093, 34.0809114582561], [-118.664098849772, 34.08091927503], [-118.664059917042, 34.0809243603692], [-118.664031923295, 34.0808983797315], [-118.66400864679, 34.0808780863177], [-118.663975324417, 34.0808895508954], [-118.663961154526, 34.0809246142695], [-118.663941542795, 34.0808939014294], [-118.663915631712, 34.0808553281163], [-118.663871274437, 34.0808689748293], [-118.663842744409, 34.0809008803008], [-118.663798925643, 34.0808879838237], [-118.663812105434, 34.0808416459075], [-118.663770039318, 34.0808284724611], [-118.663724624007, 34.0808353622832], [-118.663669784764, 34.080837422906], [-118.663654905245, 34.0808109432484], [-118.663626656598, 34.080794132696], [-118.66362670774, 34.0807607997195], [-118.66362466693, 34.0807318462362], [-118.663578603806, 34.0807170463411], [-118.663528077695, 34.0807114880697], [-118.663494969649, 34.0807131823177], [-118.663453903289, 34.0807058615619], [-118.66340977885, 34.0807122912876], [-118.663356339801, 34.0807115355404], [-118.663323054615, 34.0807032845641], [-118.663287438961, 34.0806822196824], [-118.663273704259, 34.0806601321834], [-118.663209000473, 34.0806530001487], [-118.66318959035, 34.0806442988558], [-118.663189215972, 34.0806442656145], [-118.663137494735, 34.0806473984297], [-118.66309211286, 34.0806500168907], [-118.663095166062, 34.0806171230181], [-118.663106234823, 34.0806069329373], [-118.663126482222, 34.0805882931103], [-118.6631380019, 34.0805474721414], [-118.663173321822, 34.0805106654732], [-118.663215771326, 34.0805151410672], [-118.663248111258, 34.0804988536565], [-118.663283116383, 34.0804609875555], [-118.663314510586, 34.0804496682442], [-118.663337605264, 34.0804274736427], [-118.663377651629, 34.080425274825], [-118.663417178871, 34.0804324152818], [-118.66338245988, 34.0804291672834], [-118.663419446215, 34.0804345677111], [-118.663467766635, 34.0804393122166], [-118.663517030326, 34.0804441552144], [-118.663563211996, 34.08045201286], [-118.663599128912, 34.0804611799477], [-118.663647309102, 34.0804642251299], [-118.663698459614, 34.0804645166575], [-118.663731602578, 34.0804635692368], [-118.663761472821, 34.0804430569464], [-118.663762341896, 34.0804117800482], [-118.663744834144, 34.0803864785365], [-118.663777972942, 34.0803743257964], [-118.663813746949, 34.0803727384579], [-118.663847462075, 34.0803822790327], [-118.663896321879, 34.080398297145], [-118.663931134456, 34.0803850181272], [-118.663954901612, 34.0803655900026], [-118.663977110454, 34.0803449481583], [-118.664004121761, 34.0803234872185], [-118.66403323458, 34.0803047564362], [-118.664054823528, 34.0802773340275], [-118.664067597177, 34.0802435073923], [-118.664061835601, 34.0802151584888], [-118.664056592025, 34.0801854011386], [-118.664042135943, 34.0801546504657], [-118.664020772327, 34.0801305154552], [-118.664001807533, 34.0801007721266], [-118.663980356977, 34.0800754379386], [-118.663997780799, 34.0800497183953], [-118.664020907887, 34.0800174673318], [-118.664053746109, 34.0799946430421], [-118.66408485637, 34.0799695527441], [-118.664110642155, 34.0799427682253], [-118.66409851742, 34.0799149352257], [-118.664059859111, 34.0799161958354], [-118.664038932997, 34.0798902259038], [-118.664056706619, 34.0798620203895], [-118.66407841321, 34.0798223347685], [-118.664035933567, 34.0798167150787], [-118.664033523625, 34.0797848524787], [-118.66404486333, 34.0797402274768], [-118.664062787488, 34.0796974385763], [-118.664070649593, 34.0796693954284], [-118.664091449463, 34.0796345521678], [-118.664061648278, 34.0796089145289], [-118.664040470177, 34.0795660305068], [-118.664022121415, 34.0795389503275], [-118.663980388582, 34.079535119915], [-118.663954872583, 34.0795093918464], [-118.663868131552, 34.0794591054989], [-118.663900718259, 34.07943403796], [-118.66394363661, 34.079417136914], [-118.663980500895, 34.0793961313694], [-118.664007647149, 34.0793763443538], [-118.664053644089, 34.0793677564206], [-118.664086592674, 34.0793399352519], [-118.664120732303, 34.0793155593064], [-118.664159337559, 34.0792932930214], [-118.664184263836, 34.0792741831403], [-118.664223979281, 34.0792551447476], [-118.66426955726, 34.0792440320051], [-118.664302037798, 34.0792282282549], [-118.664337637608, 34.0792240341582], [-118.664384011847, 34.0792088999072], [-118.664420271722, 34.0791925381912], [-118.664457356863, 34.0791881054285], [-118.664494186472, 34.0791782207366], [-118.66452878633, 34.0791720269596], [-118.664569133608, 34.0791574557817], [-118.66460304143, 34.0791730621833], [-118.664650166004, 34.0791508550017], [-118.664695168972, 34.0791540491397], [-118.66472586259, 34.0791672990719], [-118.664765527862, 34.079164911391], [-118.664805945595, 34.079158145608], [-118.664825489382, 34.0791052972016], [-118.664817697431, 34.0790714764916], [-118.664799243259, 34.0790454292588], [-118.664799711283, 34.0789960184913], [-118.664790940095, 34.0789690912157], [-118.664820676326, 34.0789447310732], [-118.664850708293, 34.0789206313273], [-118.664870981141, 34.0788929480899], [-118.664883925787, 34.0788669099467], [-118.664893513453, 34.0788283839666], [-118.664891466262, 34.0788000389166], [-118.664913127247, 34.0787754885665], [-118.664907609862, 34.0787448012173], [-118.664930946006, 34.0787258898063], [-118.664883810339, 34.0786800196779], [-118.664851364383, 34.0786671071594], [-118.664815758264, 34.0786547913869], [-118.664786176809, 34.0786309685844], [-118.664635692808, 34.0785109037725], [-118.664591318624, 34.0784876819813], [-118.664556180391, 34.0784594512573], [-118.664531291242, 34.0784402298569], [-118.664490721456, 34.0784305252728], [-118.664476665018, 34.078401907822], [-118.664438932968, 34.0783994506272], [-118.664397028176, 34.0784133607106], [-118.664364505417, 34.0784055706173], [-118.664341556335, 34.0783826818977], [-118.664304596362, 34.0783804491772], [-118.664262576247, 34.0783698791575], [-118.664293723601, 34.0783594491963], [-118.664294421106, 34.0783319548934], [-118.664280894164, 34.0783020859683], [-118.664269891842, 34.0782758122389], [-118.664239910514, 34.0782466339339], [-118.664238102355, 34.0782078364544], [-118.664210924359, 34.0781804499129], [-118.664228422934, 34.0781518867937], [-118.664243043297, 34.0781053519196], [-118.664245273154, 34.0780722841993], [-118.664273974924, 34.0779964465334], [-118.664304098055, 34.0779641367181], [-118.664339903388, 34.0779390697874], [-118.66435428138, 34.0779097208808], [-118.664375087467, 34.077877803091], [-118.664402095115, 34.0778607252733], [-118.664420422384, 34.0778332572883], [-118.664448047534, 34.0777984605431], [-118.664452301394, 34.0777830597444], [-118.664456959479, 34.0777674644419], [-118.664455771326, 34.0777780544742], [-118.664453301734, 34.0778165187438], [-118.66447096913, 34.0777893026601], [-118.664483162112, 34.0777636884628], [-118.664501677172, 34.0777168710247], [-118.664484742201, 34.0776930890521], [-118.664497002636, 34.077663809964], [-118.664533697879, 34.0776632907177], [-118.664517320939, 34.0776368863867], [-118.664546520558, 34.0776212189936], [-118.664568016535, 34.0775819535485], [-118.664568381712, 34.077551361228], [-118.664583290436, 34.0775161927244], [-118.664583073087, 34.0774830133555], [-118.664581361663, 34.0774478375858], [-118.664509495378, 34.0774213301488], [-118.664471233999, 34.0774289793735], [-118.664440543839, 34.0774588276978], [-118.66440995089, 34.0774774943994], [-118.664379070714, 34.077494820736], [-118.664350709974, 34.0775240445227], [-118.664313981542, 34.0775252475923], [-118.664291066378, 34.0775582162012], [-118.664249077681, 34.0775776814703], [-118.664217992685, 34.0775573821253], [-118.664208877215, 34.0775242517054], [-118.664178004003, 34.0775116675406], [-118.664143848112, 34.0775031414988], [-118.664129219259, 34.0774735336775], [-118.664100919017, 34.0774585545017], [-118.664057698141, 34.0774500059989], [-118.664054141929, 34.0774833277496], [-118.664045521816, 34.0775100737668], [-118.664032001809, 34.0775441676168], [-118.663996590556, 34.077550771852], [-118.663975303984, 34.0775724766692], [-118.663942379287, 34.0775670077149], [-118.663911349275, 34.0775567088569], [-118.663866669018, 34.0775559487397], [-118.663826839216, 34.0775503122338], [-118.663780620501, 34.0775575325417], [-118.663739406479, 34.0775772519289], [-118.663703563056, 34.0775722021538], [-118.66366846657, 34.077576598491], [-118.663645763999, 34.0775966187841], [-118.663609885928, 34.0776057011786], [-118.663568090521, 34.0775948810911], [-118.663532454051, 34.0776118313657], [-118.66348709769, 34.0776062056504], [-118.663460797133, 34.0776328343953], [-118.663424328939, 34.0776484748536], [-118.663395374252, 34.0776307471339], [-118.663337540431, 34.0776207602774], [-118.663293179122, 34.07763442658], [-118.663284140159, 34.0776810115114], [-118.663235761432, 34.0776681072358], [-118.663198065931, 34.0776866605372], [-118.663211006608, 34.0777205932103], [-118.663205721169, 34.0777568219556], [-118.663208172578, 34.0777890917309], [-118.663220023417, 34.0778159768659], [-118.663262048073, 34.0778289391308], [-118.663307675241, 34.0778064435456], [-118.663304046109, 34.0778348410772], [-118.66327278821, 34.0778594065859], [-118.663230261524, 34.0778781745842], [-118.663213595975, 34.0779035387404], [-118.663189061395, 34.077925826465], [-118.663145818585, 34.0779054563222], [-118.663111632764, 34.0779236252396], [-118.663078884237, 34.07793032444], [-118.663062413396, 34.077955641273], [-118.66302558587, 34.0779594166742], [-118.663000922909, 34.0779883787834], [-118.662978221877, 34.0779674436241], [-118.662938451327, 34.0779653983563], [-118.662910495794, 34.0779827586098], [-118.662902774573, 34.0779902040108], [-118.662870678899, 34.0779850446927], [-118.662825023133, 34.077998347625], [-118.662784627525, 34.078014762192], [-118.66277717145, 34.0780481120489], [-118.662748345527, 34.0780742394773], [-118.662748266706, 34.0781187703047], [-118.662689714706, 34.0781242181435], [-118.662651628528, 34.0781189469876], [-118.662659052613, 34.0780864009422], [-118.662667374236, 34.0780587572058], [-118.662661809407, 34.0780239563135], [-118.662632660657, 34.0780006122158], [-118.662608682961, 34.0779792454849], [-118.662571715156, 34.0779659853234], [-118.662551565322, 34.0779403054449], [-118.66251340109, 34.0779230923752], [-118.662484724843, 34.0779260770624], [-118.662478631999, 34.0779251662064], [-118.662447384527, 34.0779042424099], [-118.662461726512, 34.0778662592234], [-118.662425827011, 34.0778621487006], [-118.662391891271, 34.0778362979463], [-118.662430896723, 34.0778127837654], [-118.662440201682, 34.0777729086111], [-118.662411403528, 34.0777582928064], [-118.662371702577, 34.0777470388828], [-118.66234091092, 34.0777358552763], [-118.662315128467, 34.0777565080952], [-118.662280793493, 34.0777554793394], [-118.662244814228, 34.0777601001785], [-118.662215067231, 34.0777772156511], [-118.662191027224, 34.0777995901122], [-118.662176581831, 34.0778269248194], [-118.662136321096, 34.0778442648264], [-118.662157019883, 34.0778181503099], [-118.662122705809, 34.0778293034159], [-118.662103632113, 34.0778539025789], [-118.662083683437, 34.0778794254642], [-118.662047380205, 34.0778786106344], [-118.662009998675, 34.0778796547368], [-118.661975605514, 34.0778855661942], [-118.661939900392, 34.0778765137332], [-118.661903758469, 34.0778802427308], [-118.661917075539, 34.0779102257978], [-118.661875521227, 34.0779083836958], [-118.661830875859, 34.0778997436976], [-118.661797473574, 34.0779155900332], [-118.661765488196, 34.0779282687462], [-118.661763173977, 34.0779564761223], [-118.661743430895, 34.0779825828573], [-118.661698918223, 34.0779810007516], [-118.66166848164, 34.0779591089907], [-118.661654045143, 34.0779629170418], [-118.661632993933, 34.0779684712212], [-118.661590429379, 34.077975203455], [-118.661567999958, 34.0779960108846], [-118.661532040128, 34.0780056073487], [-118.661492692521, 34.0780075017838], [-118.661460449538, 34.0780243722689], [-118.661421408998, 34.0780286683936], [-118.661459190278, 34.0780052231069], [-118.661447801107, 34.0779765806923], [-118.661465531441, 34.0779452087865], [-118.661476959156, 34.0779164115771], [-118.661469277799, 34.0778807626424], [-118.661455057132, 34.0778557625583], [-118.661445018754, 34.0778282980969], [-118.661419857035, 34.0778020795123], [-118.661405607611, 34.0777715607295], [-118.661380869615, 34.077746874328], [-118.661358616969, 34.0777233638825], [-118.661328950895, 34.0777103540735], [-118.661299508354, 34.0776832169785], [-118.661312302711, 34.0776538336017], [-118.661303393621, 34.0776471765091], [-118.661271674672, 34.0776234745908], [-118.661234036543, 34.0776243846989], [-118.661209163337, 34.0775975194366], [-118.661188391884, 34.0775682104928], [-118.661156306187, 34.0775532870767], [-118.661100565696, 34.0775499689606], [-118.66106595396, 34.0775794205087], [-118.661047140779, 34.0775957427818], [-118.661040140548, 34.077601816269], [-118.66104786266, 34.0776295618852], [-118.661061763734, 34.0776774638108], [-118.661033512728, 34.0776539964087], [-118.660984679572, 34.0776752859192], [-118.66094980888, 34.0776659869105], [-118.660935733142, 34.077709054156], [-118.660890305911, 34.0776959293304], [-118.660884215469, 34.0777334927236], [-118.660855277355, 34.0777192237743], [-118.660829196376, 34.0776920827885], [-118.66078107798, 34.0776964162516], [-118.660737247317, 34.077688629241], [-118.660703711752, 34.0777003193781], [-118.660674191861, 34.0777171873947], [-118.660645259069, 34.0777017780002], [-118.660618392096, 34.0776820023594], [-118.660399497911, 34.0775215290408], [-118.660425331889, 34.0775034187051], [-118.660220068225, 34.0775379515938], [-118.660234640216, 34.0775093889004], [-118.660245198569, 34.0774697242721], [-118.660246066818, 34.0774678574647], [-118.660257470845, 34.0774433478264], [-118.660223512717, 34.0774314340223], [-118.660204473801, 34.0774613560128], [-118.66016659551, 34.0774633943826], [-118.660163791374, 34.0774346120509], [-118.660168043414, 34.0774050138483], [-118.660139239759, 34.0773836096617], [-118.660109709351, 34.0773552333892], [-118.660075527883, 34.0773396304961], [-118.660033431338, 34.0773413415415], [-118.660000358313, 34.0773330794169], [-118.659964196795, 34.0773544895681], [-118.659932921421, 34.0773649808634], [-118.659916822149, 34.0773917179645], [-118.659963657406, 34.0773941466886], [-118.65995202021, 34.0774282297662], [-118.659994481372, 34.0775148284412], [-118.660040223912, 34.0776081163733], [-118.660000980256, 34.0776125755074], [-118.65996596294, 34.0776046439172], [-118.659970188711, 34.0776345735048], [-118.65995092424, 34.0776650706855], [-118.65994469353, 34.0776999575029], [-118.659910534284, 34.0776994944658], [-118.659887143941, 34.0776731989984], [-118.659855579462, 34.0776897281201], [-118.659864363172, 34.0777197654088], [-118.659821725121, 34.0777361146975], [-118.659818412634, 34.0777373847803], [-118.659803569613, 34.0777417738209], [-118.659780590112, 34.077778285654], [-118.659762334782, 34.0778072917942], [-118.659758662988, 34.0778075785717], [-118.659737900653, 34.0778091996579], [-118.659698750651, 34.0778254853479], [-118.65967102564, 34.0778407820904], [-118.659620736627, 34.0778444773835], [-118.659584250163, 34.0778745311975], [-118.659573302141, 34.0779008852749], [-118.659614781686, 34.0779254246175], [-118.659593572042, 34.0779524720791], [-118.659552865704, 34.0779617542446], [-118.659524617077, 34.077983053583], [-118.6594946294, 34.0779966927693], [-118.659451470938, 34.0779972335272], [-118.659417622441, 34.0779969687333], [-118.659380154963, 34.0780008318949], [-118.659357269881, 34.0780220825038], [-118.659320384737, 34.0780414103749], [-118.659288544084, 34.0780657560812], [-118.659258545097, 34.0780864947326], [-118.659221664843, 34.0781008145506], [-118.659180748935, 34.0781002348298], [-118.659157204556, 34.0780805853971], [-118.659109764315, 34.0780742013664], [-118.65907210641, 34.0780639584278], [-118.659063944162, 34.07803683588], [-118.659064387609, 34.0779994071762], [-118.659030969271, 34.0779809794083], [-118.658998458577, 34.0779649991862], [-118.658959183291, 34.0779676716309], [-118.658932745852, 34.0779979192323], [-118.658901993826, 34.0780190320858], [-118.658898779928, 34.0780521665824], [-118.65887382743, 34.0780761424723], [-118.658840510375, 34.0780683279198], [-118.658806379066, 34.0780864772641], [-118.658784921736, 34.0781101011999], [-118.658762832715, 34.0781325105282], [-118.658721485474, 34.0781409815773], [-118.658727347972, 34.0781783763183], [-118.658684377273, 34.0781959699021], [-118.658648485606, 34.0782221123017], [-118.658613507957, 34.0782340769478], [-118.658579154723, 34.0782509957066], [-118.658590925481, 34.0782843489634], [-118.658586309361, 34.0783118061408], [-118.658559918182, 34.0783368973601], [-118.658562652201, 34.0783724458735], [-118.658548291967, 34.0783985793641], [-118.658522906263, 34.078430810918], [-118.658491039011, 34.0784224841296], [-118.65845586983, 34.0784335981182], [-118.658428580304, 34.0784591322047], [-118.658399572424, 34.0784737563033], [-118.658373082086, 34.0785135252467], [-118.658348159051, 34.0785326294168], [-118.658328162355, 34.0785645240903], [-118.658291892094, 34.07856653119], [-118.658295533323, 34.0786060093955], [-118.658282570298, 34.0786396267865], [-118.658241730604, 34.0786500293345], [-118.658237071707, 34.078656997501], [-118.658200847409, 34.0786696126775], [-118.658160919141, 34.0787025555075], [-118.658136362347, 34.0787268135592], [-118.658147391132, 34.0787634541521], [-118.658138299886, 34.0788010784989], [-118.658172380782, 34.0788304428245], [-118.658197752992, 34.0788506783349], [-118.658224062398, 34.0788750629598], [-118.658241045593, 34.0789037499145], [-118.658264226595, 34.0789253966664], [-118.658242761993, 34.0789497434356], [-118.658208189129, 34.0789517136998], [-118.65816542689, 34.0789500796113], [-118.658137788187, 34.078970007314], [-118.658098452589, 34.0789751742275], [-118.658060668835, 34.0789663232725], [-118.658060881117, 34.0789322555413], [-118.658029254187, 34.0789504918344], [-118.657990750233, 34.0789793204992], [-118.657967677589, 34.0790031488227], [-118.65792784398, 34.0790052941491], [-118.657878642641, 34.07901761754], [-118.657842254701, 34.0790365883572], [-118.657800307492, 34.0790434761057], [-118.657775896516, 34.0790210105961], [-118.657747756866, 34.07903852969], [-118.657740194386, 34.0790071309037], [-118.657705826465, 34.0790008768454], [-118.657666200215, 34.0790095571075], [-118.657625059982, 34.0790237856499], [-118.657588506325, 34.0790279772349], [-118.657549010624, 34.0790336334143], [-118.657514809981, 34.0790404707795], [-118.65747787658, 34.0790357767501], [-118.657434506072, 34.0790238486097], [-118.657398675334, 34.0790170182664], [-118.657372547243, 34.0789900788111], [-118.657323242461, 34.0789920510242], [-118.657276063643, 34.0790049136708], [-118.657244211703, 34.0790164314977], [-118.657215413942, 34.0790365103025], [-118.657180624475, 34.0790504988846], [-118.657142080486, 34.0790496434712], [-118.657109292818, 34.0790532364837], [-118.657066768994, 34.0790587269873], [-118.657032971141, 34.0790582610434], [-118.657016345285, 34.0790859345094], [-118.657005744277, 34.0791125313164], [-118.657002370954, 34.079127614049], [-118.656913001167, 34.0791209999803], [-118.656810377171, 34.0790726053398], [-118.656796491514, 34.0790660578289], [-118.656789731191, 34.0790447819479], [-118.656753211387, 34.0790376926495], [-118.656724958688, 34.0790211146826], [-118.656703093001, 34.078989004479], [-118.65666852567, 34.0789717498246], [-118.656648528375, 34.0789476448043], [-118.65662358766, 34.0789284994926], [-118.656575017838, 34.0789206595306], [-118.656554601805, 34.0789483693884], [-118.656551133518, 34.0789533726345], [-118.656543968033, 34.0789637127032], [-118.656533213172, 34.0789792303901], [-118.656529588237, 34.078984459879], [-118.656498202118, 34.0790067943028], [-118.656470148858, 34.0790250777108], [-118.656449829487, 34.0790567149097], [-118.656411876829, 34.0790684102996], [-118.656373705455, 34.0790837841004], [-118.656345201514, 34.079098813901], [-118.656332490574, 34.0790720369248], [-118.656310266721, 34.0790491280847], [-118.656276760748, 34.0790373816377], [-118.656264879947, 34.0790107289372], [-118.656293321316, 34.0789718931556], [-118.65632681239, 34.0789756075701], [-118.656372560804, 34.0789721054041], [-118.656392200022, 34.0789355494872], [-118.656393150017, 34.0789286359313], [-118.656396991698, 34.0789006964096], [-118.656380937157, 34.078870204413], [-118.656345619314, 34.0788554119389], [-118.65634839729, 34.078823887055], [-118.65634579464, 34.0787913710341], [-118.656311231118, 34.0787617534385], [-118.656285541995, 34.0787424035869], [-118.656242160911, 34.0787343596131], [-118.656210251367, 34.078741559883], [-118.656193926988, 34.0787038243715], [-118.65616341244, 34.0786787576899], [-118.656132240764, 34.0786964570066], [-118.656117574079, 34.0787307311261], [-118.656104185346, 34.0787595136842], [-118.656063386722, 34.0787506319129], [-118.656026258715, 34.0787598513467], [-118.656047734959, 34.0787290717019], [-118.656049666453, 34.0786935574204], [-118.656017372431, 34.078687327308], [-118.655981330303, 34.0786802632248], [-118.655948556308, 34.0786601670926], [-118.655915060059, 34.0786591814768], [-118.655869834835, 34.0786795548152], [-118.655835714236, 34.0786542904411], [-118.655806202678, 34.0786763087169], [-118.655761856674, 34.0786794891201], [-118.655727588008, 34.0786853577923], [-118.655699303406, 34.0787098355025], [-118.655670111274, 34.0786942270612], [-118.655630942704, 34.0787049774564], [-118.655600739758, 34.0786929181705], [-118.655557929144, 34.0786890467007], [-118.655525540179, 34.078670398361], [-118.655495911429, 34.0786565679764], [-118.655458409035, 34.0786400094644], [-118.655420254761, 34.0786300993481], [-118.655418455525, 34.0786000584982], [-118.655390672474, 34.0785823993685], [-118.655353738393, 34.078578209501], [-118.655325746214, 34.0785988779424], [-118.655279553591, 34.0786073428557], [-118.655271642971, 34.0786118681116], [-118.655244578989, 34.0786273500842], [-118.655219624294, 34.0786479461605], [-118.655196049025, 34.0786672079978], [-118.655155800336, 34.0786573497061], [-118.65512240389, 34.0786545150664], [-118.655087871113, 34.078670087356], [-118.655046113734, 34.0786755618117], [-118.655025410902, 34.0786537200559], [-118.654991081395, 34.0786666486835], [-118.655027627856, 34.0786526472412], [-118.655010240738, 34.0786284005323], [-118.655013458043, 34.0785935748897], [-118.655001759475, 34.0785593782639], [-118.654982477518, 34.0785262767519], [-118.655016305476, 34.0784846757993], [-118.654985348004, 34.0784586028484], [-118.654953703498, 34.0784460034739], [-118.654929814413, 34.0784259073383], [-118.65492382149, 34.0783955023289], [-118.654884111624, 34.0784058439919], [-118.654856355591, 34.0783841335039], [-118.654852774314, 34.078356744677], [-118.654874705403, 34.0783287338392], [-118.654858215162, 34.078304514814], [-118.654855424353, 34.0783002238735], [-118.654835793651, 34.0782700419182], [-118.654804360719, 34.0782540651052], [-118.65481070004, 34.0782231754908], [-118.654835838621, 34.0781989754869], [-118.654846870267, 34.0781726426752], [-118.654856699275, 34.0781441391697], [-118.654856881885, 34.0781108121172], [-118.654844829972, 34.0780764381878], [-118.654810954653, 34.0780526467985], [-118.654797407539, 34.0780249987658], [-118.654766278877, 34.0780342642777], [-118.654737429834, 34.078017117088], [-118.654705915571, 34.0780256739245], [-118.654657588757, 34.078036347419], [-118.654640821072, 34.0780632147239], [-118.654667623585, 34.0780811635896], [-118.654652897946, 34.0781104774557], [-118.654616180702, 34.0780975927013], [-118.654614139885, 34.0780617222808], [-118.654610007242, 34.0780293729363], [-118.654572487963, 34.078029141796], [-118.654544268302, 34.0780472641138], [-118.654504325209, 34.0780592157567], [-118.654471918584, 34.0780533832523], [-118.654440546086, 34.078040669738], [-118.654410465162, 34.0780581326515], [-118.654375266343, 34.0780722922617], [-118.654333168533, 34.0780814127915], [-118.654292497298, 34.0780775444672], [-118.654262868669, 34.0780932645878], [-118.654228819947, 34.0780847900268], [-118.654194485268, 34.0780907250762], [-118.654164237168, 34.0780662875529], [-118.654153255509, 34.0780450977576], [-118.654140031809, 34.0780173705214], [-118.654103775585, 34.0780122118755], [-118.654076817366, 34.0780313370721], [-118.654043392669, 34.0780160784872], [-118.65401473095, 34.0780314601664], [-118.653971509445, 34.0780317528845], [-118.653938825872, 34.0780365001927], [-118.653909028848, 34.0780495758051], [-118.653873923542, 34.0780626319736], [-118.653842835089, 34.078076835471], [-118.653808358477, 34.0780835296317], [-118.653771906967, 34.0780830187424], [-118.653727402241, 34.0780765301127], [-118.653690784262, 34.0780801219648], [-118.653649632759, 34.0780805219609], [-118.65361490102, 34.0780773402297], [-118.653582394363, 34.0780883525592], [-118.653548413891, 34.0780899759042], [-118.653497025391, 34.0780892406412], [-118.653459338544, 34.0781059318585], [-118.653427906399, 34.078116078737], [-118.653401647061, 34.0781355122475], [-118.653392548178, 34.0781682507051], [-118.653359793853, 34.0781811983655], [-118.653336674826, 34.0782133861649], [-118.653319629978, 34.078252967192], [-118.653313962288, 34.0782814863919], [-118.653328363401, 34.0783137966629], [-118.653341527069, 34.0783412816636], [-118.653375176504, 34.0783617197747], [-118.653369423205, 34.0783711360328], [-118.653354956929, 34.0783948109267], [-118.653353443992, 34.0784245259903], [-118.653352429232, 34.0784533057278], [-118.653328724087, 34.0784855451906], [-118.653309038925, 34.0785078331268], [-118.653294012673, 34.078538217899], [-118.653263477872, 34.0785555182725], [-118.65322314404, 34.0785775071517], [-118.653173341316, 34.0785760926941], [-118.653140806043, 34.0785616052705], [-118.653104031751, 34.0785540934676], [-118.653064130641, 34.0785766932439], [-118.65304434987, 34.0785546366323], [-118.65300308349, 34.0785495022606], [-118.652964042811, 34.0785538883512], [-118.652927035174, 34.0785659408564], [-118.65289836596, 34.0785795794763], [-118.652863088901, 34.078599241622], [-118.65282410078, 34.0786101284225], [-118.652783653681, 34.0786049892333], [-118.652748156648, 34.0786095505756], [-118.652707035516, 34.0786037786193], [-118.652667750021, 34.0785869700069], [-118.652630834197, 34.0786013197359], [-118.652609553462, 34.0785939999909], [-118.652597224973, 34.0785897602961], [-118.652554167928, 34.078589541446], [-118.652521879163, 34.0785986880472], [-118.652484247169, 34.0786234952912], [-118.652446042019, 34.0786318696018], [-118.65239905835, 34.078640060745], [-118.65237563696, 34.0786607401535], [-118.652341392173, 34.0786753431581], [-118.652304356459, 34.078679390315], [-118.65225962368, 34.0786814784213], [-118.652238026684, 34.0787030674009], [-118.652198851499, 34.0787087859251], [-118.652159528268, 34.0787214553962], [-118.652126167876, 34.078741625016], [-118.652097750146, 34.0787691330651], [-118.652064388026, 34.078767780074], [-118.652024256492, 34.0787788568243], [-118.652000248558, 34.0787528174898], [-118.652001042342, 34.0787066894362], [-118.652001623403, 34.0786732616273], [-118.651955310839, 34.0786593645702], [-118.651914458256, 34.0786563948009], [-118.651906057694, 34.0786231943022], [-118.651904525691, 34.078593319722], [-118.651886062532, 34.078566594068], [-118.651850269018, 34.0785634569393], [-118.651837169156, 34.0785378459323], [-118.651801847266, 34.0784994477391], [-118.651789898237, 34.0784691451784], [-118.651823774508, 34.0784600635443], [-118.651776288167, 34.0784458081315], [-118.651732141516, 34.0784414433959], [-118.651699322959, 34.0784311849562], [-118.651652152383, 34.0784258440969], [-118.651613640911, 34.0784376214436], [-118.651575953958, 34.0784432563922], [-118.651536328789, 34.0784496933048], [-118.651503695233, 34.07847069987], [-118.651466450272, 34.0784916148878], [-118.65143323612, 34.0785005014045], [-118.651398989758, 34.0785249498823], [-118.651371986663, 34.0785490585483], [-118.651357131238, 34.0785747318182], [-118.651347711158, 34.0786018668114], [-118.651345096855, 34.0786337794029], [-118.651313844961, 34.0786611761852], [-118.651302043718, 34.0787024678929], [-118.651272599872, 34.0787155073268], [-118.651239261142, 34.0787447257498], [-118.651210416256, 34.078776409889], [-118.651194670803, 34.0788027965377], [-118.651168163631, 34.0789070105472], [-118.65115515561, 34.0789163381107], [-118.651116222581, 34.0789382364441], [-118.651096655498, 34.0789720146761], [-118.651072813942, 34.0789972136921], [-118.651044469665, 34.0790193861046], [-118.651019142801, 34.079041268774], [-118.651013122366, 34.0790484810777], [-118.650996574416, 34.0790683075709], [-118.65096871118, 34.0790876313689], [-118.650969583251, 34.0791198935401], [-118.650967830195, 34.0791545975672], [-118.650953809835, 34.0791859189147], [-118.650936186978, 34.0792327285108], [-118.65092793215, 34.0792756046863], [-118.650891118365, 34.0792829374369], [-118.650857286137, 34.0792935348082], [-118.650822009284, 34.0793029367466], [-118.65079172381, 34.0793174581418], [-118.650762957341, 34.0793322463413], [-118.650711715142, 34.0793505296382], [-118.650671934306, 34.0793511494473], [-118.650651200499, 34.079320916764], [-118.650624619158, 34.0793235743831], [-118.650617611274, 34.0793242748377], [-118.650596022304, 34.0793488413937], [-118.650548129251, 34.0793484581394], [-118.650539288456, 34.0793786381113], [-118.65050829429, 34.0793999946593], [-118.650500803351, 34.0794397568972], [-118.650471443351, 34.0794583217734], [-118.650486345559, 34.0794571738952], [-118.650514394365, 34.0794550124071], [-118.650536029458, 34.0794456771003], [-118.650554533455, 34.0794673412643], [-118.650553554127, 34.079457254912], [-118.650565506312, 34.0794657564736], [-118.650556677009, 34.0794964044805], [-118.650579792677, 34.0795162480413], [-118.650546564526, 34.0795243380669], [-118.650506777516, 34.0795353200926], [-118.650368089497, 34.0797106460917], [-118.650334203032, 34.0797012842864], [-118.650287968709, 34.0796991337122], [-118.65025063797, 34.0796973365086], [-118.650209727942, 34.0796868042085], [-118.650168768891, 34.0796885079676], [-118.65015133363, 34.0796625253889], [-118.650117938265, 34.0796728446298], [-118.650111393191, 34.0796748667901], [-118.650076140391, 34.0796881030478], [-118.650042692052, 34.079682332687], [-118.650001690283, 34.0796681723136], [-118.650001472517, 34.079637591167], [-118.650000262912, 34.0796082946889], [-118.649646695329, 34.0796028647624], [-118.649635333771, 34.0796565180393], [-118.649592332033, 34.079661135516], [-118.649555198605, 34.0796593981213], [-118.649525032431, 34.0796710437657], [-118.649479874858, 34.0796766381669], [-118.649446583457, 34.0796779060412], [-118.649414361478, 34.0796920272719], [-118.649383805666, 34.0797176917768], [-118.649351741592, 34.0797328417196], [-118.649319424052, 34.079716788918], [-118.649278452491, 34.0797245992678], [-118.649235095209, 34.079728144066], [-118.649194474733, 34.0797480392363], [-118.649164697248, 34.0797702654047], [-118.649154592618, 34.0797994178459], [-118.649116018433, 34.0798017616477], [-118.649082535362, 34.0798166837308], [-118.649061927554, 34.0798470702694], [-118.649025449473, 34.0798454062856], [-118.649012730517, 34.079873830824], [-118.648994314235, 34.0798858446255], [-118.648976168031, 34.0798908845785], [-118.648951504985, 34.0798834537385], [-118.648914745478, 34.0798987867948], [-118.64887524593, 34.0799028315753], [-118.648843907051, 34.0798929712302], [-118.648807665887, 34.0799071428991], [-118.648773006468, 34.0799083051031], [-118.648728788071, 34.0799118205657], [-118.648697012715, 34.0799226932172], [-118.648662015835, 34.0799242606865], [-118.648630442217, 34.0799365132708], [-118.648621333423, 34.0799629980839], [-118.64858451684, 34.0799681221762], [-118.648555029803, 34.0799858412041], [-118.648519415999, 34.0799702882087], [-118.648487283198, 34.0799456717975], [-118.648455889445, 34.0799369286093], [-118.648441195741, 34.0799657407654], [-118.648404327749, 34.0799705756959], [-118.648387457232, 34.0799997532944], [-118.648322401784, 34.0800046433169], [-118.648289796249, 34.0800220295781], [-118.648270068893, 34.080055461913], [-118.648243369584, 34.0800773754551], [-118.648216622455, 34.0801018253673], [-118.648215743937, 34.0801026290395], [-118.648190241152, 34.0801302833683], [-118.64817262933, 34.0801537697072], [-118.648141382431, 34.0801731247858], [-118.648108139383, 34.0801880584435], [-118.648065498908, 34.0801869395034], [-118.648028376688, 34.0801684781126], [-118.648019388866, 34.0801566000193], [-118.64800916553, 34.0801430880936], [-118.64797033682, 34.0801294188758], [-118.64793630093, 34.0801227105354], [-118.647899718688, 34.0801204156796], [-118.647856750215, 34.0801240195627], [-118.647815268513, 34.0801367872337], [-118.647776785349, 34.0801432904851], [-118.647744303771, 34.0801531835277], [-118.647709430779, 34.0801513100817], [-118.647663064159, 34.0801396726355], [-118.647587698075, 34.0802192400561], [-118.647622451127, 34.0802343035025], [-118.647661893284, 34.0802551077217], [-118.647663144073, 34.0802555345713], [-118.647694458282, 34.080266201826], [-118.647727810507, 34.0802858627148], [-118.647758085554, 34.0803013318622], [-118.647778065258, 34.080324176967], [-118.647787456978, 34.0803523787099], [-118.647752156594, 34.0803765025251], [-118.647717097266, 34.080378349345], [-118.647689670528, 34.0803585523231], [-118.64765499056, 34.0803474385281], [-118.647624310933, 34.0803722491247], [-118.647593522642, 34.0803915779399], [-118.647559692088, 34.0803783249177], [-118.647523831571, 34.0803831634076], [-118.647488656938, 34.0803874997536], [-118.64745547319, 34.0804095155482], [-118.647426419789, 34.0804414802087], [-118.64738365421, 34.0804412664831], [-118.647353646978, 34.0804281273013], [-118.647317384307, 34.0804255151046], [-118.647281126438, 34.0804413882018], [-118.647242615354, 34.0804609434885], [-118.647226723653, 34.0804725091539], [-118.647214438748, 34.0804829122722], [-118.647190397842, 34.0804768623942], [-118.647163150303, 34.0805007660886], [-118.647135981574, 34.0805171049591], [-118.647117305934, 34.080543644649], [-118.64708387482, 34.0805705951502], [-118.64704558726, 34.0805704173359], [-118.64700803916, 34.0805613716921], [-118.646973422581, 34.0805474474322], [-118.646922359536, 34.0805627055683], [-118.646902541762, 34.0805924600878], [-118.646889717808, 34.0806232262411], [-118.646897515971, 34.0806501199218], [-118.646924971026, 34.0806815888455], [-118.646923068334, 34.08070968629], [-118.646917996337, 34.080719760312], [-118.64690557938, 34.0807444251434], [-118.64687624106, 34.0807731434218], [-118.64682216952, 34.0807910614008], [-118.646802906774, 34.0807817027239], [-118.64678348175, 34.0807722654853], [-118.64674965396, 34.0807606179098], [-118.646711469693, 34.0807707088874], [-118.646677043098, 34.0807684455552], [-118.64668031214, 34.0807982100639], [-118.646640242736, 34.0808154116391], [-118.646606214081, 34.0808156593022], [-118.646588718337, 34.0808488897424], [-118.646552561789, 34.0808638271046], [-118.646518330976, 34.0808714965489], [-118.646478702496, 34.0808695680496], [-118.646439448669, 34.0808759913754], [-118.646405548748, 34.0808971499994], [-118.646362224965, 34.0809102513664], [-118.646322797857, 34.0809308096922], [-118.646298095763, 34.0809575327859], [-118.646263642598, 34.0809782159919], [-118.646235760419, 34.0809965782459], [-118.646199328425, 34.0810026175985], [-118.646166020773, 34.0810080151973], [-118.64612899321, 34.0810230556704], [-118.646094847076, 34.0810463650615], [-118.646061789773, 34.081057125278], [-118.64603329157, 34.0810819514384], [-118.645996598096, 34.0810857968699], [-118.645992348448, 34.0810908211601], [-118.645905178336, 34.0811066640322], [-118.645139513665, 34.0812458172518], [-118.64512212102, 34.0812485287504], [-118.644853934896, 34.0813702475989], [-118.644790004488, 34.0813992625615], [-118.644785931769, 34.0814011109716], [-118.644627797852, 34.0814728808424], [-118.644519489991, 34.081529346288], [-118.644501508539, 34.0815494144027], [-118.644474807838, 34.0815830452812], [-118.644445766485, 34.0816136452696], [-118.644426498802, 34.0816479559686], [-118.644398414267, 34.0816626055121], [-118.644371653952, 34.0816928278227], [-118.64435044182, 34.0817258324792], [-118.644327925018, 34.0817536629825], [-118.644302972452, 34.0817825463534], [-118.644280239437, 34.0818027165708], [-118.644257566911, 34.0818324168081], [-118.644231765548, 34.0818642137654], [-118.644205455008, 34.081891147147], [-118.644179109352, 34.0819242196084], [-118.644151991825, 34.081950311251], [-118.644121441214, 34.0819813205211], [-118.644089309415, 34.081997900714], [-118.644065420544, 34.0820194896828], [-118.644051054619, 34.0820460125092], [-118.644021633961, 34.0820735056575], [-118.643997048059, 34.0821020390109], [-118.643970472093, 34.082130723576], [-118.64394906443, 34.0821620372299], [-118.643917766124, 34.082191018088], [-118.643892037772, 34.0822224615219], [-118.643868986315, 34.0822547725359], [-118.643850472162, 34.0822945202713], [-118.643816023898, 34.0823205182727], [-118.643793817676, 34.0823417359353], [-118.643777578655, 34.0823715568068], [-118.643748948028, 34.0823992873703], [-118.643723510714, 34.0824311913063], [-118.643698701177, 34.0824551348793], [-118.643667018206, 34.0824842273823], [-118.643649288081, 34.082519272049], [-118.643619118616, 34.082539562767], [-118.643591819348, 34.0825600679496], [-118.643556746761, 34.0825902830614], [-118.643524118281, 34.0826068625853], [-118.643497227125, 34.0826326195761], [-118.643480725829, 34.082646428597], [-118.643474999613, 34.082686000325], [-118.643440064366, 34.0827114379599], [-118.64339433268, 34.0827447365174], [-118.643052000016, 34.0829940001135], [-118.641952000481, 34.0833210000635], [-118.641306999593, 34.0834109998189], [-118.640703451807, 34.0835951668656], [-118.640613874201, 34.0835827785658], [-118.640594590429, 34.0835801116594], [-118.640387254439, 34.0836084915493], [-118.640259149525, 34.0835219368704], [-118.640154642845, 34.0834772634712], [-118.640058565063, 34.0834856399013], [-118.639960799741, 34.0834954115301], [-118.639866406402, 34.083468887592], [-118.639827638328, 34.08342560975], [-118.639814153367, 34.0834102533081], [-118.639776487296, 34.0833991556051], [-118.639751551501, 34.0833789347872], [-118.639700961424, 34.0833805288548], [-118.639666710078, 34.0833983320287], [-118.639631628414, 34.0834060316197], [-118.63958258421, 34.0834109229962], [-118.639569145534, 34.0834192722135], [-118.639552439203, 34.0834296514564], [-118.639550723567, 34.0834292838808], [-118.639533019959, 34.0834016719698], [-118.63949395456, 34.0834093140412], [-118.639450139807, 34.0834218299264], [-118.639419951511, 34.0834394850003], [-118.639415559511, 34.083443494908], [-118.639391741997, 34.0834652442101], [-118.639349124192, 34.083477976293], [-118.639312431636, 34.0834777256899], [-118.63928132833, 34.0834874227115], [-118.639249088079, 34.0834972540011], [-118.639241126653, 34.0834978576273], [-118.6392094622, 34.08350025626], [-118.639203267783, 34.0835147683311], [-118.639195932734, 34.0835319524732], [-118.639163321474, 34.0835423698177], [-118.639130063778, 34.083560606617], [-118.639099003399, 34.0835615952098], [-118.63909691181, 34.0835616621883], [-118.639083264852, 34.0835688260379], [-118.639068055156, 34.0835768096562], [-118.639063419081, 34.0835779434222], [-118.639034549167, 34.0835850038952], [-118.638995344829, 34.0835726813017], [-118.638967066995, 34.0835564845487], [-118.638927463534, 34.0835434287185], [-118.63892798795, 34.0835509691653], [-118.638929783034, 34.0835768116584], [-118.638950488389, 34.0835998337023], [-118.638905929039, 34.0835968970779], [-118.638864324051, 34.0836072592039], [-118.638825044443, 34.0836187633963], [-118.638790015293, 34.0836228445681], [-118.638763302127, 34.0836421340016], [-118.638753560352, 34.0836696002952], [-118.638718812333, 34.0836710793484], [-118.63869217011, 34.0836625246008], [-118.638683131312, 34.0836596218445], [-118.638650180158, 34.0836649872508], [-118.638616663146, 34.0836833578362], [-118.638583864775, 34.0836746610008], [-118.638547668816, 34.0836630269111], [-118.638526908283, 34.0836898494658], [-118.638497916602, 34.0837115538902], [-118.63847764703, 34.0837345426355], [-118.638453460388, 34.0837546158706], [-118.638419431105, 34.0837452813165], [-118.638384822201, 34.0837380097656], [-118.638346556487, 34.0837502218978], [-118.638316740811, 34.0837696851145], [-118.638297199728, 34.0838025724417], [-118.638288119923, 34.0838333642755], [-118.638261830175, 34.083850777132], [-118.638254502686, 34.083877865634], [-118.638231483555, 34.0838933296674], [-118.638224783382, 34.0838978312335], [-118.638222119825, 34.0839045375239], [-118.638213441556, 34.0839263818418], [-118.638207196256, 34.0839536816102], [-118.6381966386, 34.0839798083263], [-118.638176992966, 34.0840055649889], [-118.638192685243, 34.0840369855123], [-118.638175927269, 34.0840657761092], [-118.638147618518, 34.0840819324015], [-118.638143791787, 34.084085960734], [-118.638127005861, 34.0841036286751], [-118.638100728329, 34.0841259748701], [-118.638050277124, 34.0841483008081], [-118.638009792764, 34.0841617719062], [-118.637980661338, 34.0841763640667], [-118.637948260422, 34.0841837381695], [-118.637919152724, 34.0842025398932], [-118.637916065277, 34.0842312152706], [-118.637891383288, 34.0842539122536], [-118.637858032537, 34.0842605609567], [-118.637821154484, 34.0842749189365], [-118.637785103334, 34.0842865758551], [-118.637773734791, 34.0843265738585], [-118.637748341233, 34.0843589042837], [-118.63772417314, 34.0843869787526], [-118.637707516207, 34.084414736413], [-118.637699527037, 34.0844515085202], [-118.637689289668, 34.0844607107739], [-118.637692656152, 34.0844708446707], [-118.637689362077, 34.0844774730875], [-118.637664270443, 34.0845279542144], [-118.637641610186, 34.0845294007474], [-118.637623761457, 34.0845305396747], [-118.637586363947, 34.0845374437374], [-118.63755061805, 34.0845559496291], [-118.637542902241, 34.084559516734], [-118.637445033093, 34.0845893767098], [-118.637437038502, 34.0845850555984], [-118.637401326803, 34.0846020806204], [-118.637400571759, 34.084602941579], [-118.637301108636, 34.0846332881361], [-118.637266718048, 34.0846304869029], [-118.637246223768, 34.0846049202476], [-118.637211620467, 34.0846070920574], [-118.637173277224, 34.084590768196], [-118.637139826218, 34.0845892844933], [-118.637111545679, 34.0845740600278], [-118.63708237228, 34.0845545028894], [-118.637046178242, 34.084545568474], [-118.637015655653, 34.0845571767758], [-118.636979866278, 34.0845581244612], [-118.636954555516, 34.0845374847605], [-118.636967803558, 34.0845119763507], [-118.637020296828, 34.0844838288253], [-118.636972410064, 34.0844734310716], [-118.636935967455, 34.084473928273], [-118.636902130044, 34.0844543621779], [-118.636887035919, 34.0844269821354], [-118.636877824747, 34.084392104925], [-118.636860000694, 34.0843656090892], [-118.636836734231, 34.0843415634467], [-118.636836852917, 34.0843051660447], [-118.636809270144, 34.0842745352933], [-118.636780994593, 34.0842594712724], [-118.63674794138, 34.0842421927012], [-118.636713321569, 34.0842220690465], [-118.636679844094, 34.084213098491], [-118.636649589016, 34.0841876709768], [-118.636643904882, 34.084159030424], [-118.63662875104, 34.084134423665], [-118.63662537048, 34.0841376504058], [-118.636589113289, 34.084113138251], [-118.636573351168, 34.0840862324872], [-118.636578226648, 34.0840510693996], [-118.636584039768, 34.0840177097933], [-118.636586734379, 34.083989406584], [-118.63659616617, 34.0839589175044], [-118.636577111585, 34.0839318371128], [-118.636561848386, 34.0838952556559], [-118.636121233074, 34.0835889428686], [-118.6360881175, 34.0835715975295], [-118.636051369771, 34.0835530412095], [-118.636017899911, 34.0835337505884], [-118.635993601357, 34.0835142695213], [-118.635956995899, 34.0834967633655], [-118.635938143825, 34.083465762664], [-118.635952612602, 34.0834333415034], [-118.635982550308, 34.0834151830817], [-118.635956256476, 34.083396468773], [-118.635933620206, 34.0833764324033], [-118.635910086365, 34.0833566007528], [-118.6359053919, 34.0833253322645], [-118.635884536207, 34.08329808773], [-118.635872834408, 34.083272159034], [-118.635836744681, 34.0832839879812], [-118.635809041628, 34.0832649899085], [-118.635788337223, 34.0832420330974], [-118.635747877681, 34.0832494372231], [-118.63571363872, 34.0832645329396], [-118.635682176722, 34.0832477716361], [-118.635677780917, 34.0832177868995], [-118.635705698047, 34.0831944619573], [-118.635715901481, 34.0831645474266], [-118.635699106864, 34.0831315157877], [-118.635686047834, 34.0830965977652], [-118.635671200477, 34.0830645766219], [-118.635645592766, 34.0830438600069], [-118.635625557907, 34.0830139656918], [-118.635608543006, 34.0829735008816], [-118.635578375605, 34.0829481263781], [-118.635549667034, 34.082930947227], [-118.635514741499, 34.0829411978906], [-118.6354930058, 34.082976293424], [-118.635494488941, 34.0830075730753], [-118.635496733004, 34.0830487391372], [-118.63546540812, 34.0830702850523], [-118.635439474788, 34.0830938834217], [-118.635432975649, 34.0831234636409], [-118.635409676814, 34.083150752009], [-118.635388607455, 34.0831726334735], [-118.635356409083, 34.0831902940671], [-118.635322434679, 34.0831993038182], [-118.635092873616, 34.0832391324966], [-118.6350486264, 34.0832396564141], [-118.635015578782, 34.0832360636947], [-118.634970872091, 34.0832286980895], [-118.634937506851, 34.083213340921], [-118.634936686573, 34.0831020149334], [-118.634958905297, 34.0830814788961], [-118.634956669928, 34.0830518481639], [-118.634949312994, 34.083023224408], [-118.634932255361, 34.0829975199398], [-118.634947776659, 34.0829729287715], [-118.634977957065, 34.0829512701162], [-118.635007217743, 34.0829373564079], [-118.635025779392, 34.0829127268184], [-118.635020550439, 34.0828851878652], [-118.634995735338, 34.0828662746617], [-118.63500732959, 34.0828280817454], [-118.635042746127, 34.0828210826714], [-118.635080823645, 34.0828202504583], [-118.635089046696, 34.0827884974429], [-118.635087630916, 34.0827601603182], [-118.635080092146, 34.0827320861282], [-118.635083486973, 34.082699794756], [-118.635105579188, 34.0826674613792], [-118.63514301061, 34.0826563681589], [-118.635169308466, 34.0826318663586], [-118.635180981673, 34.082602755605], [-118.635163983048, 34.0825759591961], [-118.635155460846, 34.0825480409139], [-118.635148193871, 34.0825191017913], [-118.635105664302, 34.0825175186574], [-118.635071740942, 34.0825229678533], [-118.63506901092, 34.082522418569], [-118.63503748277, 34.0825160790168], [-118.635013462797, 34.0824939955898], [-118.63498497467, 34.0824764934679], [-118.634955740071, 34.0824574164159], [-118.63494678027, 34.0824241692585], [-118.634941719974, 34.0823954044048], [-118.634937865915, 34.0823802826297], [-118.634934323414, 34.0823663816698], [-118.634914069776, 34.0823423283855], [-118.634897261685, 34.0823362751164], [-118.634880636675, 34.0823302880476], [-118.634850169611, 34.082342725876], [-118.634817265444, 34.0823323705297], [-118.634801964529, 34.0823076111482], [-118.634770018301, 34.0822865533222], [-118.634736044309, 34.082262378898], [-118.634702904431, 34.082239913866], [-118.634696474534, 34.0821990014155], [-118.634692282854, 34.0821692065683], [-118.634705072423, 34.0821384639061], [-118.634704358159, 34.0821272031831], [-118.634702819085, 34.0821029296143], [-118.634690278393, 34.0820760395769], [-118.634664575435, 34.0820490269933], [-118.634651574829, 34.0820147144393], [-118.634644815007, 34.0819834102815], [-118.634633140352, 34.081955510063], [-118.634651351552, 34.081922885928], [-118.63468297899, 34.0819075744069], [-118.634720690555, 34.0819001251101], [-118.63474173621, 34.0818758480548], [-118.634774772571, 34.081862403356], [-118.63479392435, 34.0818394180515], [-118.634809289272, 34.0818033158908], [-118.634826889538, 34.0817717978111], [-118.634858526393, 34.0817523681001], [-118.634897446384, 34.0817526062618], [-118.634932391421, 34.0817718824777], [-118.634964929753, 34.0817652943092], [-118.634983427174, 34.0817415429344], [-118.634988878857, 34.0817129418467], [-118.634967385804, 34.0816885671813], [-118.634936642351, 34.0816597001946], [-118.634929716611, 34.0816210726159], [-118.634925616691, 34.0815920460725], [-118.634938689152, 34.0815579710427], [-118.634946334929, 34.0815177428754], [-118.63497931735, 34.0814920013074], [-118.634996980345, 34.0814614215499], [-118.634988512949, 34.0814325383219], [-118.634958465411, 34.0814172515152], [-118.634928008372, 34.0814361436476], [-118.634887036962, 34.081433162763], [-118.634877075443, 34.0814043932516], [-118.63486232626, 34.0813767546176], [-118.634848208857, 34.0813466118472], [-118.634813788732, 34.0813429746616], [-118.634788927406, 34.081321942192], [-118.634757298859, 34.0813016490445], [-118.634565633121, 34.081237383997], [-118.634595903677, 34.0812522994433], [-118.634619571431, 34.0812719148528], [-118.63465635208, 34.0812742794526], [-118.634662697006, 34.0812750866285], [-118.634631523237, 34.0812951294832], [-118.634602957817, 34.0813122302896], [-118.634570317237, 34.0813237945575], [-118.634535387176, 34.0813386589817], [-118.63450004706, 34.0813504180704], [-118.634464322184, 34.081354606777], [-118.63442253881, 34.0813581557972], [-118.634380577024, 34.0813530451333], [-118.634340635287, 34.0813456128448], [-118.634139627438, 34.0813600733782], [-118.634115975311, 34.0813518878372], [-118.634082301622, 34.0813391285355], [-118.634044152781, 34.0813247225503], [-118.634025518509, 34.0812952972499], [-118.633996448174, 34.0812704033201], [-118.633963434823, 34.0812601897452], [-118.633928271114, 34.0812473710627], [-118.633900030665, 34.0812273085157], [-118.633870311772, 34.0812047012069], [-118.633852602494, 34.0811808125297], [-118.633824207044, 34.0811629442664], [-118.633784947108, 34.0811516937985], [-118.6337633573, 34.0811280551883], [-118.633738444564, 34.081101315086], [-118.63371422393, 34.0810701548879], [-118.633697317783, 34.0810421963217], [-118.633694216884, 34.081008074437], [-118.633708185043, 34.0809721134109], [-118.633726525176, 34.0809434406009], [-118.633747278175, 34.0809192332196], [-118.633731928202, 34.0808934624291], [-118.633700268664, 34.0809026950999], [-118.633657223287, 34.0809091695465], [-118.633495774537, 34.0809372369767], [-118.633450232414, 34.0809444603391], [-118.6334020684, 34.080947899108], [-118.633356760874, 34.0809511512366], [-118.633320332733, 34.0809571585821], [-118.633277177334, 34.0809672269271], [-118.633259567293, 34.0809769588506], [-118.633236725123, 34.0809895814769], [-118.633207360807, 34.0810021826658], [-118.633163336423, 34.0810223098993], [-118.633133875982, 34.0810369546198], [-118.633104215087, 34.081052910479], [-118.633075731123, 34.0810717996505], [-118.633045341324, 34.0810829793813], [-118.633006910605, 34.0811089255107], [-118.632981062058, 34.081128314175], [-118.632954342648, 34.0811472416132], [-118.632926576562, 34.0811659103662], [-118.632894794428, 34.0811835166929], [-118.632866956508, 34.0812027020558], [-118.63283299861, 34.081209104008], [-118.632786143746, 34.0812137140051], [-118.632760110087, 34.0811910162886], [-118.632752786466, 34.0811582762675], [-118.632742520052, 34.0811303260032], [-118.63273832435, 34.0811011215036], [-118.632737066407, 34.081061917156], [-118.632754756528, 34.0810323180272], [-118.632768627539, 34.0809932970043], [-118.632790820755, 34.0809709804856], [-118.632812484007, 34.0809351010715], [-118.632816614164, 34.080896509504], [-118.632834351034, 34.0808595209543], [-118.632828079145, 34.0808303726788], [-118.632811469729, 34.0808060092856], [-118.632797811397, 34.0807663757645], [-118.632789350315, 34.0807273644576], [-118.632786005612, 34.0806997036858], [-118.632769359015, 34.0806630472665], [-118.632761132329, 34.0806359580958], [-118.632749394815, 34.080602044473], [-118.63272388491, 34.080569649682], [-118.632702086143, 34.0805390267752], [-118.632682149852, 34.0805096730487], [-118.632657762699, 34.0804822141495], [-118.632632017504, 34.0804587075512], [-118.632614360071, 34.0804309218966], [-118.632597448959, 34.0803999672461], [-118.632568846176, 34.0803789641906], [-118.632594523078, 34.0802043327902], [-118.632631414828, 34.080162816646], [-118.632676755644, 34.0801183654659], [-118.632729682981, 34.0800692884083], [-118.632789057583, 34.0800181673437], [-118.632845540652, 34.079964313227], [-118.632900207743, 34.0799101929741], [-118.632948583525, 34.0798565516667], [-118.632988319703, 34.0797986415473], [-118.633016785956, 34.0797369828158], [-118.633025961129, 34.0796967162381], [-118.63304572943, 34.0797086852044], [-118.633049636201, 34.0796919759334], [-118.63308013962, 34.0796633923029], [-118.633126771276, 34.0796544124211], [-118.633171508801, 34.0796493675879], [-118.63321428656, 34.0796431037801], [-118.633260156394, 34.0796346240795], [-118.633304736995, 34.0796311297745], [-118.633328653406, 34.0796057054269], [-118.633364381354, 34.0795786584088], [-118.633402013512, 34.079562038962], [-118.63343681795, 34.079557894545], [-118.633430944068, 34.0795319109559], [-118.633433003975, 34.0794968294466], [-118.633448194424, 34.0794705566461], [-118.633477259496, 34.0794451705699], [-118.63350253141, 34.0794204971981], [-118.63353196076, 34.0794024793066], [-118.633560413772, 34.0793827710199], [-118.633479174633, 34.079159572783], [-118.633513814397, 34.0791537269526], [-118.633530149436, 34.0791261191447], [-118.633523704011, 34.0790988493994], [-118.633532869203, 34.0790717740691], [-118.633545112029, 34.0790455037619], [-118.63352430011, 34.0790237252485], [-118.63349667745, 34.0790014557518], [-118.633481396978, 34.0789725753652], [-118.633507578492, 34.0789551856682], [-118.633488109791, 34.0789286207136], [-118.633472245889, 34.0789022684764], [-118.633441019863, 34.0788862746913], [-118.63340774676, 34.0788739779321], [-118.633371279156, 34.0788644322362], [-118.633332418251, 34.07885211081], [-118.633296458197, 34.0788439180883], [-118.633263896064, 34.0788331804744], [-118.633220469297, 34.0788280842364], [-118.63319841689, 34.0788493207148], [-118.633045161514, 34.0787451269722], [-118.633020441358, 34.078713897434], [-118.632990272618, 34.0786826142436], [-118.63297036549, 34.0786579759457], [-118.632938449401, 34.0786256016397], [-118.632922504335, 34.0785971315076], [-118.632909553651, 34.0785640786707], [-118.632878749616, 34.0785306926265], [-118.632842049795, 34.0785118634402], [-118.632795690158, 34.0784951857295], [-118.632766227398, 34.0784659439306], [-118.632742434842, 34.0784310363181], [-118.632715880516, 34.0784126110085], [-118.632690309218, 34.0783944255796], [-118.632659879582, 34.0783640172645], [-118.632627478231, 34.0783364585115], [-118.632609855435, 34.0783125778046], [-118.632595073568, 34.0782879657727], [-118.632575902034, 34.0782642882543], [-118.632557337924, 34.0782403268217], [-118.632541392674, 34.0782142547364], [-118.632485654903, 34.0781991835968], [-118.632471053242, 34.0781698063231], [-118.632453143044, 34.0781376324055], [-118.632437163313, 34.0781023027952], [-118.632411653011, 34.0780747969244], [-118.632390422931, 34.0780429203266], [-118.632368408588, 34.0780129663277], [-118.632345908683, 34.077979644623], [-118.632320873879, 34.0779470930611], [-118.632297976172, 34.0779268408189], [-118.632260098175, 34.077901241085], [-118.632245355607, 34.0778898705027], [-118.632057462714, 34.0778367099604], [-118.631907465408, 34.0777942700312], [-118.631801433397, 34.0777642690748], [-118.631751000525, 34.0777499996291], [-118.631535755687, 34.0776809842041], [-118.631336566208, 34.0776726515072], [-118.631093113367, 34.077674318594], [-118.63096972344, 34.0777016316199], [-118.630859719769, 34.0777259805917], [-118.630708819555, 34.0777643096653], [-118.630352693966, 34.0777159807843], [-118.630164631168, 34.0775834129572], [-118.630118813735, 34.0775511150038], [-118.630069000159, 34.07751600033], [-118.629965312916, 34.0774294861018], [-118.629951792602, 34.0774182047363], [-118.629852847024, 34.0773356457035], [-118.62970497834, 34.0771701164883], [-118.62957682634, 34.0770498664834], [-118.629519470973, 34.076963018289], [-118.629460323981, 34.0768798818224], [-118.629462116094, 34.0767945185281], [-118.629489830265, 34.076698598836], [-118.629571719798, 34.0766028619125], [-118.629551286091, 34.0765290433811], [-118.62947100053, 34.0762390002514], [-118.629484999497, 34.0758409998602], [-118.629272917592, 34.0753474010891], [-118.629231931246, 34.0752520080497], [-118.629044072279, 34.0752193133145], [-118.629032090826, 34.0751837372908], [-118.629003610111, 34.0751584297489], [-118.628978777266, 34.0751234284378], [-118.628956843682, 34.0750910061836], [-118.628957614362, 34.0750489752191], [-118.628955270617, 34.0750177425227], [-118.628966471957, 34.0749863599726], [-118.628962956466, 34.0749507244228], [-118.628967868328, 34.0749232934204], [-118.628968524904, 34.0748936240504], [-118.628981988221, 34.0748655115933], [-118.628985911754, 34.074836964295], [-118.628967264333, 34.0748215199232], [-118.628951334557, 34.0748156106026], [-118.628914202534, 34.0748165611944], [-118.628879222967, 34.0748011519763], [-118.628839406609, 34.0747849182228], [-118.628836437787, 34.0747519975], [-118.628839222511, 34.0747154730925], [-118.62880324379, 34.0746856747803], [-118.628764999469, 34.0746540001073], [-118.628562518852, 34.0745522220641], [-118.628406533365, 34.0744738144184], [-118.628398012218, 34.0744045844426], [-118.628360937355, 34.0744048756043], [-118.628325240141, 34.0743911218317], [-118.628293367024, 34.0743774194943], [-118.628245694011, 34.0743756446921], [-118.628196468125, 34.0743710112849], [-118.628149165439, 34.0743677560445], [-118.628116051005, 34.0743512267702], [-118.628082380088, 34.0743405274339], [-118.628045959072, 34.0743746210463], [-118.628012127866, 34.0743791172232], [-118.627980974325, 34.0743535148603], [-118.627939558186, 34.0743441196228], [-118.627927237009, 34.0743119138603], [-118.627917446907, 34.074301829308], [-118.627905539527, 34.0742895645485], [-118.627883135907, 34.0742629604173], [-118.627874608479, 34.0742281290322], [-118.627862653158, 34.0741975053804], [-118.627853755335, 34.0741659033988], [-118.627844778471, 34.0741302497887], [-118.627807201994, 34.0741283637898], [-118.627775253163, 34.0741524092887], [-118.627747768428, 34.0741851832785], [-118.627714506815, 34.0742118761342], [-118.62768338833, 34.0742233801955], [-118.627644408071, 34.0742461869814], [-118.627605346901, 34.0742610005182], [-118.627561539765, 34.0742789871373], [-118.627540366477, 34.0743011221485], [-118.627517743324, 34.074333161273], [-118.627491584164, 34.0743550685275], [-118.627473866027, 34.0743785280539], [-118.627449222463, 34.074401572381], [-118.62741510893, 34.0743995620844], [-118.627376042546, 34.0743959261155], [-118.627345887126, 34.0744164644196], [-118.627309892135, 34.0744086858336], [-118.627284703505, 34.0744320400032], [-118.627247976423, 34.0744458429486], [-118.62723804538, 34.0744523902775], [-118.627219231212, 34.0744647934461], [-118.62720447323, 34.0744893758653], [-118.627165948287, 34.074495531795], [-118.62713104635, 34.0745075644074], [-118.627094865308, 34.0745062404289], [-118.627060271263, 34.0745048165567], [-118.627019648178, 34.0745010318853], [-118.626983016483, 34.074497896632], [-118.626943526055, 34.074496458799], [-118.626904036421, 34.0744944151189], [-118.626920256841, 34.0744635106464], [-118.626922085052, 34.0744310668824], [-118.626922597795, 34.0744219664826], [-118.626907299475, 34.0743878260616], [-118.626897402067, 34.0743506115189], [-118.62685992628, 34.0743462976406], [-118.626814789724, 34.0743497006704], [-118.6267701563, 34.0743564436865], [-118.626725292345, 34.0743489186448], [-118.626682899147, 34.0743401359484], [-118.626641843916, 34.0743214099143], [-118.626607370783, 34.0742982978139], [-118.626569231695, 34.0742897637915], [-118.626527762593, 34.0743065701179], [-118.626494921539, 34.0743099553482], [-118.62645456807, 34.0743101089993], [-118.626421168107, 34.0743071351327], [-118.626374477087, 34.0743088324443], [-118.626339075353, 34.0742994748704], [-118.626301858285, 34.0742995337513], [-118.626263635748, 34.0742962907328], [-118.626221727326, 34.0742902877849], [-118.626174796051, 34.074284565046], [-118.626133992963, 34.074284840281], [-118.626095024412, 34.0742745984743], [-118.626059929923, 34.0742763444315], [-118.626022776865, 34.0742681881453], [-118.625988651159, 34.0742555605914], [-118.625951480745, 34.0742529423093], [-118.625914824115, 34.0742518069542], [-118.625867911321, 34.0742572788885], [-118.625827403917, 34.0742684465308], [-118.625791342015, 34.0742721082572], [-118.625757996875, 34.0742806675165], [-118.625724112003, 34.074293586475], [-118.625686512943, 34.0742906933725], [-118.625651186709, 34.0742960994166], [-118.62561561886, 34.0742897507984], [-118.625588778682, 34.0743086120783], [-118.625543701445, 34.0743112823585], [-118.62551037458, 34.0743135669606], [-118.625479624837, 34.0743273314573], [-118.625448421695, 34.0743455369328], [-118.625409677991, 34.0743594538013], [-118.625366171355, 34.0743688072354], [-118.625327847774, 34.0743773306485], [-118.625281567143, 34.0743794751264], [-118.625238714823, 34.07438367592], [-118.625199391143, 34.0743923828601], [-118.625160668404, 34.0743986898928], [-118.625119271372, 34.074400959045], [-118.625073591974, 34.074406840416], [-118.62504073634, 34.0744114286248], [-118.625013688503, 34.0744288898568], [-118.625023574997, 34.0744567346045], [-118.625002032731, 34.0744819660366], [-118.624971192002, 34.0744970870353], [-118.624952769203, 34.0745212048204], [-118.624947864712, 34.0745532931866], [-118.624949502528, 34.0745890640095], [-118.624941699775, 34.0746173444004], [-118.624923452705, 34.0746535694409], [-118.624907697241, 34.0746799453378], [-118.624897517012, 34.0747118365969], [-118.624875530528, 34.0747402288895], [-118.624867637221, 34.0747581006602], [-118.624860540335, 34.0747741699222], [-118.624843600992, 34.0747990872328], [-118.624827912011, 34.0748254999796], [-118.624842783094, 34.0748551989793], [-118.624863124563, 34.0748842472632], [-118.624881520242, 34.0749150192672], [-118.624899301082, 34.074942586042], [-118.624912569781, 34.0749740156021], [-118.624927207939, 34.0750071962724], [-118.624936533035, 34.0750395248644], [-118.624953707317, 34.0751369446543], [-118.624932984684, 34.0751654324363], [-118.624911797961, 34.075193564811], [-118.624911589318, 34.0752234334058], [-118.624897894672, 34.0752530427794], [-118.624875615624, 34.0752857770053], [-118.624873777786, 34.0753133161598], [-118.624861978708, 34.0753427771086], [-118.624839309486, 34.0753675585372], [-118.624798303663, 34.0753643887298], [-118.624777346246, 34.0753345540759], [-118.624750392301, 34.0753049697962], [-118.624736520995, 34.0752693227087], [-118.624723083557, 34.0752319111088], [-118.624701417994, 34.0751975141506], [-118.624670746369, 34.0751868842757], [-118.624637821848, 34.075190928803], [-118.624599791523, 34.0751923630015], [-118.624582141624, 34.0752167578022], [-118.624547240441, 34.0752341736984], [-118.6245183228, 34.0752528915324], [-118.624555389473, 34.0752680703416], [-118.624542581303, 34.0753002129153], [-118.6245114217, 34.0753134015128], [-118.624484251392, 34.0753404085605], [-118.624450915561, 34.0753561042297], [-118.624430720498, 34.075330902772], [-118.624418456133, 34.075300980064], [-118.624384751869, 34.0752880965857], [-118.624350837999, 34.0752844361452], [-118.624317769966, 34.0752855226595], [-118.624279412707, 34.0752929625481], [-118.624196721465, 34.075227251632], [-118.623938000287, 34.0750890000817], [-118.623632765927, 34.0749202969029], [-118.62329895079, 34.0748497890074], [-118.622952405292, 34.0748289388399], [-118.622658958186, 34.074632475977], [-118.622589293757, 34.0745658781961], [-118.622731500224, 34.0740828169073], [-118.622844298427, 34.0740333777981], [-118.622872012697, 34.0740020321898], [-118.622870123221, 34.0739668902498], [-118.622854108984, 34.0739350089006], [-118.622849682506, 34.0739062823996], [-118.622868145186, 34.0738723375819], [-118.622944138894, 34.0738053970363], [-118.622949303428, 34.0737781324696], [-118.622930553032, 34.0737492409644], [-118.622906448266, 34.0737293796125], [-118.622872197773, 34.0737251196229], [-118.622849257852, 34.073694583519], [-118.622820723385, 34.0736804412538], [-118.62278915851, 34.073668392723], [-118.62275816968, 34.0736540098116], [-118.622721332097, 34.0736406669069], [-118.622694381179, 34.0736177499969], [-118.62269123444, 34.073614963122], [-118.622684999925, 34.0735729997751], [-118.622648825691, 34.0735199956013], [-118.622679551829, 34.073501078288], [-118.622713539477, 34.0735007137963], [-118.622746587562, 34.0734952675995], [-118.62277037389, 34.0734569046081], [-118.622735285617, 34.0734387622407], [-118.622694481471, 34.0734234213153], [-118.622659189696, 34.0734109778896], [-118.622677280605, 34.073378899315], [-118.622641448749, 34.0733714484703], [-118.62260323199, 34.0733468104106], [-118.622600448607, 34.0733149636311], [-118.62259042598, 34.0732875875919], [-118.622498000373, 34.0732990000158], [-118.622424565361, 34.0732618760177], [-118.622384749735, 34.0732417479565], [-118.622124564249, 34.0733638501849], [-118.621826482598, 34.07350779788], [-118.621796658639, 34.0735222000783], [-118.621680757961, 34.0736425339922], [-118.621375853772, 34.0737045044297], [-118.621030114054, 34.0739464726709], [-118.620740999936, 34.0741399996579], [-118.620502305556, 34.0740035655801], [-118.620427348906, 34.0736052892265], [-118.620723884596, 34.0731978923398], [-118.620670363298, 34.073165266299], [-118.620568843296, 34.0731033815886], [-118.620473881608, 34.0730454934416], [-118.620450999725, 34.0730559998865], [-118.620259923354, 34.0730415963591], [-118.620177802288, 34.0728619128641], [-118.620147783196, 34.0728369846604], [-118.620129341754, 34.0728121200299], [-118.620110870612, 34.0727815211476], [-118.620119997116, 34.0727529153547], [-118.620105508906, 34.0727265389046], [-118.620065253169, 34.0727291391885], [-118.620020585745, 34.0727277471324], [-118.619986148299, 34.0727467783727], [-118.619948014031, 34.0727506845182], [-118.619908797805, 34.0727071855129], [-118.619878927812, 34.0727071852275], [-118.619832254568, 34.0726955866403], [-118.619782781772, 34.0726723907774], [-118.619737976571, 34.0726607931424], [-118.619682902696, 34.0726507416699], [-118.619618495937, 34.0726507412316], [-118.619595152279, 34.0726273903289], [-118.619552512633, 34.0726269034749], [-118.61951747984, 34.0726428007708], [-118.619495174267, 34.0726648295725], [-118.619459102076, 34.0726747360456], [-118.619428526014, 34.0727038103477], [-118.61941008191, 34.072737181502], [-118.619387636549, 34.0727605077279], [-118.619358638646, 34.0727923346464], [-118.619331372721, 34.0728188092775], [-118.619316411994, 34.0728565221387], [-118.61930201307, 34.0728834330643], [-118.619276047518, 34.0729074838309], [-118.61924125201, 34.0729260948897], [-118.619260527973, 34.0729597860803], [-118.619264373228, 34.0729665474576], [-118.619277910521, 34.0729903475643], [-118.619314650589, 34.0730019693529], [-118.619346476196, 34.073017586771], [-118.619378589153, 34.0730277451424], [-118.619403453542, 34.0730522459563], [-118.619423716806, 34.0730822175424], [-118.619432002079, 34.0731144448295], [-118.619448222857, 34.0731442808777], [-118.619450858873, 34.0731719689023], [-118.619466574036, 34.0731979446743], [-118.619496319735, 34.0731995474249], [-118.619509614187, 34.0732062114143], [-118.619512055383, 34.073223920474], [-118.619508997517, 34.0732405180048], [-118.619503648904, 34.073254769884], [-118.619523898871, 34.0732731238542], [-118.619526981377, 34.0732975284123], [-118.619520242756, 34.0733200658639], [-118.61951222852, 34.073339461269], [-118.619501850158, 34.0733539551282], [-118.619467928484, 34.0733608908899], [-118.619443517564, 34.0733288613048], [-118.619450866855, 34.0733010887185], [-118.61941224764, 34.0732871209045], [-118.619403902332, 34.0732456321281], [-118.619373183884, 34.0732342934008], [-118.619343311814, 34.073248761999], [-118.619309931829, 34.0732436333661], [-118.619279989159, 34.0732239411953], [-118.619271124252, 34.0731876895496], [-118.619258563059, 34.073152631845], [-118.61922610253, 34.073145676059], [-118.619193237917, 34.073151652674], [-118.619158580136, 34.0731533522106], [-118.619113505972, 34.0731614401281], [-118.619108605987, 34.0731915927353], [-118.619079380628, 34.0731743181571], [-118.619038822742, 34.0731755323352], [-118.619007170719, 34.073165658037], [-118.618971719307, 34.0731518501751], [-118.618945260612, 34.0731339383387], [-118.618910949516, 34.073127967068], [-118.618899427496, 34.0731016417519], [-118.618894556668, 34.0730936129675], [-118.618884529562, 34.0730770876371], [-118.61885249497, 34.0730544732958], [-118.618821997949, 34.0730426881256], [-118.618787512219, 34.0730728057361], [-118.618731752716, 34.0730653284531], [-118.618744255759, 34.0730371126079], [-118.618703312566, 34.0730204234294], [-118.618658878952, 34.0730238624032], [-118.618625322789, 34.072981654992], [-118.618590777305, 34.0729683457315], [-118.618561091676, 34.0729450673892], [-118.618523100864, 34.0729276566331], [-118.618480170595, 34.0729106556823], [-118.618450007062, 34.0728970965867], [-118.618417604711, 34.0728726006198], [-118.618370982066, 34.0728652952528], [-118.61832351417, 34.0728788415973], [-118.618281407669, 34.0728874375894], [-118.618247233644, 34.07289517592], [-118.618213058275, 34.0729068873764], [-118.6181811196, 34.0729174701554], [-118.618154557255, 34.0729382705392], [-118.618135065507, 34.0729654143624], [-118.618084241131, 34.072971637139], [-118.618039320874, 34.0730116343285], [-118.618039208583, 34.0730491520709], [-118.61801918935, 34.0730772081583], [-118.618049095363, 34.0730960031764], [-118.618031767411, 34.0731333499722], [-118.618013406884, 34.0731562214997], [-118.618029020891, 34.0731818212024], [-118.618011429593, 34.0732093973551], [-118.618005893219, 34.0732385558988], [-118.618006441409, 34.0732717713109], [-118.617982884821, 34.0732917588419], [-118.617984080942, 34.0732642452832], [-118.617972161314, 34.0732981064404], [-118.617984723585, 34.0733301648292], [-118.617983604339, 34.0733672673502], [-118.617981369276, 34.0734032429158], [-118.617977183338, 34.073434731221], [-118.617989613945, 34.0734653383077], [-118.617979123941, 34.0734795079192], [-118.617922591155, 34.0734790466798], [-118.617751376391, 34.0734776485932], [-118.616815000104, 34.0734700004352], [-118.616521168357, 34.073291113105], [-118.616262092138, 34.0731333837288], [-118.616233646746, 34.0729909577047], [-118.61626405098, 34.0729645877335], [-118.616285911856, 34.0729305346259], [-118.616287542768, 34.0728958112013], [-118.616277739688, 34.0728633975398], [-118.616232631528, 34.0728621735484], [-118.616204994712, 34.0728789692507], [-118.616163380507, 34.0728723368637], [-118.616124585984, 34.0728567943793], [-118.616091218011, 34.0728819427734], [-118.616057337797, 34.0729012690029], [-118.616015390185, 34.0728968413225], [-118.615978068385, 34.0728919108527], [-118.615805999525, 34.0726530000181], [-118.615770755876, 34.07238585203], [-118.616219220594, 34.0722358127463], [-118.616258366388, 34.0722220498987], [-118.616283758589, 34.0722018163286], [-118.616300633492, 34.0721748898434], [-118.616336500111, 34.072150522713], [-118.616371244169, 34.0721264024884], [-118.616424135604, 34.0721128245379], [-118.616450096876, 34.0720947363304], [-118.616442705213, 34.0720591423973], [-118.616407736609, 34.0720363943337], [-118.616375272078, 34.0720109278232], [-118.61635191157, 34.0719750128376], [-118.616338848287, 34.0719451902965], [-118.616374764958, 34.0719237078352], [-118.616377813689, 34.0718885165525], [-118.616405940626, 34.0718511694627], [-118.616403965267, 34.0718211525033], [-118.61637563135, 34.0718048220299], [-118.61634074547, 34.0718171454803], [-118.616302796949, 34.0718035588652], [-118.616277181671, 34.0717812966868], [-118.616238403765, 34.0717734834603], [-118.616204505959, 34.0717796359968], [-118.616167732497, 34.0717725692373], [-118.616133244465, 34.0717679581157], [-118.616085399734, 34.0717718099381], [-118.616044969063, 34.0717680957812], [-118.616012420698, 34.0717624885233], [-118.615985854194, 34.071745227376], [-118.615952484017, 34.0717459480591], [-118.615911953975, 34.0717441313251], [-118.615879569789, 34.0717250315276], [-118.615851925903, 34.0716914913789], [-118.615816723177, 34.0716899457855], [-118.615774930017, 34.0716885473056], [-118.615740283449, 34.07168161263], [-118.61570433817, 34.0716789752109], [-118.615670668593, 34.0716864466344], [-118.615632858806, 34.0716825604221], [-118.615586473303, 34.0716893931813], [-118.615550853615, 34.0716919111635], [-118.615557317509, 34.0717232358498], [-118.615585166208, 34.0717316413632], [-118.615657172284, 34.071759045468], [-118.615700235007, 34.071775776858], [-118.615749761837, 34.0718067853764], [-118.615778287989, 34.0718391985003], [-118.615819545682, 34.071869387081], [-118.615846124796, 34.0718896965794], [-118.615857768062, 34.071930841704], [-118.615882746583, 34.0719609217458], [-118.615904532542, 34.0719877570645], [-118.615920238167, 34.0720171609765], [-118.615946843626, 34.0720502999099], [-118.615972664435, 34.072079868158], [-118.615964788, 34.0721144012462], [-118.615932832156, 34.0720996566845], [-118.615896233387, 34.0720912720855], [-118.615847732172, 34.0720788643854], [-118.615813588364, 34.0720662389123], [-118.615780269012, 34.0720570782078], [-118.615743392547, 34.0720411189171], [-118.615698997889, 34.072031247536], [-118.615664382707, 34.0720254798366], [-118.615614623449, 34.0720236987187], [-118.61560546942, 34.072023471192], [-118.61557030243, 34.0720225976182], [-118.615535462421, 34.0720297635766], [-118.615491466357, 34.0720312610725], [-118.615457180344, 34.0720377296236], [-118.615415076576, 34.0720459297143], [-118.615377182835, 34.0720620019515], [-118.615343466204, 34.0720767103983], [-118.615315868461, 34.0720939391201], [-118.61529727059, 34.0721241270918], [-118.615265477999, 34.0721542818176], [-118.615249250267, 34.0721910465865], [-118.615230537577, 34.0722238837238], [-118.615219649288, 34.0722641158527], [-118.615214037566, 34.0723021401891], [-118.615209433829, 34.0723369996919], [-118.615193870087, 34.0723713662641], [-118.615183111254, 34.0723973716031], [-118.615174089493, 34.0724248486566], [-118.615162145365, 34.0724558468266], [-118.615134229704, 34.0724830888212], [-118.61511318882, 34.072513740209], [-118.615095847673, 34.0725392381921], [-118.615072946722, 34.0725629547348], [-118.615046512659, 34.0725959711473], [-118.615025654004, 34.072631236188], [-118.615002555748, 34.0726658167658], [-118.614986835388, 34.0727024911807], [-118.614969981263, 34.072735422075], [-118.614966117148, 34.0727654239475], [-118.61495988332, 34.0727941916329], [-118.614979391992, 34.0728375420625], [-118.615027296713, 34.0728806705792], [-118.615060392609, 34.0729338616401], [-118.615117819934, 34.0730140642167], [-118.615185081667, 34.0730713686801], [-118.615226342696, 34.0731376827833], [-118.615246982709, 34.07317085572], [-118.615347915377, 34.0732798587501], [-118.615463868043, 34.0733525294186], [-118.615578266126, 34.0734009319533], [-118.615788346237, 34.073445885369], [-118.616024295112, 34.0734598497346], [-118.616057121305, 34.0734733768961], [-118.615908392878, 34.073517278212], [-118.615740551426, 34.0735986600587], [-118.615559158159, 34.0737111239693], [-118.615385576816, 34.0737832802567], [-118.615179204847, 34.0739212704363], [-118.615163772062, 34.073923287166], [-118.61510275985, 34.0739312618282], [-118.61506418228, 34.0739280918685], [-118.615020979257, 34.073917501776], [-118.614988112811, 34.073936997769], [-118.614974508405, 34.073933374937], [-118.614955314038, 34.0739282642043], [-118.614941513324, 34.0739604424091], [-118.614954723449, 34.0739957140232], [-118.614954756929, 34.0739957820468], [-118.614972135143, 34.074031507319], [-118.614965773922, 34.0740625877073], [-118.61493954388, 34.0740972212114], [-118.61492487027, 34.0741223368412], [-118.614905915975, 34.0741479188248], [-118.614872194198, 34.0741668751711], [-118.614837396469, 34.0741757715079], [-118.61480956142, 34.0741961607464], [-118.614777535912, 34.074216320525], [-118.614743433737, 34.0742373133263], [-118.614702638281, 34.0742482544533], [-118.614684649858, 34.0742749173841], [-118.614662551147, 34.0743005494461], [-118.614632788298, 34.0743143401674], [-118.614601120194, 34.0743016840682], [-118.61459290531, 34.0742994231584], [-118.614569470539, 34.074292975188], [-118.614544151669, 34.0743267983588], [-118.614534230748, 34.0743647260083], [-118.614515259296, 34.0743879429379], [-118.614496356959, 34.0744265944058], [-118.614462320698, 34.0744390754497], [-118.614421480495, 34.0744383065491], [-118.614387353449, 34.0744309730161], [-118.614354719557, 34.0744204940784], [-118.614314073774, 34.0744275944633], [-118.614279307491, 34.0744424620035], [-118.614240872309, 34.0744472722535], [-118.614206115636, 34.074447776331], [-118.614162159366, 34.0744635201657], [-118.614124821848, 34.0744734474241], [-118.614088954961, 34.0744750973606], [-118.614048829342, 34.0744655414583], [-118.614008746688, 34.0744682174467], [-118.613984588373, 34.0744465837966], [-118.61395451731, 34.0744727245852], [-118.61392278909, 34.0744987009576], [-118.613891782987, 34.0745158941517], [-118.613872029731, 34.0745538662103], [-118.613866851137, 34.0745813790389], [-118.61386430376, 34.0746158414989], [-118.613870617838, 34.0746498708281], [-118.613863943373, 34.0746786474655], [-118.613838392976, 34.0747060134308], [-118.613832392575, 34.0747362641915], [-118.613797779367, 34.0747281041569], [-118.613793022386, 34.074757766903], [-118.613811861602, 34.0747936372205], [-118.613852736354, 34.0747913405734], [-118.613882883223, 34.0748083734406], [-118.613914845732, 34.0748291310672], [-118.613925561309, 34.0748595229684], [-118.613942143944, 34.0748835302136], [-118.613951260764, 34.0749100043447], [-118.613954786649, 34.0749413329453], [-118.613959115879, 34.0749702948219], [-118.613956375149, 34.0750089173891], [-118.613964901523, 34.0750436497743], [-118.613975863985, 34.0750710325766], [-118.61400032793, 34.0751005666349], [-118.614012070556, 34.0751429977322], [-118.614027779851, 34.0751708935509], [-118.614053291658, 34.0751887111326], [-118.61407351311, 34.0752145035092], [-118.614075777109, 34.0752553668986], [-118.614062734636, 34.0752856762454], [-118.614035706621, 34.0753047498107], [-118.613990733098, 34.0753131750107], [-118.613957322734, 34.0753009257947], [-118.613923360139, 34.075300308902], [-118.613878755947, 34.0752986925441], [-118.613833456171, 34.0752947290777], [-118.613796491987, 34.0752838817694], [-118.613758111378, 34.0752769299571], [-118.613732005706, 34.0752596730639], [-118.613707080572, 34.0752414622593], [-118.613673532435, 34.0752247873601], [-118.613637488007, 34.0752044605381], [-118.613601453899, 34.0751954456187], [-118.613571366897, 34.0751711180443], [-118.613551321155, 34.0751468053593], [-118.613515288093, 34.0751348973397], [-118.613473543956, 34.0751325186507], [-118.613430243601, 34.0751324938971], [-118.613397773078, 34.0751077811553], [-118.613353405793, 34.0751091525164], [-118.613326085508, 34.0751359072026], [-118.613264920445, 34.0751250843401], [-118.613242944511, 34.0750927233796], [-118.613202637731, 34.0751002999082], [-118.613166853152, 34.0751340431561], [-118.61313634889, 34.0751505264125], [-118.613074107306, 34.0751462049693], [-118.613043567855, 34.075160559205], [-118.613007178366, 34.0751731148448], [-118.612808141321, 34.0753209979008], [-118.61266199954, 34.0754049995863], [-118.612501999815, 34.0754110003418], [-118.612168000247, 34.0754280001633], [-118.611801999914, 34.0752809997366], [-118.611769890401, 34.0752005226308], [-118.611746725718, 34.0751424643369], [-118.611741997424, 34.075136775624], [-118.611726333806, 34.075103498662], [-118.611695350611, 34.0750838270064], [-118.611625519364, 34.0750601992842], [-118.6115923983, 34.0750400976531], [-118.611561946985, 34.0750283174293], [-118.611533321971, 34.0750130019209], [-118.611493964811, 34.075008790785], [-118.611460385425, 34.0750186051969], [-118.611431540004, 34.0750350766637], [-118.61138984583, 34.0750354051846], [-118.611350828198, 34.0750460674634], [-118.611306835162, 34.075037566969], [-118.611273003906, 34.0750526379206], [-118.611236603927, 34.0750502667475], [-118.611203481338, 34.0750510584921], [-118.611164596872, 34.0750294169541], [-118.611159716573, 34.0750020863669], [-118.611162213097, 34.0749678721764], [-118.611174747521, 34.0749389074733], [-118.611208808645, 34.0749260418473], [-118.611237040581, 34.0749062578609], [-118.611240066881, 34.0749007258481], [-118.611254432549, 34.0748744664791], [-118.6112987709, 34.07487374921], [-118.611331997916, 34.0748654830261], [-118.611339452746, 34.0748315789876], [-118.611343198288, 34.0747897474541], [-118.611331434724, 34.0747761015107], [-118.611322942836, 34.0747662504126], [-118.611311966303, 34.0747373209976], [-118.61131476452, 34.0747057844811], [-118.611266411069, 34.0747037643844], [-118.611247126356, 34.0747275431318], [-118.611208986292, 34.0747350813566], [-118.611186658346, 34.0747050425948], [-118.61118239362, 34.0746756143731], [-118.611199772474, 34.0746512741772], [-118.611227070496, 34.0746226156261], [-118.611213576205, 34.0745934788039], [-118.611167391372, 34.0745904555217], [-118.611130613177, 34.0745924071611], [-118.611103099306, 34.0745754777731], [-118.611075209536, 34.0745931265153], [-118.611038686656, 34.0746138074201], [-118.611046785485, 34.074641915632], [-118.611045447331, 34.0746723105451], [-118.611010770434, 34.0746781833767], [-118.610977288111, 34.074661815896], [-118.610947549327, 34.0746774559413], [-118.610908861696, 34.0746693246901], [-118.610871748425, 34.074662059179], [-118.610848676088, 34.0746899848124], [-118.610871602316, 34.0747139779021], [-118.610862024877, 34.0747476189296], [-118.610828362277, 34.0747464710483], [-118.610792126511, 34.074773359868], [-118.610764683912, 34.0747456784346], [-118.610714181812, 34.0747351636081], [-118.61067485262, 34.0747223616174], [-118.610646086382, 34.0747369180543], [-118.610609527809, 34.0747379616345], [-118.610577820548, 34.0747560352163], [-118.610535228348, 34.0747388262593], [-118.610497460449, 34.0747339066019], [-118.610475254841, 34.0747054883806], [-118.610439485083, 34.0747151450576], [-118.610405919658, 34.0747113116047], [-118.610369052272, 34.0747127858906], [-118.610344037391, 34.0746802872048], [-118.610329602574, 34.0746546115921], [-118.610306092146, 34.0746744268023], [-118.610273120271, 34.0746697476788], [-118.610275693776, 34.0746342605334], [-118.610286822852, 34.0746011884213], [-118.610291869365, 34.0745654375291], [-118.61028353577, 34.0745349255551], [-118.610283418988, 34.0744961663063], [-118.61027947512, 34.0744661974144], [-118.610295185097, 34.0744399743815], [-118.610300218349, 34.0744165376542], [-118.610291105823, 34.0744034224886], [-118.610271101024, 34.0743954269265], [-118.610239074507, 34.0744094224012], [-118.610212776466, 34.0744322923214], [-118.610182569138, 34.074445309244], [-118.610179045183, 34.0744796966254], [-118.610159308853, 34.074507136311], [-118.610128365465, 34.0745220753698], [-118.610106655585, 34.0745470748058], [-118.610074431905, 34.0745216464594], [-118.610047231961, 34.0745447172028], [-118.610009682458, 34.0745491167089], [-118.609976691748, 34.0745314296409], [-118.609967276443, 34.07450124974], [-118.609926910648, 34.0745021510888], [-118.609903649958, 34.0744788334908], [-118.609864094236, 34.0744671562945], [-118.609855904588, 34.074434265936], [-118.609870565264, 34.0744051226434], [-118.609836601209, 34.0743998155237], [-118.609792999276, 34.074408992379], [-118.609748128474, 34.0743973900316], [-118.609714414752, 34.0744033319219], [-118.609701994244, 34.0743758903096], [-118.609679220383, 34.0743513930572], [-118.609652566976, 34.0743344179129], [-118.609620573243, 34.0743193781455], [-118.609584699516, 34.0743315558387], [-118.609548402875, 34.074342275955], [-118.60951555036, 34.074337474552], [-118.609482294595, 34.0743497085035], [-118.609439517647, 34.0743573256856], [-118.609422424469, 34.074333535108], [-118.609393780906, 34.0743185100182], [-118.609370867016, 34.0742966759882], [-118.609402959458, 34.0742685605066], [-118.609384878165, 34.0742350553283], [-118.609381393624, 34.0742038217076], [-118.609372149173, 34.0741742298395], [-118.609383794808, 34.0741423604631], [-118.609383194388, 34.0741084411466], [-118.609381736771, 34.074077784913], [-118.60934010441, 34.0740805350091], [-118.60931521927, 34.0740602564261], [-118.609307904417, 34.0740311713327], [-118.6093288668, 34.0740050630128], [-118.60929367993, 34.0740119676912], [-118.609256561779, 34.0740206140305], [-118.609233828836, 34.0739887704038], [-118.609259523085, 34.0739643246212], [-118.609226112691, 34.0739405349796], [-118.60922091425, 34.0739131607162], [-118.609207328561, 34.0738761050502], [-118.609197463861, 34.0738452542264], [-118.609210127301, 34.0738126291548], [-118.609244609934, 34.0738103246562], [-118.60926116902, 34.0737833376728], [-118.609222673764, 34.0737586763623], [-118.609230227872, 34.0737249025455], [-118.60922602667, 34.0736948042277], [-118.6092025696, 34.07365880549], [-118.609169323431, 34.0736829832794], [-118.609127750228, 34.0736944953341], [-118.609110814551, 34.0736662105555], [-118.609088846857, 34.073631411913], [-118.60908261087, 34.0736013707881], [-118.60904388806, 34.0735922638745], [-118.609030533957, 34.0735627290714], [-118.60901147029, 34.0735373294176], [-118.609022817676, 34.0735097180675], [-118.609022250875, 34.0734814591003], [-118.609023607921, 34.0734773789985], [-118.609035545562, 34.073441487752], [-118.609035038714, 34.0734114264034], [-118.609012772074, 34.0733880558121], [-118.608981293565, 34.07339310609], [-118.608948967777, 34.0733287235189], [-118.608924000886, 34.0732789999205], [-118.608929158425, 34.073234095988], [-118.608948238569, 34.0732283263759], [-118.608932367685, 34.0732061526783], [-118.608933211223, 34.0731988107887], [-118.608967840617, 34.073192286181], [-118.609007835048, 34.0731940961315], [-118.609026515687, 34.0731577074948], [-118.609065017546, 34.0731500833539], [-118.609109314991, 34.0731435216606], [-118.609142508327, 34.0731322832645], [-118.609176184446, 34.0731301663841], [-118.609208838843, 34.0731112689833], [-118.609222347796, 34.0730860532763], [-118.609256268285, 34.0730596893026], [-118.609223341872, 34.0730473111248], [-118.609234304584, 34.0730018090749], [-118.609201414197, 34.0729806294374], [-118.609177451105, 34.0729589619338], [-118.609224939574, 34.0729251706815], [-118.60925986735, 34.0729133295444], [-118.609277957642, 34.0728803000625], [-118.609283091669, 34.0728524496473], [-118.609294676943, 34.0728246707615], [-118.609296351431, 34.0727816274647], [-118.60938016514, 34.0726675920289], [-118.609377359099, 34.0726368426568], [-118.609381319939, 34.0726034414535], [-118.609373491995, 34.0725704003357], [-118.609365357776, 34.0725335896764], [-118.609377644318, 34.0725025367652], [-118.609393265319, 34.0724776064494], [-118.609372877696, 34.0724475981362], [-118.609310980545, 34.0723844152672], [-118.609265257679, 34.0723604293253], [-118.609225630871, 34.0723503296244], [-118.609132661678, 34.0723490667378], [-118.608984959373, 34.0723963010667], [-118.608961876673, 34.0723746767055], [-118.608966589381, 34.0723449774609], [-118.608927916973, 34.0723536308692], [-118.608904950461, 34.072328860579], [-118.608847998803, 34.0722369997997], [-118.608825370789, 34.0721957432455], [-118.608797121241, 34.0721442367616], [-118.608757977161, 34.0720728657618], [-118.608731071433, 34.0720238080635], [-118.608689818696, 34.0720175659126], [-118.608653519632, 34.0720191394331], [-118.608614765821, 34.0719918728058], [-118.608580144613, 34.0719945216145], [-118.60858865619, 34.0719647677899], [-118.608608057326, 34.0719327992925], [-118.608575588701, 34.0719245998041], [-118.608588970284, 34.0718988650904], [-118.608605313842, 34.0718714941576], [-118.608635368008, 34.0718572911088], [-118.608636367294, 34.071851133054], [-118.60863999374, 34.0718287808533], [-118.608638427372, 34.0718261156547], [-118.608658940071, 34.0718101849982], [-118.608695039403, 34.0717946817806], [-118.608695758072, 34.0717253716154], [-118.608701802848, 34.0716960826067], [-118.608732024923, 34.071664860177], [-118.608727278528, 34.0716368160727], [-118.608735759616, 34.0716084168953], [-118.608747991242, 34.0715796848595], [-118.608743190264, 34.0715441075735], [-118.608758059864, 34.0715151526058], [-118.608761049887, 34.0714780142903], [-118.608746649057, 34.0714507195915], [-118.608717161773, 34.0714266494582], [-118.608685648008, 34.0714089853813], [-118.608655899224, 34.0713943982275], [-118.608600708546, 34.071366891182], [-118.608571413251, 34.0713501232657], [-118.608428825675, 34.0712918370351], [-118.608377771687, 34.0712851703252], [-118.608343085638, 34.071277078911], [-118.60831696912, 34.0712597177613], [-118.608297769176, 34.0712561501795], [-118.608278111333, 34.0712524967626], [-118.608238846459, 34.0712489428232], [-118.608234191725, 34.0712188469555], [-118.608250149673, 34.0711902398149], [-118.608263000109, 34.0711896953733], [-118.608237000138, 34.0711400003475], [-118.608126043292, 34.069770521463], [-118.608126000487, 34.0697699998388], [-118.607907944014, 34.0693891161483], [-118.607755029844, 34.0691220141311], [-118.607123000244, 34.0680180002128], [-118.606931000482, 34.0680869995754], [-118.606657553039, 34.0680599311249], [-118.60643600038, 34.0680380000874], [-118.606361255024, 34.0680111000972], [-118.606388259495, 34.0682826759336], [-118.606108311007, 34.0687653142658], [-118.60624999958, 34.0688059995866], [-118.606282999469, 34.0690570001205], [-118.60618504235, 34.0691371180135], [-118.606102639154, 34.0692045130652], [-118.606066747779, 34.069193753789], [-118.606030788933, 34.0691755927676], [-118.605983055624, 34.0691751583962], [-118.605939368946, 34.0691705677403], [-118.605921451306, 34.0691443204553], [-118.605887498431, 34.0691349056267], [-118.605851378818, 34.0691366959126], [-118.60582102431, 34.0691240893958], [-118.605787297233, 34.0691173486232], [-118.605764410663, 34.0690896962787], [-118.605772946591, 34.0690510056908], [-118.605749956881, 34.0690229986673], [-118.605751742261, 34.0689939542067], [-118.605740111172, 34.0689597364898], [-118.605746205868, 34.0689298801666], [-118.605724632786, 34.0688920391175], [-118.605700315348, 34.0688668196833], [-118.605686768052, 34.0688322088652], [-118.605679964659, 34.0687976454166], [-118.605673442218, 34.068769500009], [-118.605648737056, 34.0687576369447], [-118.605647899112, 34.0687509172747], [-118.605611455206, 34.0687414574457], [-118.605605221963, 34.0687073733846], [-118.605568988192, 34.0686924021673], [-118.605556341564, 34.0686542249561], [-118.605526317692, 34.068642725007], [-118.605485772888, 34.0686471143063], [-118.605456199226, 34.0686307415031], [-118.605443127402, 34.0685991521864], [-118.605355500094, 34.0685895435871], [-118.60532656965, 34.0685750331332], [-118.605360277386, 34.068559380842], [-118.605345653231, 34.0685304735855], [-118.605348262347, 34.0684927797039], [-118.605314452487, 34.0684839975369], [-118.605268287738, 34.0684831150535], [-118.605243893432, 34.0684606650635], [-118.605221614932, 34.0684347979081], [-118.60518869868, 34.0684300160505], [-118.605154037295, 34.0684450056904], [-118.60511455007, 34.0684488425266], [-118.605099857344, 34.0684765136643], [-118.605065982236, 34.0684709942752], [-118.605010920033, 34.068467286346], [-118.604984465525, 34.068437639155], [-118.604952128775, 34.0684316418076], [-118.604864821489, 34.068409894519], [-118.604832653795, 34.0683941560356], [-118.604785716278, 34.0683809161105], [-118.604739401049, 34.068367043678], [-118.604706627999, 34.0683635409461], [-118.604668797564, 34.0684018564899], [-118.604626761668, 34.0684414205649], [-118.604634080529, 34.0684689888851], [-118.604596876799, 34.068474382557], [-118.604611475193, 34.0685065676755], [-118.604617486889, 34.0685410845445], [-118.604582438901, 34.0685528687339], [-118.604593867394, 34.0685885239027], [-118.604602090687, 34.0686314821254], [-118.604634725281, 34.068653476008], [-118.604659466891, 34.0686783366447], [-118.604689116881, 34.0686907536396], [-118.604718513079, 34.0687055133798], [-118.604679361767, 34.068704990625], [-118.604622661444, 34.068705187845], [-118.604581399718, 34.0687014675179], [-118.604549066496, 34.0687114358445], [-118.604497944632, 34.0687261722826], [-118.604488667398, 34.0687534489708], [-118.604436439436, 34.0687535990026], [-118.604410410523, 34.0687796400051], [-118.60436314779, 34.0688091461431], [-118.604299349853, 34.0688259766063], [-118.604186019093, 34.0688510066484], [-118.604142525824, 34.0688981402121], [-118.60409883215, 34.0689494933111], [-118.604062042513, 34.0689621467415], [-118.60403393632, 34.0689779646494], [-118.604063001522, 34.0689939781759], [-118.60406676021, 34.0690134456493], [-118.604068359103, 34.0690217307478], [-118.604081787768, 34.0690495371294], [-118.604061124673, 34.0690807502286], [-118.604064796494, 34.0691157189704], [-118.604040328282, 34.069146740291], [-118.604002013739, 34.069168963113], [-118.603968215706, 34.0691839323123], [-118.603927461428, 34.0691815252336], [-118.603893727635, 34.0691838643348], [-118.603867000534, 34.0692057476679], [-118.603828387368, 34.0692154540132], [-118.603793648515, 34.0692110343911], [-118.603743763413, 34.0692205133186], [-118.603709292488, 34.0692180966155], [-118.603664507949, 34.0692244834577], [-118.603633184348, 34.0692502357964], [-118.603624317438, 34.0692786119264], [-118.603597687744, 34.0693009237288], [-118.603569915355, 34.0693186830637], [-118.603553579204, 34.0693507073111], [-118.603560269951, 34.0693861981031], [-118.603578237965, 34.0694096812932], [-118.603536673842, 34.0694234525687], [-118.603527947048, 34.0694604971034], [-118.60353592726, 34.0694943908062], [-118.603547022862, 34.0695215952493], [-118.603579798471, 34.0695285891778], [-118.603568459348, 34.069566430227], [-118.603481632607, 34.0696052519168], [-118.603449850917, 34.0696134758584], [-118.603417570876, 34.0696215124687], [-118.603383796651, 34.0696310805359], [-118.603332161997, 34.0696325689458], [-118.603294222267, 34.0696555669521], [-118.603261013565, 34.0696629953008], [-118.603217786826, 34.0696808238325], [-118.603180951066, 34.0696962991937], [-118.603142202953, 34.0697067546504], [-118.603097077173, 34.0697137925206], [-118.603049094072, 34.0697190625403], [-118.603001674066, 34.069717926647], [-118.602967267398, 34.0697129717176], [-118.602934593467, 34.0697076990383], [-118.602887602593, 34.0697135951195], [-118.602840546353, 34.0697131488055], [-118.602793260453, 34.0697043196537], [-118.602751296038, 34.0696854366319], [-118.60270913984, 34.0696705920349], [-118.602663565149, 34.0696600933895], [-118.602616700498, 34.0696493841672], [-118.602569741344, 34.069640218139], [-118.602537454266, 34.0696487683041], [-118.602488692444, 34.0696457639335], [-118.602441970074, 34.0696444551502], [-118.602394912768, 34.069639545915], [-118.602350369742, 34.0696444512362], [-118.602310252115, 34.0696602809421], [-118.602270817915, 34.0696793655366], [-118.602228258496, 34.069696759216], [-118.602190480431, 34.0697165447786], [-118.602150140239, 34.0697356975528], [-118.602107528739, 34.0697513189819], [-118.602064552499, 34.0697655105531], [-118.602020603664, 34.0697694691857], [-118.601976451369, 34.0697794053539], [-118.601932085104, 34.0697758596524], [-118.601887412811, 34.0697664725756], [-118.601849268902, 34.0697432554219], [-118.601806072756, 34.0697254108588], [-118.601767266109, 34.0697021143196], [-118.601754226742, 34.0696748795355], [-118.601731455424, 34.0696547927902], [-118.601696338653, 34.0696272509831], [-118.601679245889, 34.0696064369395], [-118.601668452068, 34.0695932940455], [-118.601647338115, 34.0695567903715], [-118.601631443511, 34.0695186305748], [-118.601622344889, 34.0694919472072], [-118.601607413513, 34.0694539723263], [-118.60159151026, 34.0694194808633], [-118.601571725429, 34.0693841005975], [-118.601564858478, 34.0693460092169], [-118.601568839706, 34.069311574287], [-118.601564502122, 34.0692777954614], [-118.601567990062, 34.0692451494818], [-118.601568915503, 34.0692120771647], [-118.601559677091, 34.0691811808759], [-118.601555122699, 34.0691463698012], [-118.601546022709, 34.0691176894416], [-118.601529030331, 34.0690866988725], [-118.601527744153, 34.069046366179], [-118.601510900559, 34.0690149906611], [-118.601496072011, 34.0689799633078], [-118.60116293837, 34.0689063037658], [-118.601125666324, 34.0688914509113], [-118.601091472494, 34.0688884508], [-118.601061182351, 34.0688999993217], [-118.601029216198, 34.0689301724429], [-118.600997680385, 34.0689578895767], [-118.600986410598, 34.0689841191506], [-118.600968025156, 34.0690129948792], [-118.600942238155, 34.0690354669842], [-118.600924982176, 34.0690594890458], [-118.600909433816, 34.0690843029087], [-118.600891281736, 34.0691227434445], [-118.600875610406, 34.0691482581073], [-118.600852586991, 34.0691842496763], [-118.600830424415, 34.0692054878492], [-118.600807749529, 34.0692264095888], [-118.600789768769, 34.0692515830339], [-118.600749558365, 34.069278927598], [-118.600721533915, 34.069304019152], [-118.600696649954, 34.0693303636722], [-118.60066582872, 34.0693547356755], [-118.600638256404, 34.0693838374939], [-118.600611040297, 34.0694142356167], [-118.600588691124, 34.0694388387763], [-118.600566383768, 34.0694722606104], [-118.600569898793, 34.0695026061425], [-118.600568254064, 34.0695405317278], [-118.60056105878, 34.069577345127], [-118.600556663875, 34.0696156507451], [-118.600546901945, 34.069653247625], [-118.60053192705, 34.0696846886261], [-118.600509127634, 34.069711823225], [-118.600486942187, 34.069741604228], [-118.600468210549, 34.0697749491469], [-118.600449498779, 34.0698019824813], [-118.600424629346, 34.0698339672712], [-118.600401460819, 34.0698579012793], [-118.600373040272, 34.069878246564], [-118.600354756854, 34.0699067826344], [-118.600343734046, 34.0699390411849], [-118.600332417674, 34.0699788674301], [-118.600327054986, 34.0700089948024], [-118.600313181067, 34.0700352292564], [-118.600300245624, 34.0700690871101], [-118.600274473387, 34.0701004666403], [-118.600268091197, 34.0701382204001], [-118.600241975568, 34.0701634263266], [-118.60020928181, 34.070179113897], [-118.600185092342, 34.0701981082852], [-118.60014108176, 34.0702156618639], [-118.60010010969, 34.0702449171434], [-118.600064302926, 34.0702695802193], [-118.600032762595, 34.0702965865715], [-118.600006032411, 34.0703145318397], [-118.599976886244, 34.0703300204145], [-118.599943325899, 34.0703542350314], [-118.59992240919, 34.070375877791], [-118.59988254953, 34.0703986121528], [-118.599858713633, 34.0704178839865], [-118.599678890563, 34.071167206827], [-118.599689226608, 34.0712076560954], [-118.599691598741, 34.071237791014], [-118.599683410018, 34.0712671785664], [-118.599689925447, 34.0713018361388], [-118.599699043587, 34.0713356349572], [-118.599710890172, 34.0713619807608], [-118.599721255164, 34.0713929279415], [-118.599738671733, 34.0714244260866], [-118.599729531431, 34.0714585270118], [-118.599712197495, 34.0714884765305], [-118.599713452147, 34.0715239430474], [-118.599707764182, 34.0715580918064], [-118.599752906604, 34.0715550773344], [-118.599789004906, 34.0715400321886], [-118.599823671276, 34.0715201361771], [-118.599859648094, 34.0715195027367], [-118.599883870032, 34.0715516317303], [-118.599880597475, 34.0715798508746], [-118.599866090521, 34.0716077237016], [-118.599835245088, 34.0716221013581], [-118.599789483026, 34.0716285242539], [-118.599777928766, 34.0716596257749], [-118.599801118982, 34.0716909730721], [-118.5998169208, 34.071717121335], [-118.599845259059, 34.0717389374994], [-118.599872176844, 34.0717668568814], [-118.5998991846, 34.0717948972689], [-118.599919392482, 34.0718204144731], [-118.599960163423, 34.0718332478889], [-118.600002763634, 34.071843136738], [-118.600035366323, 34.0718544777521], [-118.600084958953, 34.0718622707159], [-118.600124726306, 34.0718675493029], [-118.600169026366, 34.0718802610178], [-118.600205878501, 34.0718897212497], [-118.600253376115, 34.0718935170359], [-118.600290532446, 34.0719064132101], [-118.60031197004, 34.0719131984421], [-118.600356377857, 34.0719486018268], [-118.600481539217, 34.0720483848001], [-118.600460670654, 34.0720544114226], [-118.600419184168, 34.0720520328864], [-118.600384742784, 34.072048558034], [-118.600349943851, 34.072036411198], [-118.600314835723, 34.0720270346474], [-118.600287267732, 34.0720481999451], [-118.60025677609, 34.0720648611956], [-118.600212920539, 34.0720735597755], [-118.60017382931, 34.0720696184256], [-118.60012952068, 34.0720681292083], [-118.600096599483, 34.0720643501885], [-118.6000538655, 34.0720676080605], [-118.60000838198, 34.0720782258108], [-118.599992236445, 34.0721087976049], [-118.59994191995, 34.0720952004933], [-118.599967090826, 34.0721175871488], [-118.599994322128, 34.0721390849355], [-118.600032436095, 34.0721616432352], [-118.600021930261, 34.072377202897], [-118.600070667548, 34.072382413204], [-118.600104518631, 34.0723950407242], [-118.600140797114, 34.072405211561], [-118.600174178984, 34.0724240702725], [-118.600171262133, 34.0724605186801], [-118.600157444374, 34.0724991916326], [-118.60012593629, 34.0725272630915], [-118.60014472001, 34.0725591664991], [-118.600136006684, 34.0725867336619], [-118.600097700888, 34.0725921880587], [-118.600068028261, 34.0726110410844], [-118.600042951744, 34.0727124503132], [-118.600016033891, 34.0727353067297], [-118.599985364373, 34.0727250370893], [-118.599941900545, 34.0727336204698], [-118.599902744704, 34.0727358043236], [-118.599874295842, 34.0727209306395], [-118.599836640341, 34.072714162409], [-118.599805981581, 34.0727023728257], [-118.599764977405, 34.0727020438154], [-118.599730585361, 34.0726971178694], [-118.599701633291, 34.0727154143778], [-118.599688347099, 34.0727426836856], [-118.599689851817, 34.0727713888409], [-118.599658373166, 34.0727891809676], [-118.599623885845, 34.0728017043682], [-118.599639524746, 34.0728328272174], [-118.599669905717, 34.0728562985166], [-118.599704433516, 34.0728580977431], [-118.599725567295, 34.0728842673361], [-118.599758881179, 34.0728759541832], [-118.599720708601, 34.0729005068816], [-118.599681988007, 34.0729075265543], [-118.599646385797, 34.0728933708927], [-118.599600220886, 34.0729011419995], [-118.599562303746, 34.0729245473971], [-118.599553843838, 34.0729546104285], [-118.59952145826, 34.0729667818774], [-118.599545202599, 34.0729868304597], [-118.599580567714, 34.0730109851147], [-118.59960262616, 34.0729882457844], [-118.599635872839, 34.0729857964726], [-118.599649896748, 34.0730117010846], [-118.599680176355, 34.0730315477708], [-118.599714172028, 34.0730377517733], [-118.599700251692, 34.0730675358374], [-118.599673922867, 34.073084239065], [-118.599640980647, 34.0731033493027], [-118.599632694411, 34.0731334568417], [-118.599599827885, 34.0731517196319], [-118.599597206646, 34.0731809609781], [-118.599595843073, 34.0732147985932], [-118.599616817003, 34.0732396607761], [-118.599649110281, 34.0732499053869], [-118.599660864567, 34.0732785967562], [-118.599696752197, 34.0732681397976], [-118.599731125162, 34.0732722622258], [-118.599743048292, 34.073299257127], [-118.599726416947, 34.0733306847652], [-118.599737357802, 34.0733574683493], [-118.599770994729, 34.0733534920478], [-118.599807548313, 34.073361555811], [-118.599828608281, 34.073390366925], [-118.599826693617, 34.0734183863256], [-118.599800993955, 34.0734858306215], [-118.599776596901, 34.0735127325771], [-118.599740980524, 34.0735215764014], [-118.599708495873, 34.0735149636451], [-118.599677762356, 34.0735273880388], [-118.599646080275, 34.0735043767929], [-118.599637618583, 34.073469660222], [-118.599617369744, 34.0734998956967], [-118.5996096717, 34.0735286067269], [-118.599590752091, 34.0735525710749], [-118.599604078068, 34.0735934401531], [-118.599590586798, 34.0736320061163], [-118.599586154193, 34.0736698323462], [-118.599588326543, 34.0736984663429], [-118.59958684477, 34.0737304164296], [-118.599591151294, 34.073767985838], [-118.599586037543, 34.0737971830062], [-118.599599634663, 34.0738235755058], [-118.599611989073, 34.0738495948112], [-118.599575309856, 34.0738565295462], [-118.599531608206, 34.0738617479403], [-118.599501177796, 34.0738996278519], [-118.599501906504, 34.0739360299407], [-118.599521071293, 34.0739698493848], [-118.599533603727, 34.074009032705], [-118.599525860983, 34.0740416604277], [-118.599507792031, 34.0740670776963], [-118.599472458315, 34.0740892787619], [-118.599454178936, 34.0741140352983], [-118.599407713793, 34.0741771789279], [-118.599378755597, 34.0741998739501], [-118.599352043078, 34.0742258944631], [-118.599325986477, 34.0742529309723], [-118.599319702873, 34.0742822814232], [-118.599294860465, 34.0743024485674], [-118.599261295926, 34.0743106836691], [-118.599225077145, 34.0743193783796], [-118.599201697377, 34.0743423601119], [-118.599201958513, 34.0743732335055], [-118.599171078425, 34.0743838203858], [-118.599094679989, 34.0744480230215], [-118.599084916446, 34.0744772792795], [-118.599074198047, 34.0745115508719], [-118.59906195964, 34.0745452592334], [-118.599042582417, 34.0745786760657], [-118.599021980755, 34.0746026971492], [-118.598996504894, 34.0746344206921], [-118.598969966289, 34.0746594190776], [-118.598955206203, 34.0746840456971], [-118.59897291656, 34.0747072630572], [-118.599004831925, 34.0747291747223], [-118.598991627791, 34.0747589899971], [-118.59896642205, 34.0747795898491], [-118.598930233753, 34.074790641506], [-118.59891990398, 34.0748204749857], [-118.59888342252, 34.0748399769105], [-118.598850402106, 34.0748334862591], [-118.598814027732, 34.0748335393158], [-118.598800599758, 34.0748634455752], [-118.598776669737, 34.0748844478397], [-118.598764039118, 34.0749100310227], [-118.598738722018, 34.0749281709107], [-118.598703215045, 34.0749356931696], [-118.598693789937, 34.0749584524259], [-118.598691486026, 34.0749640155391], [-118.598660438261, 34.0749864628842], [-118.598624780614, 34.0749945963233], [-118.59866469702, 34.0750297493585], [-118.59865328277, 34.0750914628975], [-118.598610382912, 34.0751034118976], [-118.598570582502, 34.0750896613975], [-118.598532308035, 34.0750737623127], [-118.598536400435, 34.0750407237577], [-118.598499486531, 34.0750321674359], [-118.598467358961, 34.0750398231473], [-118.598434764453, 34.0750288136104], [-118.598421310623, 34.0749979041702], [-118.59838074366, 34.0749886970278], [-118.598351494428, 34.0750023086296], [-118.598342597842, 34.0750291620112], [-118.598306079002, 34.0750344124008], [-118.598291409356, 34.0750309466669], [-118.598271053125, 34.0750261379773], [-118.598236490052, 34.07502047924], [-118.598201805747, 34.0750331656574], [-118.598182417022, 34.0750053178808], [-118.59815058862, 34.07499754165], [-118.59813759436, 34.0750240020106], [-118.598097275065, 34.0750287836469], [-118.598062699097, 34.075029093898], [-118.598035591207, 34.075045495034], [-118.598010952684, 34.0750664126884], [-118.597985367797, 34.0750875350657], [-118.597952993074, 34.0750958015507], [-118.59793876089, 34.0750858914259], [-118.597940953196, 34.0750706388383], [-118.597931494432, 34.0750808308337], [-118.597921505042, 34.0750738750222], [-118.597927973618, 34.0750846254316], [-118.597920496771, 34.0750926807851], [-118.59791247995, 34.0751216645152], [-118.597888867573, 34.0751486748597], [-118.597855859102, 34.0751747302243], [-118.597809999392, 34.0751879831137], [-118.597794271521, 34.0752234415737], [-118.59777878795, 34.0752487533258], [-118.597756083264, 34.0752702320478], [-118.597733711067, 34.0752920853961], [-118.597725161775, 34.075320113217], [-118.597707508056, 34.0753451638449], [-118.59768736252, 34.0753766506585], [-118.597663341016, 34.075395946716], [-118.597634787867, 34.0754212815078], [-118.597644179706, 34.0754481958303], [-118.59764472338, 34.0754768566524], [-118.597655101352, 34.0755066320236], [-118.597658764721, 34.0755399219584], [-118.59766214162, 34.0755545849413], [-118.597666515325, 34.0755735804441], [-118.597649562186, 34.0755998739083], [-118.597644751007, 34.0756329711865], [-118.597619585196, 34.0756540319149], [-118.597587979488, 34.0756685789764], [-118.597553667068, 34.0756653861723], [-118.597516631102, 34.0756672184602], [-118.597512945827, 34.0756674011925], [-118.597510219037, 34.0756721819332], [-118.59749864192, 34.075692479489], [-118.597487385673, 34.0756898562511], [-118.597466391507, 34.0756849629382], [-118.597428230855, 34.0756834996929], [-118.59739245999, 34.0756939528564], [-118.597370261582, 34.0757165015611], [-118.597335513868, 34.0757333376894], [-118.597300686624, 34.0757438601396], [-118.597270060233, 34.0757320937617], [-118.597283903811, 34.0757537428343], [-118.597254014891, 34.0757577825783], [-118.597246570509, 34.0757443857811], [-118.59722283315, 34.0757582939397], [-118.597187199941, 34.0757416290563], [-118.597198730467, 34.0757305971415], [-118.597164527884, 34.0757139778117], [-118.597125671976, 34.075707678078], [-118.597099428297, 34.0756895393289], [-118.597091839339, 34.0756569186831], [-118.597075496509, 34.0756321338557], [-118.597086519164, 34.0756012227167], [-118.597086761398, 34.0755724949377], [-118.597078163734, 34.0755452910327], [-118.59706428916, 34.0755198459996], [-118.597055627391, 34.0754901548123], [-118.59705599594, 34.0754568847461], [-118.597070961634, 34.0754313404278], [-118.597064071595, 34.0754034732622], [-118.59708351946, 34.0753746727156], [-118.597043472534, 34.0753657113181], [-118.597060541965, 34.0753397114713], [-118.597063134928, 34.0753118123077], [-118.59706645019, 34.0752839382647], [-118.597089147315, 34.0752513812706], [-118.597115447375, 34.07522393898], [-118.597070907229, 34.0752233671389], [-118.597023234224, 34.0752394390895], [-118.59697933741, 34.0752570378724], [-118.596958148987, 34.0752376712014], [-118.596944309001, 34.0752444607883], [-118.596941799335, 34.0752754722456], [-118.596936210232, 34.0753104982741], [-118.596934476057, 34.0753440878099], [-118.596901361262, 34.07535441215], [-118.596882949394, 34.0753829603673], [-118.596858470203, 34.0754034866537], [-118.596832207086, 34.0754329857842], [-118.596803264887, 34.0754537996882], [-118.5968028405, 34.0754830760787], [-118.596810488567, 34.0755225384813], [-118.596806120538, 34.0755755358087], [-118.596772706948, 34.0755931473079], [-118.596737537074, 34.0755985039644], [-118.596719146331, 34.0756222038452], [-118.596728672835, 34.0756554803712], [-118.596720538528, 34.0756981048917], [-118.596720488218, 34.0757407045553], [-118.59671394159, 34.0757665057728], [-118.59671078592, 34.0757789453323], [-118.596681090613, 34.0757928079502], [-118.59663814319, 34.0757953325676], [-118.596600577996, 34.0758038836411], [-118.59656993917, 34.0758119430193], [-118.596568891854, 34.0758122186171], [-118.596535033758, 34.0758099209379], [-118.596521673548, 34.07583699596], [-118.596488429891, 34.0758636818144], [-118.596440959849, 34.0758683801951], [-118.596408252967, 34.0758537561739], [-118.596375581741, 34.0758344499053], [-118.596351429012, 34.0758125033303], [-118.596321821562, 34.0757945726951], [-118.596288474828, 34.0757928897916], [-118.596249941398, 34.0758107265597], [-118.596208646442, 34.0758203125191], [-118.596239153885, 34.0758501412749], [-118.596228899972, 34.0758838665367], [-118.596223046655, 34.0759153308187], [-118.596231999105, 34.0759504710321], [-118.59623245587, 34.0759522653445], [-118.596256444988, 34.0759827359307], [-118.596295399512, 34.0759687026013], [-118.596279584055, 34.0759955183496], [-118.596285951077, 34.0760271277694], [-118.596244205344, 34.0760266008554], [-118.596195611799, 34.0760197147375], [-118.596168936983, 34.0759925639333], [-118.596150477897, 34.0759701050632], [-118.596149498946, 34.075968913768], [-118.596114007484, 34.0759458140965], [-118.596083576541, 34.075958503587], [-118.596049857066, 34.0759403184672], [-118.596001546339, 34.0759089035355], [-118.595972112093, 34.0758954286271], [-118.595939881098, 34.0758800674536], [-118.595894697844, 34.0758712875893], [-118.595860472543, 34.0758849904925], [-118.595838177667, 34.0759058085287], [-118.595798677725, 34.0759196772096], [-118.595765872812, 34.0759325979093], [-118.595740602802, 34.0759502869263], [-118.595714004569, 34.0759687520348], [-118.595679507656, 34.0759994710912], [-118.595642011488, 34.0760180705304], [-118.59562902004, 34.0759902732399], [-118.595634437446, 34.0759620654415], [-118.595598635831, 34.0759565150619], [-118.595566672797, 34.0759734534932], [-118.595588206826, 34.0760044394023], [-118.595551852957, 34.0759950938675], [-118.595537985649, 34.0759653690636], [-118.595518210573, 34.0759396022896], [-118.595520337178, 34.0759041514076], [-118.59548796183, 34.0759120538578], [-118.595460270505, 34.0759294677444], [-118.595444648237, 34.0759609359838], [-118.595419154984, 34.075983246254], [-118.59542047855, 34.0760235007742], [-118.595393441775, 34.0760482099809], [-118.59537415022, 34.0760737259867], [-118.595343525801, 34.0760950795427], [-118.595316752225, 34.0761113957933], [-118.595305927004, 34.0761447460903], [-118.595287348744, 34.0761748669996], [-118.595279016505, 34.0762034301168], [-118.595244031434, 34.0762036821849], [-118.595213130923, 34.0761876619492], [-118.595174839891, 34.0761841984995], [-118.595139185719, 34.0761774840852], [-118.59510516576, 34.0761822593907], [-118.595072240948, 34.0761899142323], [-118.595030281335, 34.0761885539055], [-118.595027013405, 34.0762169522581], [-118.595005890681, 34.0762495706077], [-118.594991341665, 34.0762772258123], [-118.594998483025, 34.0763069461742], [-118.59500298977, 34.0763458136788], [-118.594992090505, 34.0763805739596], [-118.594991521001, 34.0764157690425], [-118.594954566248, 34.0764323013519], [-118.594922256653, 34.0764538332529], [-118.594884479781, 34.0764822063373], [-118.594847588821, 34.0764894371574], [-118.59481205009, 34.0764800076837], [-118.594771499772, 34.0764759888294], [-118.594735590001, 34.0764784453603], [-118.594691830524, 34.0764844969332], [-118.594657797833, 34.0764933226336], [-118.594622147033, 34.0765141451881], [-118.594580673557, 34.0765245956508], [-118.594547654967, 34.0765353739722], [-118.594517836281, 34.0765502848125], [-118.59450302972, 34.0765816169175], [-118.594473111491, 34.0766018691302], [-118.594433855958, 34.0766113533851], [-118.594416098931, 34.0766353762409], [-118.594428455707, 34.0766613744361], [-118.594443697942, 34.0766874433835], [-118.594405133258, 34.0766987158187], [-118.594388246742, 34.0766744973082], [-118.594411557865, 34.0766481286088], [-118.594379426465, 34.07663161695], [-118.594346060582, 34.0766284366667], [-118.594313732376, 34.0766145785407], [-118.594276614055, 34.0766040989374], [-118.59424449481, 34.0766131122035], [-118.594211680494, 34.0766236720668], [-118.594205294532, 34.0766559726124], [-118.594178073945, 34.0766727221328], [-118.594146346846, 34.0766944458175], [-118.594110659393, 34.0767105030424], [-118.594093122579, 34.0767344447193], [-118.594091258596, 34.0767622373812], [-118.594056868135, 34.0767694212644], [-118.594052906204, 34.0767974008054], [-118.594060435586, 34.076827402778], [-118.5940610759, 34.0768575604613], [-118.594035195563, 34.0768791768447], [-118.594053835313, 34.0769095944864], [-118.594032857158, 34.0769315769827], [-118.594003450881, 34.0769519697161], [-118.593974083815, 34.0769699188119], [-118.593986436516, 34.0770061703732], [-118.594003257736, 34.0770378178379], [-118.593985293962, 34.0770666785115], [-118.59399383419, 34.0770971148805], [-118.593977128529, 34.0771262759666], [-118.593968464308, 34.077158476246], [-118.593978426151, 34.0771955430543], [-118.594002461429, 34.0772274697577], [-118.594017655904, 34.0772575536786], [-118.594054200816, 34.0772646544683], [-118.594063893729, 34.0772910967387], [-118.594071194658, 34.0773190241041], [-118.59408652945, 34.077345311497], [-118.59411381119, 34.0773686124912], [-118.594140334608, 34.0773852154938], [-118.594172338395, 34.0773957086585], [-118.594205095733, 34.0774035632473], [-118.594211278559, 34.0774315444216], [-118.5941857546, 34.0774546798347], [-118.594150025915, 34.0774520572611], [-118.594125661443, 34.0774740349464], [-118.594110494364, 34.0775006492018], [-118.594085427932, 34.0775249838936], [-118.594077095177, 34.0775519628518], [-118.594066104205, 34.0775833248197], [-118.594096848464, 34.0776053324314], [-118.594132370919, 34.0776200152636], [-118.594149151075, 34.0776506335039], [-118.594172585303, 34.0776723381354], [-118.594214533367, 34.0776792539969], [-118.594229496406, 34.0776513200457], [-118.594264675038, 34.0776404873318], [-118.594299132291, 34.0776292111589], [-118.594329075842, 34.0776077449287], [-118.594366747349, 34.0775997972549], [-118.594407400163, 34.0775838066216], [-118.594439947571, 34.0775732866906], [-118.594444058534, 34.0775417424531], [-118.594477182916, 34.0775437810585], [-118.594506159307, 34.0775686192684], [-118.594538121954, 34.0775549141198], [-118.594564653074, 34.077580093593], [-118.594583625851, 34.0776067413245], [-118.594590448455, 34.077638598026], [-118.594603004054, 34.0776721806888], [-118.594623979713, 34.0777075675299], [-118.594614809804, 34.0777382992789], [-118.594630377518, 34.0777654558491], [-118.594648094901, 34.0777909836771], [-118.594657820246, 34.0778178707444], [-118.594675735882, 34.0778434632188], [-118.594702701358, 34.0778704240672], [-118.59474285294, 34.077882691734], [-118.59477488375, 34.0779062810164], [-118.594809111766, 34.0778991156524], [-118.594844272136, 34.0779132744949], [-118.59486663889, 34.0779458881274], [-118.594901967101, 34.0779662598205], [-118.59486725173, 34.0779647715041], [-118.594863305307, 34.0779973067733], [-118.594882488506, 34.0780272999944], [-118.594881401391, 34.0780554763516], [-118.594838261334, 34.0780529870927], [-118.59480236688, 34.0780882396351], [-118.594763963223, 34.0781186595491], [-118.594714342586, 34.0781581026942], [-118.594678395326, 34.0781935763256], [-118.594627686373, 34.0782561443649], [-118.594624296233, 34.078258730579], [-118.594873938981, 34.0785816558853], [-118.594855645913, 34.0787254064387], [-118.594838442777, 34.078781212256], [-118.59474348712, 34.0790892322062], [-118.594779457499, 34.0791583731702], [-118.594689999669, 34.0792340001184], [-118.59478200011, 34.0800069999039], [-118.594946000279, 34.0804460003778], [-118.594990000145, 34.0804589996345], [-118.595441999589, 34.0807440002972], [-118.595479000391, 34.0807499999985], [-118.596189965728, 34.0810585507058], [-118.596191000216, 34.0810589998003], [-118.596191879662, 34.0810603665657], [-118.596487001127, 34.0815189996202], [-118.596492534165, 34.0815618796483], [-118.596788018317, 34.0818551846257], [-118.5971020384, 34.0827678463169], [-118.597640037143, 34.0832288638778], [-118.598331000523, 34.0836600599901], [-118.599205524295, 34.084484498023], [-118.599712145408, 34.085283274233], [-118.59991753878, 34.0858775693283], [-118.600049550363, 34.0863124508805], [-118.600419112598, 34.0869615959343], [-118.600390962839, 34.0870122568454], [-118.60042700029, 34.0870530002346], [-118.600407813716, 34.0872109169531], [-118.600314049853, 34.0872126530082], [-118.600278536766, 34.0873812940551], [-118.600361739466, 34.0874171876509], [-118.600552853952, 34.0874996350115], [-118.600492646719, 34.0875557352308], [-118.60040157797, 34.0876532699602], [-118.600416368051, 34.087680680902], [-118.600435562548, 34.0877491877682], [-118.60034336976, 34.0878152078244], [-118.600352601738, 34.0878535844873], [-118.600316006322, 34.0878532973031], [-118.600287161461, 34.0878702544482], [-118.600296680994, 34.0879012212598], [-118.600275331125, 34.0879310750669], [-118.60024511021, 34.0879640708721], [-118.600234304037, 34.0879910006495], [-118.600244125704, 34.0879638523265], [-118.600232939101, 34.0879926156764], [-118.600172272874, 34.0880413868358], [-118.600171464791, 34.0880420359375], [-118.600159463243, 34.0880516846797], [-118.600121538159, 34.0880463802447], [-118.600092965473, 34.0880628340149], [-118.600076547386, 34.0880379399842], [-118.600061416926, 34.0880652989488], [-118.60002500325, 34.0881586742566], [-118.60001444361, 34.0881857521855], [-118.600011504391, 34.0882169518191], [-118.599973043465, 34.0882392018072], [-118.599979922594, 34.0882663389], [-118.599938234676, 34.0882606032214], [-118.599898713764, 34.0882247411629], [-118.599932599938, 34.0882426104322], [-118.599914137356, 34.0882187235314], [-118.599884176627, 34.0882058564592], [-118.599869579466, 34.0881870566622], [-118.599754428442, 34.0882055884929], [-118.59969731322, 34.0882326316764], [-118.599666598938, 34.088254147329], [-118.599641548955, 34.0882778268588], [-118.599602105085, 34.0882742516812], [-118.599570021241, 34.0882809174004], [-118.599532788837, 34.088283594525], [-118.599497809851, 34.0882800309056], [-118.59946255476, 34.088281579234], [-118.599447822234, 34.0883091566691], [-118.599431342423, 34.0883397995091], [-118.599411814404, 34.0883112267396], [-118.599428025235, 34.0883399102007], [-118.599409032671, 34.0883167640844], [-118.599375384466, 34.0883341343699], [-118.599376065673, 34.0883044441319], [-118.599342513865, 34.0883152884256], [-118.599348651982, 34.0882880904044], [-118.59931795977, 34.0883064652607], [-118.599284248995, 34.0883010590841], [-118.599278620709, 34.0882821620938], [-118.599275017553, 34.0882700614794], [-118.599257876374, 34.0882435446851], [-118.599244394758, 34.0882179599864], [-118.599211981509, 34.0882067448694], [-118.599179016766, 34.0881972917906], [-118.599145343578, 34.0882043543673], [-118.59913718729, 34.0882393700912], [-118.599143901709, 34.0882668559132], [-118.59910611798, 34.0882718944736], [-118.599068331709, 34.0882810413195], [-118.599036579795, 34.0882651760131], [-118.59902851503, 34.0882378133231], [-118.598993023192, 34.0882412806845], [-118.598990139395, 34.088239079727], [-118.59898501229, 34.0882113140962], [-118.598951630731, 34.0882020821143], [-118.598929572301, 34.0881790018981], [-118.598903770857, 34.0881615184141], [-118.598910264295, 34.0881289687138], [-118.598896887914, 34.088103385263], [-118.598872773562, 34.088080126494], [-118.598883315297, 34.0880468187826], [-118.598880453275, 34.0880135031438], [-118.598853997687, 34.0879949613048], [-118.598818583006, 34.0879640203753], [-118.598793349913, 34.0879334020587], [-118.598787231662, 34.0879046379342], [-118.598744416369, 34.0878656913378], [-118.598707027584, 34.087863760286], [-118.598672877279, 34.0878525461881], [-118.598644377329, 34.087851536707], [-118.598633675505, 34.0878511571846], [-118.598591429482, 34.0878621476832], [-118.598560639006, 34.0878851974391], [-118.598529640427, 34.0878690347209], [-118.598497460807, 34.0878778004591], [-118.598464730324, 34.0878736556289], [-118.598444999924, 34.087875461282], [-118.598424625813, 34.0878773257291], [-118.598387582128, 34.087865672971], [-118.598351495562, 34.0878580970299], [-118.598303709075, 34.0878603833978], [-118.598272289527, 34.0878502260179], [-118.598224355551, 34.0878427017502], [-118.598185624054, 34.0878483287757], [-118.598149763299, 34.0878634122261], [-118.598113733322, 34.0878712487837], [-118.598087331439, 34.0878521980499], [-118.598054846472, 34.0878447907328], [-118.598030360161, 34.0878180274089], [-118.598002208127, 34.08784188931], [-118.597981711679, 34.0878183259533], [-118.597946395981, 34.0878210982628], [-118.597918781503, 34.0877970452332], [-118.597922198254, 34.0877540881693], [-118.597914771018, 34.0877232595775], [-118.597857448596, 34.0877276831947], [-118.597749918573, 34.0877359813986], [-118.59778048131, 34.0877139865638], [-118.597746980131, 34.0876976657165], [-118.597709503101, 34.0877158791354], [-118.597692736317, 34.0877442841952], [-118.597667338056, 34.0877468737314], [-118.597661165899, 34.087726345371], [-118.597662203678, 34.0877473974556], [-118.597659541498, 34.0877476685165], [-118.597662224461, 34.0877478133227], [-118.597662727029, 34.0877580078469], [-118.597658718869, 34.0877870432098], [-118.597656764474, 34.0878196712503], [-118.597668868064, 34.087834711879], [-118.597679357537, 34.0878569675275], [-118.597685144588, 34.0878878787242], [-118.597660130885, 34.087908820294], [-118.59767078276, 34.0878722107839], [-118.597639638634, 34.0878615616708], [-118.59762234715, 34.0878913134759], [-118.597569165405, 34.0878997709202], [-118.597563632582, 34.0879328769123], [-118.597589303177, 34.0879504456465], [-118.597627844627, 34.0879513670961], [-118.597600847482, 34.0879778620908], [-118.59760191033, 34.087978672134], [-118.597610733834, 34.0880070963766], [-118.597587048401, 34.0880365900823], [-118.597587023941, 34.0880558828001], [-118.597353444405, 34.0879470380622], [-118.597307629797, 34.0879310713004], [-118.597272821959, 34.0879311819867], [-118.597239359285, 34.087924821716], [-118.597251614371, 34.0878971608605], [-118.597221656052, 34.0878681040963], [-118.597210893034, 34.0878949872533], [-118.597203113864, 34.0878664117486], [-118.59717608464, 34.0878401145884], [-118.597153842364, 34.0878160112018], [-118.597114201437, 34.0878051942408], [-118.597111125918, 34.087834366381], [-118.59707479888, 34.0878348324451], [-118.597047811286, 34.0878073556453], [-118.597020523974, 34.0877868585024], [-118.596988999376, 34.0877785350144], [-118.597023519381, 34.08775877985], [-118.597031271819, 34.0877584551708], [-118.597037625441, 34.0877548235389], [-118.597009670693, 34.0877349889235], [-118.596981848635, 34.0877067219962], [-118.596938833088, 34.0877156964781], [-118.596976471245, 34.0877055541071], [-118.596986641265, 34.0876699123839], [-118.596962258474, 34.0876494149199], [-118.596935901943, 34.0876220477306], [-118.596921220801, 34.0875933331283], [-118.596877537462, 34.0875993981987], [-118.596852142131, 34.0876272848989], [-118.596853718637, 34.0875942906896], [-118.596843555394, 34.0875671760466], [-118.596841792942, 34.0875393552517], [-118.596814892165, 34.0875199221248], [-118.596849329116, 34.0875212161265], [-118.596823392379, 34.0874820763096], [-118.596844434587, 34.0875065544627], [-118.596828330423, 34.0874807090656], [-118.596813101845, 34.087455538884], [-118.596830595379, 34.0874283915278], [-118.596829384253, 34.0874159984212], [-118.596839767904, 34.0874045324206], [-118.596823498969, 34.0873764978458], [-118.596809170708, 34.0874033001186], [-118.59681217708, 34.0873705885613], [-118.596775326782, 34.0873649040644], [-118.596753171315, 34.0873413570038], [-118.596749880081, 34.0873127249187], [-118.596773221863, 34.0872897597175], [-118.596706027511, 34.087312716844], [-118.596603999922, 34.0873712066523], [-118.59652387274, 34.0874171416235], [-118.596484478093, 34.0874200877299], [-118.596447745519, 34.0874170442972], [-118.596465401214, 34.0874505160857], [-118.596429273934, 34.0874539558902], [-118.596397269918, 34.087435679597], [-118.596354249166, 34.0874247963941], [-118.596330460126, 34.087448586321], [-118.596297167387, 34.0874431059635], [-118.596284161792, 34.0874701741901], [-118.59626097879, 34.087498089818], [-118.596258535237, 34.0875258975836], [-118.596231015119, 34.0875473552147], [-118.596197834445, 34.0875601739388], [-118.596182767098, 34.0875903090483], [-118.596170329283, 34.0876167098979], [-118.596138270839, 34.0876039259697], [-118.596095388932, 34.0876002161614], [-118.596061493462, 34.0876030216109], [-118.59603283443, 34.0875878823271], [-118.595994189035, 34.0875861747117], [-118.595953508073, 34.087584300462], [-118.595911133783, 34.0875905507811], [-118.595901611138, 34.0875876747309], [-118.595894606496, 34.0875668168622], [-118.595902089194, 34.0875378153404], [-118.5958774214, 34.0875187953623], [-118.595851930513, 34.0875007794734], [-118.595830652791, 34.0874793202058], [-118.59580132638, 34.0874518791868], [-118.595777602424, 34.0874176518535], [-118.595739323073, 34.0874070170662], [-118.595700126403, 34.0874215447702], [-118.595673136801, 34.0874384605193], [-118.59564073858, 34.0874530422281], [-118.595610340313, 34.0874649818074], [-118.595571183103, 34.0874805160759], [-118.595530492831, 34.087487809358], [-118.595498063956, 34.0874933995522], [-118.595385642324, 34.0874865848684], [-118.59538768708, 34.0874561766566], [-118.595414486904, 34.0870576882429], [-118.595743488627, 34.0869838565835], [-118.595743999774, 34.0869770003273], [-118.595740000007, 34.0867300000094], [-118.595945999641, 34.0864860000574], [-118.596187999474, 34.0863809997827], [-118.596364000517, 34.0862380000795], [-118.596367274838, 34.0861840306574], [-118.596400009989, 34.0861746547942], [-118.596416828373, 34.0861482294014], [-118.596422939201, 34.0861210897278], [-118.596422295137, 34.0860921232683], [-118.596409215297, 34.0860633994196], [-118.59637020312, 34.0860548798357], [-118.596350216007, 34.0860258905925], [-118.596316753891, 34.0860264286567], [-118.596283975404, 34.0860213765369], [-118.59628664872, 34.0859865629444], [-118.596308457443, 34.0859644732574], [-118.596341547016, 34.0859476009197], [-118.596374422596, 34.0859397675331], [-118.596351146296, 34.0859141329923], [-118.596309194167, 34.0859003094445], [-118.59629050549, 34.0858757609628], [-118.596325915388, 34.0858748357939], [-118.596418457923, 34.0858493295717], [-118.596398037574, 34.0858346984133], [-118.596392556848, 34.0857799143212], [-118.596400677063, 34.0857517292532], [-118.596373356013, 34.0857348818404], [-118.596355591232, 34.0857102419682], [-118.596320318631, 34.0857181314718], [-118.596281424258, 34.0857118320063], [-118.596275832938, 34.0857119145928], [-118.596281423937, 34.0856633234492], [-118.596281423655, 34.0856350879434], [-118.596236371653, 34.0856134431364], [-118.596210350714, 34.0855700142996], [-118.596177910196, 34.0855499438538], [-118.596157018673, 34.0855225815255], [-118.596115796634, 34.0855322900197], [-118.596085830194, 34.0855438816547], [-118.596065502755, 34.0855183167279], [-118.596023996996, 34.0855336130795], [-118.595987089269, 34.085549650339], [-118.595948390878, 34.0855283920225], [-118.595910264895, 34.0855111409028], [-118.595712522251, 34.0856183944711], [-118.595674954691, 34.0856304612056], [-118.595635967863, 34.0856272896435], [-118.595593234975, 34.0856182551298], [-118.595563628921, 34.0856269471908], [-118.595547681842, 34.0856201973203], [-118.595510879625, 34.085625129586], [-118.595493112251, 34.0856531064466], [-118.595457964393, 34.0856749206915], [-118.59542460453, 34.0856657699409], [-118.595397551437, 34.0856438697247], [-118.595400137025, 34.0856080399123], [-118.595364963911, 34.0856160601705], [-118.595349360961, 34.0855710060358], [-118.595323274294, 34.0856047962702], [-118.595288433616, 34.0855957949131], [-118.595270462052, 34.0855709206173], [-118.595287782117, 34.085546035084], [-118.595263300124, 34.0855192431837], [-118.595223721, 34.0855095982921], [-118.595190981032, 34.0855011826591], [-118.595153214575, 34.0855020252315], [-118.595119441501, 34.0855016584643], [-118.595105522791, 34.0854758297809], [-118.595119533542, 34.0854439291137], [-118.595142088881, 34.0854234959633], [-118.595163534853, 34.0854010341772], [-118.595176203337, 34.0853754935878], [-118.595190545725, 34.0853450493877], [-118.595206398016, 34.0853148320552], [-118.595243466857, 34.0853024077214], [-118.595276157438, 34.0852939394823], [-118.595301001087, 34.0852676888814], [-118.59532705655, 34.0852435547156], [-118.595367185927, 34.0852429251276], [-118.595401862876, 34.0852477854503], [-118.595447412837, 34.0852592141091], [-118.595455064326, 34.0852303462508], [-118.595367312819, 34.0851961283396], [-118.595391660097, 34.0851769343105], [-118.595427951322, 34.0851701358957], [-118.59539227689, 34.0851744915108], [-118.595406742789, 34.0851333330239], [-118.595395755346, 34.0851176747755], [-118.595398631968, 34.0850662941544], [-118.595401802287, 34.0850348710724], [-118.595443828978, 34.0850316341325], [-118.59544143858, 34.0850039317095], [-118.595466954262, 34.0849789433999], [-118.59546434388, 34.0849501446888], [-118.595472957716, 34.0849232215965], [-118.595485804813, 34.0848963434653], [-118.595478062858, 34.0848541070654], [-118.595464946672, 34.0848178402778], [-118.595460996705, 34.0847892919087], [-118.595456960723, 34.0847583930484], [-118.595447792046, 34.0847315239457], [-118.595430776605, 34.084694593333], [-118.595434861612, 34.0846811781838], [-118.595395521562, 34.0842995535973], [-118.595423894288, 34.0842784861636], [-118.59539112406, 34.0842848186042], [-118.595349093103, 34.0842741400928], [-118.595314395108, 34.0842808292021], [-118.595282382272, 34.0843038387472], [-118.595261030156, 34.0842804679912], [-118.595289598423, 34.0842422177122], [-118.595268799271, 34.0841988150867], [-118.59527431674, 34.0841714778735], [-118.595235456612, 34.0841642155999], [-118.595224329701, 34.0841301135499], [-118.595213082446, 34.0841566120102], [-118.595173026817, 34.0841620756409], [-118.595185014451, 34.0841361137168], [-118.595159537032, 34.0841095637123], [-118.595119989001, 34.0841067916382], [-118.595070130715, 34.0841163031361], [-118.595033292467, 34.084108878198], [-118.595006916331, 34.0841275476984], [-118.594969296135, 34.0841211904477], [-118.594934619586, 34.0841250353251], [-118.594903478036, 34.084134721629], [-118.59487348424, 34.0841040129303], [-118.594845476456, 34.0840871359067], [-118.594841474762, 34.0840510436068], [-118.594844337795, 34.0840164405633], [-118.594842027425, 34.0839863887472], [-118.594817450929, 34.0839659703738], [-118.594785207776, 34.0839447326109], [-118.594745985873, 34.0839293797273], [-118.594747255808, 34.0838992828037], [-118.594724630253, 34.0838601191501], [-118.594701819983, 34.0838280997789], [-118.594709966969, 34.0838003811969], [-118.594701234455, 34.0837699761019], [-118.59468821829, 34.0837272138573], [-118.594664951159, 34.0837067268455], [-118.594646111557, 34.0836630345025], [-118.59464508482, 34.0836328966253], [-118.594650135153, 34.0836052687733], [-118.594653881478, 34.0835751654164], [-118.594637704507, 34.083539685645], [-118.594667162618, 34.0835185803806], [-118.594708975114, 34.0835192321546], [-118.594714320717, 34.0834918784023], [-118.594733851571, 34.0834661835274], [-118.594733725551, 34.0834371899981], [-118.594752058475, 34.0834076875343], [-118.594712880315, 34.0833973757206], [-118.594672608313, 34.0833992501498], [-118.594633702826, 34.0833920033281], [-118.594604854906, 34.0834098227572], [-118.594568124947, 34.0834269914175], [-118.594533008286, 34.0834416231737], [-118.594488252531, 34.0834556257551], [-118.594458267026, 34.0834719661005], [-118.594430735139, 34.0834972367821], [-118.594399748263, 34.0835088956441], [-118.594356522931, 34.0835126051468], [-118.594319696074, 34.0835167208233], [-118.594279706739, 34.0835364762944], [-118.594275440027, 34.0835677389239], [-118.594231610594, 34.0835670350633], [-118.59419656697, 34.0835688683423], [-118.594157593205, 34.0835655711], [-118.594112645647, 34.0835772550912], [-118.594079640347, 34.0835511907426], [-118.594044788479, 34.0835400792121], [-118.594005261501, 34.0835176036767], [-118.594032839092, 34.0834990781403], [-118.594054699607, 34.083474749118], [-118.594067710649, 34.0834345545563], [-118.594065638548, 34.0834012456438], [-118.594039519228, 34.0833832602606], [-118.594058318727, 34.0833566567277], [-118.594085915916, 34.0833405538775], [-118.594119832321, 34.083310942653], [-118.594157074073, 34.0833135793454], [-118.594133862479, 34.0832924230478], [-118.594110888113, 34.0832683549665], [-118.594085778691, 34.0832483102928], [-118.594052832786, 34.0832344238689], [-118.594046650614, 34.0832037697853], [-118.594023382992, 34.0832235097005], [-118.593999844938, 34.0831990893467], [-118.593997180084, 34.0831700969356], [-118.593991395121, 34.0831342449125], [-118.593978219597, 34.0831002057693], [-118.593947915951, 34.0830750050265], [-118.593930243474, 34.0830495183718], [-118.593940129665, 34.0830203580659], [-118.593949059915, 34.0829932712447], [-118.593950847652, 34.0829611350714], [-118.593943957754, 34.0829295770023], [-118.593915992338, 34.0829075010138], [-118.593887695125, 34.0828840992534], [-118.593844654596, 34.0828832354823], [-118.593804552796, 34.0828801964604], [-118.593771680588, 34.0828758023598], [-118.593729519873, 34.0828731841702], [-118.593694388283, 34.0828763207476], [-118.593669154149, 34.0829037580918], [-118.593634060158, 34.0829171826849], [-118.593602185309, 34.082933794303], [-118.593571790608, 34.082953513787], [-118.59353140082, 34.0829564132213], [-118.593498017994, 34.0829566476008], [-118.593464808039, 34.0829593417254], [-118.593422143022, 34.0829581407433], [-118.593411318805, 34.0829873263934], [-118.593415756337, 34.0830229427468], [-118.593400524017, 34.0830529593033], [-118.593390105472, 34.0830847355969], [-118.593366910834, 34.0831091255681], [-118.593335789119, 34.0831407995593], [-118.593303645299, 34.0831585689658], [-118.593275718319, 34.0831837993427], [-118.593233943325, 34.0831973982772], [-118.593197211452, 34.0832106528573], [-118.593163933042, 34.0832298750359], [-118.593154880045, 34.0832586624001], [-118.593151840103, 34.0832951844535], [-118.593126079178, 34.0833928980562], [-118.593118677776, 34.0834222277996], [-118.5931154831, 34.0834509594619], [-118.593095292503, 34.0834752755679], [-118.593086094671, 34.0834973563188], [-118.593082510201, 34.083505960614], [-118.593059299379, 34.0835378061162], [-118.593038254661, 34.0835685685515], [-118.593028818467, 34.0836062566553], [-118.593000485581, 34.083626404426], [-118.592975321734, 34.0836533980049], [-118.59298405907, 34.0836827052187], [-118.592965345404, 34.0837157710234], [-118.592927679247, 34.0837380069162], [-118.592908108315, 34.0837632384932], [-118.592897550016, 34.0837938418846], [-118.592886346831, 34.0838209266843], [-118.592880422861, 34.0838528413497], [-118.59283916571, 34.0838720135862], [-118.592814338983, 34.0838936497829], [-118.592791295618, 34.0839179197797], [-118.592757556719, 34.0839352320747], [-118.592732892947, 34.0839714194404], [-118.592690921224, 34.0840329997093], [-118.592685351666, 34.0840689756991], [-118.592656116043, 34.0840826724748], [-118.592629845583, 34.0841069269226], [-118.592647930657, 34.0841397682624], [-118.59267030835, 34.0841617358562], [-118.592699980924, 34.0841802161935], [-118.592732218592, 34.0841997316219], [-118.592760986995, 34.0842146504828], [-118.592790806586, 34.0842307849812], [-118.592815275709, 34.0842534310903], [-118.592847906247, 34.0842740719583], [-118.592864631954, 34.0843024482361], [-118.592866333324, 34.0843408985976], [-118.592860270661, 34.0843707442842], [-118.592855562744, 34.0844013730133], [-118.59285248391, 34.084433687015], [-118.592839895464, 34.084463575628], [-118.592826668828, 34.0844962511542], [-118.592808515171, 34.0845255517495], [-118.59281202917, 34.0845588009226], [-118.592831603703, 34.0845819094752], [-118.592807220642, 34.0846024764909], [-118.592792537569, 34.0846281614597], [-118.592803613903, 34.0846596378116], [-118.592805681581, 34.084692194763], [-118.592768257209, 34.0846870040075], [-118.592745993035, 34.0846558709203], [-118.592712571567, 34.0846352734571], [-118.592677385698, 34.0846380042603], [-118.592645035072, 34.0846259026567], [-118.59261615573, 34.0846107561163], [-118.592572109057, 34.0846204320591], [-118.592540738735, 34.0846379908072], [-118.592516484045, 34.0846683014626], [-118.592494588546, 34.0846944238145], [-118.592487041557, 34.0847224182937], [-118.592454257837, 34.0847471521005], [-118.592428052559, 34.0847716245657], [-118.592398341487, 34.0847872302815], [-118.592388687314, 34.0848194368955], [-118.592376814326, 34.084851304165], [-118.592355828728, 34.0848894057589], [-118.592318211821, 34.0849455131499], [-118.592284375042, 34.0849569856668], [-118.592252102536, 34.0849796629873], [-118.592223865925, 34.0849980816648], [-118.592202387409, 34.085024389414], [-118.592174333643, 34.0850543582482], [-118.592151988579, 34.0850782120902], [-118.59212553799, 34.0850965635537], [-118.592118625366, 34.0851282297209], [-118.592122520638, 34.0851585003897], [-118.592112464092, 34.0851957542647], [-118.592129467811, 34.0852201483206], [-118.592135965711, 34.0852495955721], [-118.592146435109, 34.0852796688767], [-118.592162853828, 34.0853107307473], [-118.592164786889, 34.0853455939859], [-118.592174951513, 34.0853751361147], [-118.592194164426, 34.0854043581817], [-118.592202751562, 34.0854313285405], [-118.592221131172, 34.085455204956], [-118.592243259942, 34.0854850607579], [-118.59224842335, 34.0855141714594], [-118.592254936291, 34.0855464226881], [-118.592266459826, 34.0855761546853], [-118.59224885706, 34.0856024345762], [-118.592244414597, 34.0856354168527], [-118.592172038058, 34.0857242959885], [-118.592155404631, 34.0857591047411], [-118.592142229539, 34.0857862543084], [-118.592118101882, 34.0858163410304], [-118.592097632915, 34.0858442398189], [-118.592086434987, 34.0858827750851], [-118.59211923686, 34.0859012518214], [-118.592093719611, 34.0859295290945], [-118.592069904542, 34.0859495088285], [-118.592061840006, 34.0859777042062], [-118.592078451302, 34.0860128578545], [-118.592101265004, 34.086039804725], [-118.592105592142, 34.0860449149541], [-118.592101974955, 34.0860746438108], [-118.592060922568, 34.0860904654176], [-118.592027550466, 34.0860984618223], [-118.591985265803, 34.0860839356741], [-118.591948056282, 34.0860723220032], [-118.591908884641, 34.0860713628842], [-118.591875473993, 34.08606792176], [-118.59182991697, 34.0860674507851], [-118.591813130675, 34.0860684442169], [-118.591779324813, 34.0860704462213], [-118.591748042668, 34.0860924315102], [-118.591746561632, 34.086127304828], [-118.591743099029, 34.086160203614], [-118.591775144501, 34.0861897258479], [-118.591790829591, 34.0862184806355], [-118.59182031589, 34.0862311592095], [-118.591840653289, 34.0862564644648], [-118.591810976568, 34.0862939608608], [-118.591754910861, 34.0862910394235], [-118.591720908425, 34.0862954262746], [-118.591711885203, 34.0863220113315], [-118.591700864544, 34.0863620146466], [-118.59170491754, 34.086392914715], [-118.59171758803, 34.086424442369], [-118.59171895162, 34.0864566543053], [-118.591696050239, 34.0864830471172], [-118.591702964915, 34.0865141556428], [-118.59173354948, 34.086535493625], [-118.591742831999, 34.0865031887672], [-118.591789466971, 34.0864867006027], [-118.591823237178, 34.0864715319861], [-118.591870423268, 34.0864720041576], [-118.591880252392, 34.08650352553], [-118.591880975034, 34.0865326714997], [-118.591898838963, 34.0865636484454], [-118.591933951308, 34.086572005073], [-118.591935590544, 34.0865723949607], [-118.591942894174, 34.0866076427594], [-118.591964685555, 34.0866423861904], [-118.591967528076, 34.0866784488559], [-118.591981562033, 34.0867051826709], [-118.591960864532, 34.0867337258971], [-118.591954359207, 34.0867659370583], [-118.591969948414, 34.0867950341051], [-118.591886356995, 34.0869143845513], [-118.591864668572, 34.0869369959672], [-118.591828260231, 34.0869534455429], [-118.591793609352, 34.0869769551842], [-118.5917598696, 34.0869888885185], [-118.591719978915, 34.0869836849982], [-118.591685020758, 34.0869913849257], [-118.591646820996, 34.0869975139588], [-118.591608120182, 34.087001721004], [-118.591578809929, 34.087016187374], [-118.591545650344, 34.0870199661303], [-118.591511381979, 34.087025753338], [-118.59147478475, 34.0870396049187], [-118.591443089266, 34.0870577047491], [-118.591419355823, 34.0870784255061], [-118.591392301627, 34.0871004286793], [-118.591360952022, 34.0871257370053], [-118.591324708869, 34.0871461543561], [-118.59129725371, 34.0871720364039], [-118.591271487794, 34.087191079473], [-118.591234916196, 34.0872204766267], [-118.591204746938, 34.0872352757686], [-118.59117627767, 34.0872644142497], [-118.591138264118, 34.0872804326542], [-118.591098267266, 34.087279588378], [-118.591072371313, 34.0872817014904], [-118.591059801033, 34.087282727103], [-118.591027661499, 34.0872921863314], [-118.590995668506, 34.0873050894598], [-118.590975948348, 34.0873284588943], [-118.590959429818, 34.0873544832916], [-118.590940404152, 34.0873791964933], [-118.590915630066, 34.0874031327049], [-118.590889710256, 34.0874248351414], [-118.590870218996, 34.0874499473665], [-118.590842905962, 34.0874730164351], [-118.590829158649, 34.0874992148165], [-118.590815271646, 34.0875253456555], [-118.590793505082, 34.0875527277667], [-118.590787899553, 34.0875828304353], [-118.59076230869, 34.0876095900635], [-118.59075340212, 34.0876414468829], [-118.590733396026, 34.0876728031198], [-118.590720689228, 34.0876995976497], [-118.590709327177, 34.0877293739861], [-118.59069471468, 34.0877648655818], [-118.590676732161, 34.0877898395556], [-118.590664072916, 34.087819550258], [-118.59066224224, 34.0878520066467], [-118.590659681916, 34.0878814464598], [-118.590624074606, 34.0878942110211], [-118.590596940411, 34.087912111879], [-118.590593733903, 34.087941625738], [-118.590609933327, 34.0879725236548], [-118.590639935725, 34.0879928566844], [-118.590673634069, 34.088021237516], [-118.590707615171, 34.0880383453221], [-118.590740136466, 34.0880558777234], [-118.590769057174, 34.088075310221], [-118.590768266282, 34.0881027091771], [-118.590768088982, 34.0881088708399], [-118.590731106176, 34.0881118781438], [-118.590727776659, 34.0881411822219], [-118.590735016627, 34.0881732386921], [-118.590737913553, 34.088204469733], [-118.590736689273, 34.0882372590651], [-118.590713282184, 34.0882615195453], [-118.590652501309, 34.0882948922255], [-118.590633736247, 34.0883215604197], [-118.590631228868, 34.0883515535185], [-118.590601085445, 34.0883390432493], [-118.590567072888, 34.0883185957117], [-118.590535515098, 34.0883381069907], [-118.590499753187, 34.0883562950871], [-118.590470655541, 34.0883753192891], [-118.59043750109, 34.0883805339476], [-118.590403630865, 34.0883671616336], [-118.590373224837, 34.0883483660997], [-118.590345456694, 34.0883145951887], [-118.590321014477, 34.0883330954432], [-118.59030766529, 34.0883598603276], [-118.590284001149, 34.0883852138159], [-118.590271051809, 34.0884181042204], [-118.590231141257, 34.0884240403234], [-118.590196948297, 34.0884100500049], [-118.59017137275, 34.0883894290465], [-118.590154193539, 34.0883658142507], [-118.590150463551, 34.0883374253759], [-118.590142138113, 34.0883037795444], [-118.590128263431, 34.088276521014], [-118.590097961042, 34.0882522371856], [-118.590063632912, 34.0882358713861], [-118.590062228033, 34.0882344953784], [-118.589982885349, 34.0882539255764], [-118.589992063181, 34.0882892940003], [-118.589967820814, 34.0883183122593], [-118.589941453753, 34.0883417822684], [-118.589904440689, 34.0883302299009], [-118.589892879515, 34.0883248741237], [-118.589869138076, 34.0883138745251], [-118.589838651785, 34.0883019395021], [-118.58981781245, 34.0882596183062], [-118.589785030276, 34.0882674085851], [-118.589747759606, 34.0882763252345], [-118.589707861272, 34.0882810343048], [-118.58966423796, 34.0882930809067], [-118.589649059538, 34.0883206128325], [-118.589645122965, 34.088348750881], [-118.589649539722, 34.0883773907886], [-118.58963692453, 34.088409822768], [-118.589651000629, 34.088447020663], [-118.58967822058, 34.0884677982214], [-118.589711727734, 34.0884867423047], [-118.589751884151, 34.0884899700103], [-118.58978257568, 34.0885111583317], [-118.589820442701, 34.08852471732], [-118.589862271647, 34.0885342945179], [-118.589905246367, 34.0885558601784], [-118.589952805386, 34.0885667000829], [-118.589916290279, 34.0885714177295], [-118.589876532556, 34.0885868019723], [-118.589848006952, 34.0886236421814], [-118.589818607811, 34.0886455726661], [-118.589812868843, 34.0886809305052], [-118.589823314407, 34.0887181916269], [-118.589804104095, 34.0887465860321], [-118.589821841546, 34.0887742548069], [-118.589836545065, 34.0888058897902], [-118.589858453428, 34.0888338310456], [-118.589844689068, 34.0888679815784], [-118.589835972644, 34.0889015400507], [-118.589841426511, 34.0889324312972], [-118.589860831692, 34.0889565379634], [-118.589901477688, 34.0889663412142], [-118.589943033281, 34.0889707329229], [-118.589968709127, 34.089026423381], [-118.589999077871, 34.089092289909], [-118.58996791239, 34.0891061396762], [-118.589955197748, 34.0891317087912], [-118.589959636324, 34.0891737449567], [-118.589939504648, 34.0891978411352], [-118.58992041369, 34.0892264660149], [-118.589899630103, 34.0892568351682], [-118.589862645094, 34.089288540979], [-118.589837308114, 34.0893234182887], [-118.589806932852, 34.0893507684738], [-118.589795008029, 34.0893585283462], [-118.589654727869, 34.0894776397041], [-118.589633327466, 34.0895007356372], [-118.589602829827, 34.0895195286106], [-118.589569668345, 34.0895361952256], [-118.58954226594, 34.0895578365975], [-118.589506894794, 34.0895789159435], [-118.589468272605, 34.0896028255518], [-118.589447778364, 34.0896266367683], [-118.589430764765, 34.089650230516], [-118.589417364683, 34.0896759335189], [-118.589394327927, 34.0897033762216], [-118.589365247746, 34.089718594027], [-118.589327109928, 34.0897423806601], [-118.589289475963, 34.0897706550844], [-118.589266589486, 34.0898019915781], [-118.589247958778, 34.0898304327046], [-118.589227893211, 34.0898537803818], [-118.589193488014, 34.0898739826633], [-118.589162367086, 34.0898877398968], [-118.589142471066, 34.0899105739747], [-118.589118211643, 34.0899388038529], [-118.589081195811, 34.0899572951081], [-118.589049727481, 34.0899812588768], [-118.589024854331, 34.0900027790705], [-118.589000379545, 34.0900240824112], [-118.588975619782, 34.0900465325857], [-118.588962912318, 34.0900679185031], [-118.588960848402, 34.0900713927357], [-118.588909671355, 34.0900934175423], [-118.588884286761, 34.0901145644434], [-118.588883139051, 34.0901420607903], [-118.588848521472, 34.0901621882109], [-118.588813940391, 34.0901904497854], [-118.588771361467, 34.0902057211619], [-118.588739252997, 34.0902260797612], [-118.588710818106, 34.0902474322654], [-118.588668669623, 34.0902630542242], [-118.588631100057, 34.0902631172644], [-118.588587684185, 34.0902642294065], [-118.588543270637, 34.0902656771712], [-118.588501648345, 34.0902687317785], [-118.588470634216, 34.0902574335854], [-118.588425277239, 34.0902588506866], [-118.588392339952, 34.0902439495295], [-118.588355984885, 34.0902470035125], [-118.588319408616, 34.0902435248745], [-118.588285247505, 34.09025848473], [-118.588251907258, 34.090262643451], [-118.58821088054, 34.0902581585212], [-118.588175635258, 34.0902715037745], [-118.588133560524, 34.0902732535205], [-118.588126150469, 34.0902741723489], [-118.588017373508, 34.0902441087782], [-118.58801312549, 34.0902429346284], [-118.587989813333, 34.0902361483826], [-118.58785640951, 34.0901973122454], [-118.587709824157, 34.0901546388152], [-118.587627351476, 34.0897943286496], [-118.587663363953, 34.0897087290136], [-118.587706960486, 34.0896051041374], [-118.587527099971, 34.0893070824409], [-118.587411083275, 34.0893011322397], [-118.587310999699, 34.0892959996893], [-118.587145000025, 34.089440999752], [-118.587013000022, 34.0895560003455], [-118.586981869276, 34.0896132959835], [-118.587016671066, 34.0897605518408], [-118.587046639681, 34.0899029479272], [-118.586865981782, 34.0899512628577], [-118.586700643771, 34.0899954806533], [-118.586697999658, 34.0900129999951], [-118.586754000295, 34.0901019996436], [-118.586716000483, 34.0901040004418], [-118.586456999832, 34.0901570003419], [-118.586245999694, 34.0903449997572], [-118.586149999772, 34.0904150000115], [-118.58604700023, 34.0905260002211], [-118.585776000399, 34.0905310003501], [-118.585665999581, 34.0906389995453], [-118.585617999866, 34.0906510001964], [-118.585472999942, 34.0907039999025], [-118.585414999832, 34.0907090002831], [-118.585222999776, 34.0906590001976], [-118.585111999982, 34.0906639996948], [-118.585062999489, 34.0907810002114], [-118.585015999715, 34.0907969996428], [-118.584870858538, 34.0908401366643], [-118.584914821242, 34.0909044837688], [-118.584724225047, 34.0911050090251], [-118.584643608993, 34.0911237128759], [-118.584574000169, 34.0911949996643], [-118.584509000458, 34.091232000325], [-118.584377999812, 34.0912770000255], [-118.584215535505, 34.0913981613134], [-118.584302025406, 34.0915258391936], [-118.584038269094, 34.0917254543904], [-118.583292131633, 34.0920746227895], [-118.583013817206, 34.0921793711504], [-118.58282637053, 34.0921831528849], [-118.582819000452, 34.0921910002088], [-118.582724180388, 34.0922542136546], [-118.582669001069, 34.092290999995], [-118.582632413196, 34.0922803476462], [-118.582551752247, 34.0923061563031], [-118.582538784311, 34.0922766147006], [-118.582503101505, 34.0922709635956], [-118.582478400569, 34.0922393512631], [-118.582447179745, 34.0922065146749], [-118.582414775971, 34.0921747929935], [-118.582394277986, 34.0921471077404], [-118.582366743496, 34.0921229411211], [-118.582330042076, 34.0921063127464], [-118.582297529193, 34.0920962789467], [-118.582261332539, 34.0920831647248], [-118.582231784329, 34.0920690684781], [-118.582185874873, 34.0920477384648], [-118.582153886736, 34.0920351651988], [-118.582073938766, 34.0919727440439], [-118.581935000532, 34.0918389999556], [-118.581929557136, 34.0917341577775], [-118.581923763486, 34.0916138975712], [-118.581880797459, 34.0916129680682], [-118.581847063299, 34.0916276482228], [-118.5818104009, 34.0916397847416], [-118.581772123791, 34.0916656514678], [-118.581748095638, 34.0916959697098], [-118.581712391275, 34.091712324712], [-118.581678581332, 34.091727839602], [-118.581639603592, 34.0917323373385], [-118.581597622278, 34.0917419752336], [-118.581559350408, 34.091744406379], [-118.581523365382, 34.0917677447759], [-118.581486168768, 34.0917877017247], [-118.581449398603, 34.0917929282726], [-118.581413026263, 34.0917974881121], [-118.581378617394, 34.0918009851214], [-118.581344682885, 34.0918147430602], [-118.58130645396, 34.0918185197557], [-118.581272434784, 34.0918319223133], [-118.581240990856, 34.0918409204335], [-118.581206263218, 34.0918393629869], [-118.581169240811, 34.0918505346756], [-118.581137387862, 34.091868530469], [-118.58109094621, 34.0918798724567], [-118.581084682093, 34.0918493764562], [-118.581046029672, 34.0918627131477], [-118.581011142518, 34.0918561068261], [-118.580998750774, 34.0918833603026], [-118.580967041209, 34.0918729673893], [-118.58095581408, 34.0918817564649], [-118.580945584004, 34.0918897654991], [-118.580936124537, 34.0918971710793], [-118.580907771922, 34.0918877205885], [-118.580885468281, 34.0918850636996], [-118.580873435566, 34.0918880277932], [-118.580849212776, 34.0918669267027], [-118.580849420126, 34.0918454076842], [-118.580849512856, 34.0918357984056], [-118.580849582344, 34.0918286248028], [-118.580824528882, 34.0918217640301], [-118.580814407203, 34.0918189919652], [-118.580781034478, 34.0918303144568], [-118.580753005305, 34.0918505890763], [-118.580762193929, 34.0918190296413], [-118.580779525576, 34.0917964833479], [-118.580783681742, 34.0917910771708], [-118.580797717305, 34.0917643869124], [-118.580814444974, 34.0917361948497], [-118.580844977779, 34.0917150119828], [-118.580865037746, 34.0916907560666], [-118.580862617865, 34.0916673741995], [-118.580804271431, 34.0916685553084], [-118.580785403976, 34.0916599116767], [-118.580767781302, 34.0916518388927], [-118.580761447722, 34.0916489372932], [-118.580762790959, 34.0916474096794], [-118.580761276676, 34.0916466380347], [-118.580768406153, 34.0916383776395], [-118.580771542188, 34.0916353947244], [-118.580782607702, 34.0916248654795], [-118.580784180854, 34.0915987592892], [-118.580784613489, 34.0915915820929], [-118.580759897126, 34.0915717162521], [-118.580736210553, 34.0915414837778], [-118.58071618394, 34.0915347405726], [-118.58069992349, 34.0915292658555], [-118.58069425002, 34.0915290707874], [-118.580687041739, 34.0915288232479], [-118.580684501544, 34.0915246544371], [-118.580652948425, 34.0915264143606], [-118.58062606471, 34.0915258658818], [-118.580623637126, 34.09152633961], [-118.580619602937, 34.0915282808732], [-118.580605496398, 34.091535068695], [-118.580599326998, 34.0915247927146], [-118.58058178475, 34.0915238755386], [-118.580557020105, 34.0915028424548], [-118.580541929577, 34.0914655497399], [-118.580559126988, 34.0914385382651], [-118.580589493128, 34.0914126428274], [-118.580610672129, 34.0913808901381], [-118.580583531564, 34.0913475277266], [-118.580566786275, 34.091315944601], [-118.580536227234, 34.0912912034192], [-118.580505061585, 34.0912719847326], [-118.580486757836, 34.0912410637468], [-118.580477986695, 34.0912077642195], [-118.58045608582, 34.0911833463235], [-118.580427027521, 34.0911571227328], [-118.580383879978, 34.0911412455334], [-118.580343512365, 34.091132654953], [-118.58031787182, 34.0911071275247], [-118.58033207558, 34.0910718188501], [-118.580326421203, 34.0910369723161], [-118.580302316685, 34.0910086620214], [-118.580263743943, 34.0910162638356], [-118.580234934654, 34.0910330432623], [-118.580205901534, 34.0910071138258], [-118.580170584637, 34.0909906308925], [-118.580135128375, 34.0909835745433], [-118.580134464858, 34.0909865368594], [-118.580109411629, 34.0910062263495], [-118.580096093719, 34.0910324197222], [-118.580062788433, 34.0910185212976], [-118.580027668943, 34.0909960121646], [-118.579990433308, 34.0910139216544], [-118.579953678325, 34.0909955085633], [-118.579916761078, 34.0909836395384], [-118.579891111386, 34.0909630839011], [-118.579916775517, 34.0909383011417], [-118.579894026406, 34.0909142971846], [-118.579857377091, 34.0909075333073], [-118.579846771601, 34.0908805405887], [-118.579829442342, 34.0908502320506], [-118.579860568556, 34.0908353324615], [-118.579860588049, 34.0907982008639], [-118.579825459453, 34.0907753633862], [-118.579800957867, 34.0907550933942], [-118.57976763527, 34.0907619040012], [-118.579731672519, 34.090751625408], [-118.579714357068, 34.0907248267256], [-118.579697854078, 34.0906978695765], [-118.57967356654, 34.0906781142987], [-118.579650778548, 34.0906471309559], [-118.579622570248, 34.0906298817742], [-118.579586968316, 34.0906294200233], [-118.579545023136, 34.0906243741899], [-118.579521611908, 34.0906030845549], [-118.579521546489, 34.0905678478326], [-118.579506506126, 34.0905263029811], [-118.57949658809, 34.0904971956513], [-118.579459852025, 34.0904959218581], [-118.57945504466, 34.0904652788886], [-118.579421674047, 34.0904469041892], [-118.579408934236, 34.0904296881899], [-118.579402296131, 34.0904207171307], [-118.579385982772, 34.0904045402383], [-118.579376885374, 34.0903955186874], [-118.57934551681, 34.0903799582948], [-118.579326613007, 34.0903527232272], [-118.579333909315, 34.0903246761145], [-118.579320116605, 34.0902923921055], [-118.579320834946, 34.0902599779557], [-118.579327513144, 34.0902325515111], [-118.579326406091, 34.0902003940824], [-118.579339937342, 34.0901727122812], [-118.579312775844, 34.0901545213256], [-118.579330174869, 34.0901274557122], [-118.57935867915, 34.0901114164708], [-118.579381812162, 34.0900917076993], [-118.579392748691, 34.0900550069587], [-118.579390162483, 34.0900306573864], [-118.579389039495, 34.0900200791003], [-118.579357290593, 34.0899881590592], [-118.579334355296, 34.0900127764926], [-118.579333210073, 34.0900125169965], [-118.57929888259, 34.0900047360803], [-118.579265842194, 34.0899889195128], [-118.57923630584, 34.0899727337123], [-118.579215260576, 34.0899480872937], [-118.579221097328, 34.0899341599879], [-118.579229095949, 34.0899150748554], [-118.579227488502, 34.0898915046907], [-118.579227172967, 34.089886881247], [-118.579236036707, 34.0898571939253], [-118.579220718665, 34.0898313179761], [-118.579206611576, 34.0898043996101], [-118.579196963996, 34.089777255557], [-118.579180700828, 34.0897474749504], [-118.579174649964, 34.0897154190462], [-118.579163941446, 34.0896877902528], [-118.579164683504, 34.0896564690489], [-118.579165539541, 34.089617618668], [-118.579146904584, 34.0895927994286], [-118.579137616502, 34.0895763224072], [-118.579130297595, 34.0895633372743], [-118.579129026268, 34.0895508287276], [-118.579127505508, 34.0895358630678], [-118.57909934301, 34.0895108069284], [-118.579070674759, 34.0894693706303], [-118.579064893856, 34.0894616128884], [-118.579054641009, 34.0894478555074], [-118.579051961909, 34.0894423217821], [-118.579051603509, 34.0894415816534], [-118.579036599998, 34.089410587915], [-118.57901635309, 34.0893863958576], [-118.578992056371, 34.0893620694554], [-118.578971597317, 34.0893331722881], [-118.578945428209, 34.089316224206], [-118.578927601213, 34.0892892774339], [-118.578902887034, 34.0892618381803], [-118.578876657552, 34.0892596692467], [-118.57887169259, 34.0892592584359], [-118.578868419046, 34.0892589877208], [-118.578868021907, 34.0892587736102], [-118.578844408409, 34.0892460342268], [-118.578840120402, 34.0892437214838], [-118.578832736219, 34.0892293714754], [-118.578826827406, 34.0892178887452], [-118.57881195413, 34.0892136535303], [-118.578799174792, 34.089210015104], [-118.578790477696, 34.0892075382876], [-118.578760671535, 34.0891922730636], [-118.578748481398, 34.089183243531], [-118.578735691248, 34.089173771068], [-118.578727949156, 34.0891680362549], [-118.578699520545, 34.0891512050816], [-118.578689295096, 34.0891471179703], [-118.578665714189, 34.0891376849178], [-118.578651586714, 34.0891294732544], [-118.578635216566, 34.0891199579327], [-118.578601277426, 34.0891056887125], [-118.578597016874, 34.0891026352325], [-118.57858017372, 34.0890905617301], [-118.578573511155, 34.0890857851891], [-118.57853595872, 34.0890703746027], [-118.578504203594, 34.0890530294769], [-118.578501808654, 34.0890500722886], [-118.578499723281, 34.0890474976103], [-118.578482211199, 34.089025879209], [-118.578464042055, 34.0890295896205], [-118.578449053562, 34.0890326509237], [-118.578426165642, 34.0890322743664], [-118.578409906285, 34.0890320066351], [-118.578403306524, 34.0890299995107], [-118.578356705191, 34.0890158210903], [-118.578326255514, 34.0889898499902], [-118.578297541618, 34.0889701554527], [-118.578291702743, 34.0889702484961], [-118.578263183731, 34.0889707041031], [-118.578257461926, 34.0889707959006], [-118.578224085357, 34.0889691525047], [-118.578220534547, 34.0889691731168], [-118.578195943358, 34.0889693152887], [-118.578183488436, 34.0889693870895], [-118.578161942086, 34.088969440124], [-118.578140815159, 34.0889694929781], [-118.578139735672, 34.0889694957377], [-118.578115453048, 34.0889881684872], [-118.57808681461, 34.0889989136937], [-118.578084994559, 34.0889995968945], [-118.578062040954, 34.0890073117102], [-118.578051265813, 34.0890109331018], [-118.578048783015, 34.0890117676061], [-118.578022509869, 34.0890290956376], [-118.57800615648, 34.0890318189023], [-118.577984691855, 34.089035392554], [-118.577955648732, 34.0890474822902], [-118.577950122275, 34.0890497825899], [-118.577919331238, 34.0890642639414], [-118.577897941277, 34.0890873154804], [-118.577883376573, 34.0891124292732], [-118.577834380166, 34.0891105692101], [-118.577797879596, 34.0891189299132], [-118.577772420859, 34.0891386291951], [-118.577738167767, 34.0891488065914], [-118.577704150745, 34.089159354754], [-118.577686550616, 34.0891599347678], [-118.577659052969, 34.0891608420239], [-118.577621117013, 34.089152942527], [-118.577578873537, 34.0891471196036], [-118.577545663896, 34.0891706465166], [-118.577525188137, 34.0891486556019], [-118.577510810808, 34.0891214965179], [-118.57748993755, 34.0890937253381], [-118.577464551116, 34.0890752865056], [-118.577424151582, 34.0890696821758], [-118.577389790282, 34.0890507715778], [-118.577391198456, 34.0890231162377], [-118.577414425724, 34.0890024578869], [-118.577419661155, 34.0889709917082], [-118.577420837842, 34.0889639184506], [-118.577422214163, 34.088938568862], [-118.577422462264, 34.088934007437], [-118.577387253423, 34.0889257957074], [-118.577373278772, 34.0888972866031], [-118.577346608665, 34.0888754554288], [-118.577330716104, 34.0888468673809], [-118.577312822484, 34.0888095923041], [-118.577301503174, 34.0887760938277], [-118.57728337025, 34.0887449363454], [-118.577265405537, 34.088721396311], [-118.577260894763, 34.0887165374663], [-118.577260631928, 34.0887157877056], [-118.577256484957, 34.088711788969], [-118.57725398272, 34.0887093758479], [-118.577252971392, 34.088708003692], [-118.577240614836, 34.0886946958839], [-118.577219415869, 34.088673455874], [-118.577190585192, 34.0886549694616], [-118.577154922009, 34.0886365077249], [-118.577122923485, 34.0886188634543], [-118.577121658092, 34.0886173970689], [-118.577102711235, 34.088595436871], [-118.577101595332, 34.0885904905838], [-118.577100620146, 34.0885893379532], [-118.577100774517, 34.0885868489109], [-118.577096588972, 34.0885682906307], [-118.577092643738, 34.0885416394731], [-118.577088943869, 34.0885394710396], [-118.5770479248, 34.0885381267498], [-118.577018676414, 34.0885194304237], [-118.57700840822, 34.088489612517], [-118.577029471676, 34.0884877848406], [-118.57703553726, 34.088487258345], [-118.577042281248, 34.0884866736054], [-118.577049545626, 34.0884823548512], [-118.577054110135, 34.0884777472483], [-118.577061040692, 34.0884745106874], [-118.577088623721, 34.0884683179816], [-118.577101009342, 34.0884636736993], [-118.57710330348, 34.0884633840977], [-118.577105100054, 34.0884621398578], [-118.577125815494, 34.0884543720433], [-118.577143697725, 34.0884439147016], [-118.577147051162, 34.0884414971544], [-118.577148912539, 34.0884408658722], [-118.577153811917, 34.0884380006258], [-118.577184322898, 34.0884189730886], [-118.577186180815, 34.0884175123408], [-118.577209587406, 34.0883991020083], [-118.577233826964, 34.0883675602413], [-118.577253168772, 34.0883422771572], [-118.577245112116, 34.0883125391663], [-118.577215018698, 34.0882948492792], [-118.577191523387, 34.0882746885838], [-118.577168522307, 34.0882497811049], [-118.577140845562, 34.0882265137551], [-118.577115277009, 34.0882049739365], [-118.577103371661, 34.0881908107624], [-118.5770957219, 34.0881817124139], [-118.577091970254, 34.0881772488991], [-118.577068458208, 34.088153394333], [-118.577058775265, 34.0881250784891], [-118.577028174437, 34.0881047037195], [-118.577000733779, 34.0880849345718], [-118.576970452444, 34.0880717806493], [-118.576949834531, 34.0880678421815], [-118.576933868327, 34.0880647930222], [-118.576904481707, 34.0880505251249], [-118.57690042053, 34.0880285623385], [-118.576898105024, 34.0880160434067], [-118.576913359978, 34.0880001304901], [-118.576920901854, 34.0879922631166], [-118.576935600834, 34.0879676415328], [-118.57695211081, 34.0879427171025], [-118.576960357871, 34.0879152886733], [-118.576960416234, 34.0878786009875], [-118.576960917175, 34.0878464554065], [-118.576960317088, 34.0878434349462], [-118.576958269432, 34.0878331290473], [-118.576957546147, 34.087829488588], [-118.576954010271, 34.0878116875836], [-118.576968321927, 34.0877731530028], [-118.576947664603, 34.0877465383517], [-118.576945762189, 34.0877046404808], [-118.57694329246, 34.0876964641708], [-118.576937376251, 34.0876768844398], [-118.576936399343, 34.0876731254148], [-118.576929185012, 34.0876453659714], [-118.576929001599, 34.0876446595735], [-118.576917600925, 34.0876078206691], [-118.576917512331, 34.0876070848025], [-118.576913472031, 34.0875735761627], [-118.576906358189, 34.0875424110259], [-118.576900354853, 34.0875307836435], [-118.576892041552, 34.0875146791845], [-118.576890992294, 34.0875126475194], [-118.576885907889, 34.0874949596961], [-118.576881945226, 34.087481172447], [-118.576864317082, 34.087454378326], [-118.57683030995, 34.0874477771464], [-118.576803867866, 34.0874521403785], [-118.576796818743, 34.0874533036919], [-118.576792900157, 34.0874539498467], [-118.576759153867, 34.0874628612071], [-118.576715835781, 34.0874588068777], [-118.576688406344, 34.0874821479264], [-118.576646668552, 34.087481625733], [-118.576613954393, 34.0874741210606], [-118.576581219108, 34.0874844793564], [-118.576542421999, 34.0874822502644], [-118.576510362058, 34.087493138971], [-118.576470243381, 34.0874816299566], [-118.576434740587, 34.0874771358225], [-118.576414794841, 34.0874515207514], [-118.57638389193, 34.0874396787592], [-118.576410785899, 34.0874119044992], [-118.576383803415, 34.0873915107256], [-118.576377451861, 34.0873560727231], [-118.57634637672, 34.0873463895746], [-118.576314861412, 34.0873318533023], [-118.576283736073, 34.0873173877057], [-118.576279698106, 34.0873124003894], [-118.576264015823, 34.087293033979], [-118.576226073952, 34.0872849788489], [-118.576193852313, 34.0872763127031], [-118.576158786705, 34.0872852461704], [-118.576124618318, 34.0872834416958], [-118.576112578399, 34.087293796085], [-118.576098707769, 34.0873057251394], [-118.576057208667, 34.0873307627569], [-118.576021597858, 34.0873511020491], [-118.5759849185, 34.0873617156155], [-118.575982204708, 34.0873625003091], [-118.57594067347, 34.0873759300688], [-118.575911750793, 34.0873928287557], [-118.575890102871, 34.0874153340067], [-118.575866008013, 34.0874370486707], [-118.57581871228, 34.0874532967066], [-118.575785762016, 34.0874623511571], [-118.575749790691, 34.0874632196635], [-118.575711975738, 34.087464997316], [-118.57567390951, 34.0874663462855], [-118.575639918918, 34.0874917165035], [-118.575601870594, 34.0874917133529], [-118.575562210692, 34.0875010724413], [-118.575516425703, 34.0874987754894], [-118.575459757871, 34.0874960476752], [-118.575415808976, 34.0875084976937], [-118.575376061225, 34.087493141522], [-118.575342297923, 34.0874849868759], [-118.575301262714, 34.0874893665681], [-118.57526303174, 34.0874799173198], [-118.575226249424, 34.0874736055216], [-118.575187992013, 34.0874632210133], [-118.575148578108, 34.0874445665691], [-118.575133072298, 34.0874172460594], [-118.575105078919, 34.087400335538], [-118.57508852126, 34.0873750294475], [-118.575074742813, 34.0873486780512], [-118.575047428402, 34.0873201036767], [-118.575010544682, 34.0873143107311], [-118.574991362356, 34.0873392582844], [-118.57496194553, 34.0873629211708], [-118.574942992425, 34.0873880167304], [-118.574901607313, 34.0873871719474], [-118.574860972528, 34.0873953024155], [-118.574821723244, 34.0873918923661], [-118.57477358061, 34.0874013804009], [-118.574738413038, 34.0873928564082], [-118.57470600018, 34.0873874609663], [-118.574665911598, 34.0873949310518], [-118.574662328072, 34.0873669040209], [-118.57463172247, 34.0873861181471], [-118.574609464493, 34.0873630874139], [-118.574576636198, 34.087360051496], [-118.574537529527, 34.0873456352446], [-118.574517027324, 34.0873697872732], [-118.574558516442, 34.087376809093], [-118.574533699235, 34.0873958972549], [-118.574522163014, 34.0874280770142], [-118.574521279054, 34.0874618117552], [-118.574528343416, 34.0874926040978], [-118.574529152166, 34.0874961266401], [-118.574499227131, 34.0875192349082], [-118.57448023249, 34.0875457786549], [-118.574443473192, 34.0875550420129], [-118.574410640911, 34.0875697286038], [-118.574404938413, 34.0876069470417], [-118.574379796254, 34.0876302160812], [-118.574350700798, 34.0876463368811], [-118.574340424053, 34.0876758042907], [-118.574313824845, 34.0877076702657], [-118.574281483505, 34.0876980734923], [-118.574278389744, 34.0877046476316], [-118.574279151432, 34.0877204243087], [-118.574271007831, 34.0877413600158], [-118.574248285785, 34.0877507123764], [-118.574230260945, 34.0877691047058], [-118.574209816586, 34.0877770980747], [-118.57418343527, 34.0877830608043], [-118.574157299361, 34.0877742511524], [-118.574145159011, 34.0877818696852], [-118.574138729822, 34.0877859048044], [-118.57413684681, 34.0877879719308], [-118.574127876605, 34.0877918652678], [-118.574123001454, 34.0877939860128], [-118.574120066298, 34.087795263743], [-118.574105581593, 34.0878015736445], [-118.574092154679, 34.0878041048748], [-118.574072783677, 34.0878077571796], [-118.57403637721, 34.0878043905478], [-118.574032517094, 34.0878066556155], [-118.574009349794, 34.0878202513457], [-118.574003241608, 34.0878287693569], [-118.573989406452, 34.0878480633299], [-118.573982968004, 34.0878753248657], [-118.573977485148, 34.0879137495855], [-118.573974023295, 34.08794301554], [-118.574016805843, 34.0879357588151], [-118.573997124175, 34.087966059635], [-118.573993610353, 34.0879979601579], [-118.573960171398, 34.0879952382784], [-118.57395359147, 34.0880261871655], [-118.573930883431, 34.0880511796619], [-118.573915572951, 34.0880247007845], [-118.57388855984, 34.0880451587148], [-118.573854973304, 34.088047420509], [-118.573852543314, 34.0880778154834], [-118.57382738276, 34.0880842856515], [-118.573827344157, 34.0880847422523], [-118.573826377769, 34.0880845444399], [-118.573815788955, 34.0880872671226], [-118.573783639436, 34.0880983396603], [-118.573743144126, 34.0881078995243], [-118.573733012819, 34.088139616243], [-118.573714669359, 34.0881438547302], [-118.573659209814, 34.0881692125947], [-118.573639467765, 34.0881917556885], [-118.573619361649, 34.0881872703749], [-118.573593787329, 34.088169278167], [-118.573575970089, 34.0881420863014], [-118.573579251217, 34.0881028082329], [-118.573577104536, 34.0880837407059], [-118.573591432681, 34.0880588291106], [-118.573562461305, 34.0880414092276], [-118.573529368171, 34.08803688395], [-118.573512799559, 34.0880428800978], [-118.573487588478, 34.0880315322982], [-118.573477472151, 34.0880270070219], [-118.573472527936, 34.0880247958455], [-118.573462130998, 34.088020146248], [-118.573460275444, 34.0880193161367], [-118.573459949805, 34.0880138324615], [-118.573452149015, 34.0880141855861], [-118.573457647364, 34.088010866402], [-118.573448335404, 34.0879994994391], [-118.573430719377, 34.087982098153], [-118.573408905164, 34.0879774417617], [-118.573386563083, 34.0879687758919], [-118.573371830238, 34.0879687879966], [-118.573359906531, 34.0879687983025], [-118.573359184757, 34.0879687378787], [-118.573355860514, 34.0879666605718], [-118.573338657026, 34.0879670140816], [-118.573333932502, 34.0879666177576], [-118.573333438942, 34.0879671218541], [-118.573321772269, 34.0879673616619], [-118.573281097426, 34.0879694732433], [-118.573238522661, 34.0879861462423], [-118.573236554356, 34.0879860972579], [-118.573197447101, 34.0879851271155], [-118.573160147656, 34.0879799585536], [-118.573125282797, 34.0879754235967], [-118.573119101046, 34.087975961953], [-118.573100141726, 34.0879844091639], [-118.57308783125, 34.0879801592993], [-118.573063925913, 34.0880007506124], [-118.573041326581, 34.0880237329466], [-118.573004874392, 34.0880246865264], [-118.572970186153, 34.0880200329268], [-118.572956072788, 34.0880115637735], [-118.572955698873, 34.0880118043119], [-118.57294097452, 34.0880034411005], [-118.572907373676, 34.0880142184444], [-118.57286486399, 34.0880337572339], [-118.572867913199, 34.0880431868284], [-118.572865650125, 34.088045352852], [-118.572866897402, 34.0880637455941], [-118.572863959411, 34.0880972778823], [-118.572838764587, 34.08812072803], [-118.572804292397, 34.0881162312508], [-118.572763268918, 34.0881115523424], [-118.572724273815, 34.0881327659919], [-118.572697996762, 34.0881407392309], [-118.572692237458, 34.0881424864195], [-118.572665066052, 34.0881624489333], [-118.572660646967, 34.0881700260769], [-118.572648778781, 34.0881903794959], [-118.572621745918, 34.0882005304021], [-118.572607107757, 34.088206026799], [-118.572569340446, 34.0882229905572], [-118.572537353982, 34.0882303107481], [-118.572517749946, 34.0882531736249], [-118.572500441179, 34.0882811328403], [-118.572497838449, 34.0882976913939], [-118.572495726987, 34.08831111872], [-118.572482381473, 34.0883187246829], [-118.572464604227, 34.0883288571589], [-118.572464327176, 34.0883290150652], [-118.572427425817, 34.0883395066037], [-118.572406701071, 34.0883632695884], [-118.572389728274, 34.0883882317459], [-118.572376930524, 34.0884182010996], [-118.572366586671, 34.0884490540542], [-118.572350447352, 34.0884744900399], [-118.57233783474, 34.0885029714504], [-118.572333573218, 34.0885324932824], [-118.572325964149, 34.0885686482234], [-118.572320330958, 34.0885985675804], [-118.57232715296, 34.0886282183422], [-118.572325658676, 34.0886613106999], [-118.572333085738, 34.0886737630357], [-118.5723409735, 34.0886869883578], [-118.572365897494, 34.0887082705461], [-118.572404141416, 34.0888448974695], [-118.572414993205, 34.0888783049523], [-118.572432617099, 34.0889329880948], [-118.572476401438, 34.089080455124], [-118.572479551722, 34.0890910661073], [-118.572504559671, 34.0890865245358], [-118.572521009174, 34.0890800600452], [-118.572561341102, 34.0890885439052], [-118.572595587789, 34.0890895949214], [-118.57264003866, 34.0891019384715], [-118.572677863469, 34.0891100834616], [-118.572708401101, 34.089133910612], [-118.572741301627, 34.0891413763494], [-118.572764378088, 34.0891210965951], [-118.572797617192, 34.0891054824866], [-118.57283053245, 34.0891082414144], [-118.572867986583, 34.0891197426604], [-118.572898234869, 34.0891312347979], [-118.572915770738, 34.0891568464142], [-118.572919171462, 34.0891930887488], [-118.572931374403, 34.0892256899751], [-118.572965689002, 34.0892377847575], [-118.573009975109, 34.0892376198607], [-118.573042800986, 34.0892436448068], [-118.57307810601, 34.0892349650276], [-118.573120351979, 34.0892329092464], [-118.573152813677, 34.0892265369603], [-118.573184177111, 34.0892143161138], [-118.57320432129, 34.0891834055027], [-118.573235059895, 34.0891991896339], [-118.573269738435, 34.0892233984368], [-118.573251145181, 34.0892509530893], [-118.573223988368, 34.0892328364314], [-118.573185582329, 34.0892574690403], [-118.573156767857, 34.089282512022], [-118.573182861591, 34.0893070920857], [-118.573225331017, 34.0893167681654], [-118.573260505971, 34.0893187528824], [-118.573236753214, 34.0893432308746], [-118.573213737604, 34.0893691957225], [-118.573188469742, 34.0894005596687], [-118.573157293622, 34.0894111690944], [-118.573128447367, 34.0894254463182], [-118.573105416811, 34.0894451659531], [-118.573071126145, 34.0894557607007], [-118.573039816436, 34.0894751882363], [-118.573023808254, 34.0895012236552], [-118.573015550819, 34.0895346505219], [-118.573047608667, 34.0895476095456], [-118.573029230699, 34.0895726614564], [-118.573057969247, 34.0895906347784], [-118.573097167228, 34.0895970568335], [-118.57313321555, 34.0895967211277], [-118.573167427793, 34.0895977715374], [-118.573198965264, 34.0896067887585], [-118.573209353828, 34.0896345547763], [-118.573171100421, 34.0896398385246], [-118.573141316842, 34.0896550614545], [-118.57311493598, 34.0896753350617], [-118.57308358627, 34.0896917581575], [-118.573051949669, 34.0897034914227], [-118.573018850577, 34.0897229163777], [-118.573005768182, 34.0897500504421], [-118.572974829076, 34.0897289266048], [-118.572964771694, 34.0897365855079], [-118.572932234652, 34.0897613627342], [-118.572912914393, 34.0897760756272], [-118.572876246113, 34.0897880866192], [-118.572844720598, 34.0898031398037], [-118.57281061023, 34.0898052586023], [-118.572774018116, 34.0898205449257], [-118.572742946346, 34.0898328017634], [-118.572703760964, 34.0898438823361], [-118.572677822153, 34.089863255324], [-118.572662832481, 34.0898914491161], [-118.572656180378, 34.0898573685522], [-118.572664409383, 34.0898285167044], [-118.572676658453, 34.089800366119], [-118.572683437415, 34.0897731270019], [-118.572686784131, 34.0897328283934], [-118.572686700038, 34.0897039418438], [-118.572674415677, 34.0896773375662], [-118.572665610289, 34.0896425286243], [-118.572652675313, 34.0896124713906], [-118.5726321458, 34.0895830997729], [-118.572605568465, 34.0895546450028], [-118.572589604953, 34.089527488863], [-118.572569535394, 34.0895040236041], [-118.572543248582, 34.0894770645124], [-118.572516001221, 34.0894541954123], [-118.572491695229, 34.0894321060217], [-118.572456813579, 34.0894265492141], [-118.572438087687, 34.0894019621083], [-118.572410143956, 34.089379727059], [-118.572378164788, 34.0893663225722], [-118.572362317095, 34.089339120964], [-118.572333719346, 34.089318053316], [-118.572302197646, 34.089297341202], [-118.572283589508, 34.089274216045], [-118.572248477635, 34.0892850914587], [-118.57221515931, 34.089288908595], [-118.57217836159, 34.0892874838187], [-118.572160522942, 34.0892528077656], [-118.572144814424, 34.0892831093312], [-118.572110915873, 34.0892856317606], [-118.57207427643, 34.0892818703253], [-118.572042755054, 34.0892680279174], [-118.572006587359, 34.0892637116098], [-118.57204096161, 34.0892481453025], [-118.572053716298, 34.0892178752561], [-118.572021656748, 34.0892044876891], [-118.572001349573, 34.0891790161074], [-118.572007709459, 34.0891473388595], [-118.571988695916, 34.0891221296054], [-118.571956605263, 34.0891113002145], [-118.571924426648, 34.0891028750356], [-118.571907122373, 34.0891295467894], [-118.571859220751, 34.0891222958142], [-118.571823957303, 34.0891345395484], [-118.571790023486, 34.0891195633429], [-118.571789945528, 34.0891486426186], [-118.571785660661, 34.0891779441428], [-118.571752862899, 34.089167620616], [-118.571722691445, 34.0891487229394], [-118.571691342381, 34.089135665132], [-118.571650744139, 34.0891500858983], [-118.57160314436, 34.0891636273372], [-118.571531999792, 34.0891724272148], [-118.571497109444, 34.0892222843971], [-118.571464671381, 34.0892361988391], [-118.571419912994, 34.0892328195508], [-118.571382798248, 34.0892328636684], [-118.571347696348, 34.0892159028125], [-118.571322412828, 34.0892014306873], [-118.571308657227, 34.0891554444016], [-118.571266520309, 34.0891407122966], [-118.571224757804, 34.0891153051602], [-118.571159546757, 34.0891248310126], [-118.571164205194, 34.089095859649], [-118.57114957696, 34.089068672246], [-118.571112053261, 34.089057316511], [-118.571079063678, 34.0890536392818], [-118.571033598845, 34.0890716690033], [-118.571046606176, 34.0890773585747], [-118.570974567807, 34.0890644313664], [-118.57095145668, 34.0890876160121], [-118.570951009209, 34.0891177517778], [-118.570923244863, 34.0890863039014], [-118.570757000186, 34.0888980003048], [-118.570352999747, 34.0885959996629], [-118.570086380264, 34.0886231034578], [-118.570027805126, 34.0886290579595], [-118.569780356439, 34.0886888365194], [-118.569747264274, 34.0886666254279], [-118.569711442325, 34.0886607755868], [-118.569705957508, 34.088633579221], [-118.569668167692, 34.088623473711], [-118.569640749467, 34.0886035137384], [-118.5696055936, 34.0886094608436], [-118.569590652055, 34.088638717808], [-118.569563998876, 34.088615477677], [-118.569539455455, 34.0885952445331], [-118.569508179679, 34.0886113971328], [-118.56950154446, 34.0885706712324], [-118.56950631166, 34.0885372891089], [-118.569552744356, 34.0885416647447], [-118.569601696606, 34.0885289633393], [-118.569571566457, 34.0885156569802], [-118.569567686931, 34.0884871365461], [-118.569549045818, 34.0884605061847], [-118.569552263181, 34.0884288581102], [-118.569550015176, 34.0883976246622], [-118.569559200113, 34.0883723496946]]], [[[-118.566198000321, 34.0780440000322], [-118.565768000489, 34.0769520003349], [-118.565616000098, 34.0763940002087], [-118.566012000036, 34.0757270002659], [-118.564629000461, 34.074543999769], [-118.564478999911, 34.0737309996852], [-118.563504999918, 34.072645000253], [-118.563295999844, 34.0721960002245], [-118.562698000086, 34.071295000136], [-118.561946, 34.070599000172], [-118.560920999636, 34.0697519999376], [-118.560254999867, 34.0687960004346], [-118.5596959995, 34.0685480001322], [-118.559425999983, 34.0686709997769], [-118.558996999956, 34.0685190004323], [-118.558245000116, 34.0685699998274], [-118.558245999902, 34.0691009996075], [-118.55820300005, 34.0700109999414], [-118.558113000086, 34.0702350000731], [-118.557955000336, 34.0702740000101], [-118.557872000237, 34.0706099998528], [-118.557043999835, 34.0709870002574], [-118.557147999594, 34.0715479999767], [-118.557833000046, 34.0721770003484], [-118.558688000446, 34.0723889998181], [-118.559100000045, 34.0729909999511], [-118.559400000324, 34.0736640001041], [-118.559494000298, 34.0740659997088], [-118.559487999926, 34.0745009995675], [-118.560018997653, 34.074774998401], [-118.560578001949, 34.0752190014619], [-118.560759999887, 34.0755229996424], [-118.560568999772, 34.0760789997595], [-118.560688999501, 34.0763349998315], [-118.561212999707, 34.076718999667], [-118.561796999657, 34.0774300003072], [-118.561446999842, 34.077790000076], [-118.56235100022, 34.0779069999124], [-118.562851000263, 34.0780589999439], [-118.562963000203, 34.0779610004344], [-118.563393000036, 34.0779170001222], [-118.563768000374, 34.0781449999835], [-118.563958000309, 34.0784539998839], [-118.56399500026, 34.0786780000269], [-118.564103999828, 34.0788990000752], [-118.564008999953, 34.0789460001195], [-118.563863000077, 34.0788019999292], [-118.563726999651, 34.0784849995663], [-118.563474000541, 34.0784769995692], [-118.563473000011, 34.0786209998827], [-118.563471000441, 34.0790410000785], [-118.563474999603, 34.0791320004238], [-118.5634820004, 34.0792849998677], [-118.563406000342, 34.079488999725], [-118.563308000241, 34.0796380003647], [-118.563177000279, 34.0797170000029], [-118.563058999778, 34.0796160000682], [-118.563042999779, 34.0794560001696], [-118.563039999696, 34.0793089996376], [-118.563067000049, 34.079252000237], [-118.56305499994, 34.0792420003064], [-118.563174999636, 34.0786990002951], [-118.562891000063, 34.078365999731], [-118.562254999864, 34.0781540001145], [-118.562107000503, 34.0782230004334], [-118.562311000099, 34.0784199999171], [-118.562365000279, 34.0785909998366], [-118.562341999497, 34.0788219996061], [-118.562142999804, 34.0788120003377], [-118.561992000099, 34.0788150001953], [-118.561776999857, 34.0790040000808], [-118.561666000377, 34.0790259998197], [-118.561519999878, 34.078886000395], [-118.561299999814, 34.0789930000657], [-118.56124999967, 34.0789929998413], [-118.560719999869, 34.0787310000117], [-118.560243999531, 34.0785449996433], [-118.559999000183, 34.0785919996692], [-118.562241999992, 34.0795220002029], [-118.563074000452, 34.0798920004478], [-118.563702000286, 34.0800750000919], [-118.564448999462, 34.0799110000817], [-118.564683000393, 34.0798949998452], [-118.564757000276, 34.0798450003557], [-118.564830000276, 34.0798159998796], [-118.564825999982, 34.0798040002774], [-118.565031000188, 34.0796990003194], [-118.565115000087, 34.0796559999845], [-118.565382999525, 34.0795190003922], [-118.56628000052, 34.0788620000466], [-118.566198000321, 34.0780440000322]]], [[[-118.542958999998, 34.0646029999973], [-118.543164999972, 34.0645040000443], [-118.543220999722, 34.0643940001639], [-118.543443999985, 34.0640830000598], [-118.543396999933, 34.0638119998578], [-118.543326999591, 34.0635979996341], [-118.543192000239, 34.0633670001985], [-118.543230999463, 34.0630690000108], [-118.543362000248, 34.0628150000507], [-118.543442999937, 34.0625269995876], [-118.54358600002, 34.0623490004392], [-118.543842999469, 34.0622169997678], [-118.543867000061, 34.0622220001504], [-118.544124000497, 34.0622750004397], [-118.544150999983, 34.0622810001666], [-118.544445999917, 34.0622489997118], [-118.544693000375, 34.0621729996891], [-118.545006000072, 34.0621149999848], [-118.545305000161, 34.0620260002831], [-118.54540200051, 34.0618339995766], [-118.545664999505, 34.0616300002816], [-118.546030000475, 34.0616739996925], [-118.546326999903, 34.0617099996485], [-118.546497000142, 34.061515000404], [-118.546624999559, 34.0613029995475], [-118.546889999987, 34.0611180001901], [-118.547111000384, 34.0608990004564], [-118.547452000097, 34.0606870002744], [-118.547514001541, 34.0603830027646], [-118.54738599925, 34.0600629974852], [-118.546675000111, 34.0598550003388], [-118.546654000378, 34.0599969996071], [-118.54654099985, 34.0601250001179], [-118.546404999621, 34.0602799995835], [-118.546315000064, 34.0606060002212], [-118.546283000255, 34.0604630002123], [-118.546241000181, 34.0608430001319], [-118.545884000044, 34.0609109999658], [-118.545371999731, 34.0603280002322], [-118.545018000188, 34.0601280002277], [-118.544433999561, 34.0600390001061], [-118.543624000062, 34.0600659999193], [-118.543309999718, 34.0595719998068], [-118.542777999634, 34.059577999913], [-118.542663000485, 34.0593220004403], [-118.542799000114, 34.0587179997394], [-118.542977000201, 34.0581810002069], [-118.542792000323, 34.0579500002763], [-118.541945999711, 34.05772800042], [-118.541247999724, 34.0570900003267], [-118.540983000358, 34.0569210003597], [-118.541199000115, 34.0566789999203], [-118.541487000085, 34.0562189996579], [-118.5414570003, 34.0561760004489], [-118.541360999664, 34.0560000003494], [-118.541224999803, 34.0559290001083], [-118.54111700033, 34.0558359999593], [-118.540796999953, 34.0557340001093], [-118.540462999675, 34.0555520001088], [-118.540473999937, 34.0553920000562], [-118.540720999873, 34.0552389995581], [-118.540758000393, 34.0550349998497], [-118.54089500014, 34.054926999635], [-118.54108200015, 34.0547979998377], [-118.541281999919, 34.0548539998762], [-118.54150700053, 34.0549889999603], [-118.541780999941, 34.0550130000056], [-118.542115999586, 34.0548120001927], [-118.542300000402, 34.0541630003594], [-118.542749999987, 34.0535420001631], [-118.542732000033, 34.0532809999926], [-118.542674000296, 34.0529930003166], [-118.542407999809, 34.0527510003042], [-118.542253000441, 34.0525210003278], [-118.542050999785, 34.0523080001428], [-118.541754999486, 34.052418000218], [-118.541728999824, 34.0519950001573], [-118.541568999711, 34.0519310000221], [-118.541208999941, 34.0518559995525], [-118.541026000359, 34.0521670002741], [-118.540722000294, 34.0520170003315], [-118.540690999725, 34.0520109998062], [-118.540649999992, 34.0520389998189], [-118.540617999581, 34.0520459999634], [-118.540383000112, 34.0522390000352], [-118.540448999671, 34.0524350004073], [-118.5404809997, 34.0524610001613], [-118.541017000229, 34.0527859995976], [-118.540940999483, 34.0531229998711], [-118.540519000284, 34.0529590001773], [-118.540247000523, 34.0527319998831], [-118.540114000373, 34.0526360002785], [-118.540002000075, 34.0527459998777], [-118.539621000429, 34.0527439999125], [-118.539096999978, 34.0527209996846], [-118.538627999886, 34.052924999883], [-118.538316999777, 34.0528369996568], [-118.538154999838, 34.0527630002714], [-118.537955000152, 34.0526670001534], [-118.537904000114, 34.0524530004361], [-118.537891999567, 34.0522370002534], [-118.537929999939, 34.0519620000572], [-118.53812299982, 34.0518079995878], [-118.538164000416, 34.0515469996848], [-118.538050000296, 34.0511979998061], [-118.537572000342, 34.0509110000965], [-118.537120000282, 34.0509659998555], [-118.536833999927, 34.0513009997294], [-118.536847000533, 34.0515760003965], [-118.536488000463, 34.0514320001386], [-118.536607999618, 34.0511229998938], [-118.536784999663, 34.0508569999489], [-118.536882999705, 34.0506030002413], [-118.537011000079, 34.0503460002581], [-118.536956999885, 34.04999000039], [-118.536490999497, 34.0498159998881], [-118.536194999549, 34.0499569995674], [-118.535835999711, 34.0502699998214], [-118.535767999872, 34.0506890000779], [-118.535522000033, 34.0509529997454], [-118.535327000164, 34.0509490002867], [-118.535208999823, 34.0507749999758], [-118.535362999762, 34.0506349999489], [-118.535323000346, 34.0502999997527], [-118.535167999592, 34.049937000243], [-118.535210999505, 34.0496430003372], [-118.535560999824, 34.049380000107], [-118.535875999508, 34.0492640002856], [-118.536294000523, 34.0493570000075], [-118.536623999885, 34.0493050000039], [-118.536578000044, 34.0492660003671], [-118.536584999734, 34.048872999756], [-118.5369869996, 34.0487310001889], [-118.536882000469, 34.0485010000027], [-118.536453999682, 34.0483600002445], [-118.536278000155, 34.0481990000046], [-118.536165999746, 34.0480239998392], [-118.535873999462, 34.0478439999787], [-118.535795000168, 34.0476790002837], [-118.535830999488, 34.0474350001017], [-118.536092000233, 34.047181000129], [-118.536319000034, 34.047020999837], [-118.536482999553, 34.0467660002251], [-118.536374000162, 34.0463730000789], [-118.536279000001, 34.0461150001757], [-118.536347000062, 34.0457250000579], [-118.53634899986, 34.0454579999105], [-118.536343000081, 34.045393999817], [-118.536295999895, 34.045377000325], [-118.535965000106, 34.0451230000028], [-118.535970000096, 34.0448510001262], [-118.536171000435, 34.0447710003554], [-118.536382000035, 34.0446600002791], [-118.536527000273, 34.0446320000468], [-118.536551000022, 34.0445259996236], [-118.536729999597, 34.0443640001304], [-118.537055000006, 34.0441360001463], [-118.537043000131, 34.043745000056], [-118.53704799969, 34.0435580003796], [-118.536661000005, 34.0433179998103], [-118.536776999988, 34.0429260003911], [-118.536937999555, 34.0425810001833], [-118.537162000185, 34.0422739997262], [-118.537364999823, 34.0422379996817], [-118.537495000355, 34.0419569996295], [-118.537676999525, 34.0415139999493], [-118.537648000494, 34.0410780000037], [-118.537650999802, 34.0408109996433], [-118.537475999456, 34.0404770003599], [-118.537021000423, 34.0406690004163], [-118.536730000507, 34.0406119999635], [-118.536357999668, 34.0408170000023], [-118.536151999935, 34.0407960003352], [-118.536125000347, 34.0408799996097], [-118.535983000501, 34.0410019997816], [-118.535969999896, 34.0410090003633], [-118.535853999705, 34.041002000348], [-118.535756000043, 34.0409179998472], [-118.535609000102, 34.0409330003186], [-118.535382999564, 34.0409180000806], [-118.535158000265, 34.0409439998308], [-118.535191999462, 34.0411829999996], [-118.534990999735, 34.0415049997477], [-118.534873000082, 34.0417479995736], [-118.534950999797, 34.0418960003268], [-118.535293999684, 34.0421539998462], [-118.535247999592, 34.0422729996703], [-118.534994000007, 34.0424750001108], [-118.534750000429, 34.0425680002535], [-118.534409999766, 34.0428129998817], [-118.534197999542, 34.0429290001063], [-118.534127999513, 34.0431850000208], [-118.534157999985, 34.0437689999987], [-118.534024000406, 34.0439260002747], [-118.533922999701, 34.0442220003495], [-118.533755999821, 34.0445039999367], [-118.533635999571, 34.0446399996151], [-118.533622000377, 34.0448080001559], [-118.533468000401, 34.0448509996593], [-118.5333580001, 34.0452189998206], [-118.533545999683, 34.0453349998203], [-118.533488999575, 34.0457460004178], [-118.533476000004, 34.0459120003561], [-118.533430999531, 34.0460409997431], [-118.533337000437, 34.0464219999727], [-118.533358999681, 34.0467759998078], [-118.533169000314, 34.0468719997446], [-118.53321999972, 34.0471260004397], [-118.533169000103, 34.0473990003553], [-118.532954999873, 34.0475410001696], [-118.532902999881, 34.0477680003792], [-118.53296900017, 34.0480300001428], [-118.533225999861, 34.048105999971], [-118.533262999808, 34.0483090000133], [-118.533263999593, 34.0484960001918], [-118.532986999732, 34.0486970001805], [-118.532763000163, 34.0489020000773], [-118.532556999512, 34.0490240001556], [-118.532422999573, 34.0492110000222], [-118.532127999978, 34.049752999749], [-118.531975000086, 34.0501549996429], [-118.531907999655, 34.0504579996923], [-118.531767999499, 34.0508380001162], [-118.532444000225, 34.0513029996244], [-118.53271499983, 34.0515080004093], [-118.533187000344, 34.0515080002403], [-118.533936000499, 34.0515209997575], [-118.534442000227, 34.0513720000907], [-118.53483600016, 34.0511139998826], [-118.535126999608, 34.0510989995917], [-118.535291000075, 34.0513009997331], [-118.535154999799, 34.0516110000469], [-118.535228999875, 34.051742000299], [-118.535391999827, 34.0517530003894], [-118.535506999672, 34.0517750000621], [-118.535218999913, 34.0517949995521], [-118.535109000113, 34.0517970001409], [-118.535215000421, 34.0518969997081], [-118.535505000042, 34.0519530000014], [-118.535639000065, 34.0518369998235], [-118.535767999498, 34.0518339996741], [-118.535888999757, 34.0518869996359], [-118.536054999696, 34.0518429999334], [-118.536144000288, 34.0519909997161], [-118.536200999522, 34.0521440003804], [-118.536334000224, 34.0521310001133], [-118.53641300019, 34.0521789996321], [-118.536494000249, 34.0522899997331], [-118.536534999764, 34.0524230002597], [-118.536593999527, 34.0524220001851], [-118.53671599986, 34.0525759996797], [-118.536803000351, 34.0526419999689], [-118.536900000236, 34.0527290003506], [-118.53701699978, 34.0526200001941], [-118.53712399987, 34.0525840000702], [-118.537143999857, 34.0526929999686], [-118.537056000043, 34.0529209998135], [-118.537220999894, 34.0529520002685], [-118.537313999773, 34.0529529997907], [-118.53732799978, 34.0528940003558], [-118.537446999556, 34.0527959995743], [-118.537560000214, 34.0527579997415], [-118.537634000495, 34.0528110001845], [-118.537793000034, 34.0529070001658], [-118.537782999822, 34.0529569999763], [-118.537699000381, 34.0530620004425], [-118.537737000526, 34.0531489999451], [-118.537951000398, 34.0528679998253], [-118.538039000185, 34.0530940001822], [-118.538401999983, 34.0532410000741], [-118.538394999721, 34.0534700004267], [-118.538620999814, 34.0534649995486], [-118.538808000345, 34.0534070004304], [-118.53893699963, 34.0533439997604], [-118.539217000104, 34.0532080002622], [-118.539436000025, 34.0534199998534], [-118.539717999855, 34.0534109995505], [-118.539947000003, 34.053433999876], [-118.540234000277, 34.053488000248], [-118.540393000359, 34.0536049998021], [-118.540623000001, 34.0538699996294], [-118.540556999735, 34.0540740003504], [-118.540436999695, 34.0542659996045], [-118.540347000196, 34.054431000224], [-118.540285000328, 34.0548279999077], [-118.54012099993, 34.0552039998026], [-118.53993200053, 34.0554569995765], [-118.539708999675, 34.0557000000096], [-118.53966200021, 34.0559280001421], [-118.539886999731, 34.0561030001591], [-118.540088999838, 34.0561940002059], [-118.540207000202, 34.0563340000272], [-118.540253000527, 34.0564740002807], [-118.540220999829, 34.0566269998005], [-118.540169000468, 34.056743999783], [-118.540239000369, 34.056932000312], [-118.54026000014, 34.0570549999261], [-118.5402139997, 34.0571640003836], [-118.540141000096, 34.0572850001585], [-118.540220999603, 34.057385999921], [-118.540270000535, 34.0575619998167], [-118.540320000434, 34.0577519995817], [-118.540401000284, 34.0579210001808], [-118.540484000341, 34.058064000388], [-118.540600999872, 34.0582179999114], [-118.540661999715, 34.0583480003881], [-118.540648000208, 34.0584869997812], [-118.540584000342, 34.058637999639], [-118.540587000096, 34.0587720002254], [-118.540731000017, 34.0588369997389], [-118.540989000534, 34.0589450004063], [-118.541165999814, 34.0590479998294], [-118.541220999877, 34.059170999806], [-118.541216000356, 34.0592269995934], [-118.541449999953, 34.0593609998731], [-118.541554000384, 34.0594240003306], [-118.541623999972, 34.0595090002988], [-118.541693999986, 34.0596060002347], [-118.541748000364, 34.0597430003071], [-118.541857999696, 34.0600130003406], [-118.54193899969, 34.0602670001542], [-118.542249000453, 34.0604990000394], [-118.542555000515, 34.0606239999639], [-118.542861999999, 34.060756999798], [-118.543030999751, 34.0608969999359], [-118.543127999906, 34.0610579999852], [-118.542993000319, 34.0610560002596], [-118.542833999924, 34.0609790003992], [-118.542581999981, 34.0609079997325], [-118.542351000463, 34.0608450000419], [-118.542134000505, 34.0608409997609], [-118.541848999962, 34.0609259997404], [-118.54175100017, 34.0608500000152], [-118.541547999527, 34.060709000061], [-118.541241000137, 34.0605919996588], [-118.541049999687, 34.0604349997494], [-118.540805999783, 34.0602910002624], [-118.54071700035, 34.0601879998879], [-118.540648000342, 34.0600450001527], [-118.540647000232, 34.059899000116], [-118.540553000504, 34.0598100001336], [-118.540526000178, 34.0597090001439], [-118.540419999764, 34.059548000342], [-118.540382000198, 34.0593310001058], [-118.540306999848, 34.0591860000605], [-118.540182000229, 34.059078000164], [-118.540039000272, 34.0589270002782], [-118.540011999965, 34.0587510003275], [-118.540085000375, 34.0585769996302], [-118.539976000471, 34.0584879997119], [-118.539867999839, 34.0584090001928], [-118.539775999565, 34.0583180000692], [-118.539634999736, 34.0581640003591], [-118.539617999495, 34.0580159998205], [-118.539650999761, 34.0578740001593], [-118.539717999631, 34.0577569998957], [-118.539722999781, 34.057646000028], [-118.539408000266, 34.0576870000403], [-118.539129000223, 34.0574990003269], [-118.539033999892, 34.0572150000282], [-118.53904600012, 34.0569030001774], [-118.539107000176, 34.0565189998802], [-118.53913699999, 34.0562240000642], [-118.539156000474, 34.0559409998028], [-118.539100999967, 34.0556170002864], [-118.538995999835, 34.0551930003215], [-118.53894700052, 34.0549689999657], [-118.538988000453, 34.0546079996652], [-118.539005999723, 34.0545639997052], [-118.538833999911, 34.0544799999697], [-118.53873999985, 34.0544750002734], [-118.538509999717, 34.0544880003441], [-118.538240999751, 34.0545370001271], [-118.538126999743, 34.0546950003558], [-118.538109000298, 34.0548609998362], [-118.53813700015, 34.0550099997269], [-118.538377999602, 34.0550669998591], [-118.538522999851, 34.0552300003914], [-118.538543000522, 34.0554579997085], [-118.538603000348, 34.0557410002147], [-118.538562000234, 34.0560310003096], [-118.53861599981, 34.0564279999785], [-118.53849600026, 34.0569800003469], [-118.538030999618, 34.0569970003038], [-118.537509000468, 34.0569550000456], [-118.537371000142, 34.0564949998819], [-118.537284999928, 34.0562469998819], [-118.537231000264, 34.0560719998341], [-118.536834999834, 34.0559609995882], [-118.536553999552, 34.0559249995583], [-118.536376000105, 34.0558150004427], [-118.536086000516, 34.0556520001544], [-118.535881999516, 34.0554719997766], [-118.535543999695, 34.0554480003356], [-118.53527500035, 34.0554939998786], [-118.535307999647, 34.0558429998972], [-118.535491000245, 34.0560140003091], [-118.535822000451, 34.0560719996545], [-118.536110999802, 34.0561740000875], [-118.536354999854, 34.0563210002023], [-118.536444999811, 34.0565230003693], [-118.536684999912, 34.0568259996037], [-118.536656000194, 34.0569899999438], [-118.536479000489, 34.0571629999059], [-118.536361000177, 34.0573029997229], [-118.536390000486, 34.0575829997318], [-118.53670299993, 34.0578440004327], [-118.537100000136, 34.0579180001147], [-118.537262999715, 34.0576860003849], [-118.537496000204, 34.0576489997059], [-118.537873, 34.0575390003501], [-118.538229999692, 34.057521000131], [-118.538575000102, 34.0576039995769], [-118.538849999738, 34.0577789999161], [-118.538906999703, 34.057931999949], [-118.538984000544, 34.0581619999037], [-118.538782999775, 34.0582170003243], [-118.53852400034, 34.0581689999232], [-118.538259999975, 34.058173999999], [-118.53804900021, 34.0581729998619], [-118.537881999988, 34.0582459996482], [-118.538098999958, 34.0584260002839], [-118.538492000179, 34.0584199996382], [-118.538824999941, 34.0584830004398], [-118.539009000461, 34.0588209998306], [-118.539365000262, 34.0589819999928], [-118.539644999611, 34.0592969999403], [-118.539708999778, 34.0594609999364], [-118.539814999662, 34.0595750002052], [-118.539869000304, 34.0596969998447], [-118.539952000324, 34.0598020004014], [-118.54004800017, 34.059917999958], [-118.54011000017, 34.0600380003687], [-118.540338999861, 34.0601799997427], [-118.540442999932, 34.0603280001585], [-118.540573999934, 34.0604440004345], [-118.540802999747, 34.0605959999938], [-118.541014000411, 34.0606839999333], [-118.541223999521, 34.0607999995655], [-118.541436999782, 34.0609069997994], [-118.541503000294, 34.0611059998416], [-118.541479000185, 34.0613790003152], [-118.541468000186, 34.0616139997907], [-118.541512000125, 34.0618049995886], [-118.5413680005, 34.0619090001112], [-118.541284999902, 34.0620990003518], [-118.541401999792, 34.0623079998445], [-118.541328000165, 34.0624939995874], [-118.541196999557, 34.0625309997632], [-118.541074999909, 34.0626679997628], [-118.541046000263, 34.0628660003105], [-118.54112299953, 34.0631339997269], [-118.541378000383, 34.0633350002721], [-118.54149999951, 34.063553999622], [-118.541835000015, 34.0637060002144], [-118.542034000358, 34.0638439997463], [-118.54213200023, 34.0641230001409], [-118.542257000351, 34.064236999854], [-118.542418999513, 34.0644949997741], [-118.542646000404, 34.0645690001807], [-118.542958999998, 34.0646029999973]]]]}, "properties": {"poly_IncidentName": "PALISADES", "attr_FireDiscoveryDateTime": 1736274600000, "poly_GISAcres": 23448, "attr_POOState": "US-CA", "attr_IncidentName": "Palisades", "fire": "Palisades"}}, {"type": "Feature", "geometry": {"type": "MultiPolygon", "coordinates": [[[[-118.703070483507, 34.0314968006701], [-118.70303186178, 34.0315404951526], [-118.70299324219, 34.0315841887431], [-118.70299308109, 34.0315839092203], [-118.702993000537, 34.0315840002644], [-118.702960780244, 34.0315277864391], [-118.702945863819, 34.0315018699938], [-118.70297372454, 34.031461250891], [-118.702973808506, 34.0314612815997], [-118.70297400049, 34.0314609997873], [-118.703020416111, 34.0314784061113], [-118.703070483507, 34.0314968006701]]], [[[-118.676766043001, 34.0395552528029], [-118.676708029244, 34.0395232686681], [-118.676650014467, 34.0394912835887], [-118.676591999706, 34.0394593002814], [-118.676659814504, 34.0394460506976], [-118.676727629278, 34.0394328010732], [-118.676746835583, 34.0394940269354], [-118.676766043001, 34.0395552528029]]], [[[-118.672951039774, 34.0413450352396], [-118.672925731485, 34.0413720518618], [-118.672865999509, 34.0414359999128], [-118.672803999464, 34.0413979998533], [-118.672741999479, 34.0413599997585], [-118.672786249564, 34.0413047500952], [-118.672830499587, 34.0412495004115], [-118.672874749564, 34.0411942498058], [-118.672918999464, 34.0411390000809], [-118.672919116768, 34.0411397533645], [-118.672919405495, 34.0411393942942], [-118.672929950247, 34.0412079406812], [-118.672940495001, 34.0412764879634], [-118.672951039774, 34.0413450352396]]], [[[-118.691389469207, 34.0428684421818], [-118.691430000101, 34.0428269999776], [-118.691430217648, 34.0428270096897], [-118.69143033662, 34.0428268893441], [-118.691449425728, 34.0428278569752], [-118.691497999535, 34.0428300000175], [-118.691565691451, 34.0428211714308], [-118.691612537741, 34.0428148837879], [-118.69165449938, 34.0427861097369], [-118.691696460989, 34.0427573356695], [-118.691723000289, 34.0427389995715], [-118.691767000329, 34.0427684996345], [-118.691811000401, 34.0427979996796], [-118.691802807448, 34.0428217305843], [-118.691782386399, 34.0428823550099], [-118.691722995611, 34.0428933977806], [-118.691663606958, 34.0429044414466], [-118.691604217221, 34.0429154841676], [-118.691529425994, 34.0429374699363], [-118.691454635823, 34.0429594547664], [-118.691397697842, 34.0429387107865], [-118.691340759891, 34.0429179667776], [-118.691389469207, 34.0428684421818]]], [[[-118.68376248951, 34.0407328272648], [-118.683764193516, 34.0407247571013], [-118.683764887374, 34.040730106067], [-118.683814257857, 34.0406740710817], [-118.683863629368, 34.0406180351827], [-118.683912999711, 34.0405620001478], [-118.683927500381, 34.0404859997075], [-118.683941999926, 34.0404100001479], [-118.68395650054, 34.0403339996912], [-118.683971000029, 34.0402580001153], [-118.683971229537, 34.0402577467191], [-118.683971236696, 34.0402577071324], [-118.68402047929, 34.0402035341183], [-118.684069721801, 34.0401493619809], [-118.684118964261, 34.0400951889177], [-118.684165975928, 34.0400434585782], [-118.684212987503, 34.0399917300192], [-118.68426000013, 34.0399399996475], [-118.684333666787, 34.0398946673372], [-118.68440733339, 34.0398493331742], [-118.684480999892, 34.0398039998626], [-118.684480953154, 34.0398043996237], [-118.684481244233, 34.0398042208671], [-118.684473372351, 34.0398684160943], [-118.684471999772, 34.0398799999484], [-118.684441749997, 34.039954999945], [-118.684411500165, 34.0400299999272], [-118.684381250275, 34.0401049998952], [-118.684351000327, 34.040179999849], [-118.684320750322, 34.0402549997886], [-118.68429050026, 34.040329999714], [-118.68426025014, 34.0404049996252], [-118.684229999948, 34.0404800004236], [-118.684205599658, 34.0405545999743], [-118.68418120039, 34.0406292004275], [-118.684156800008, 34.0407037999555], [-118.684132399565, 34.0407784003736], [-118.684108000174, 34.0408529998914], [-118.684097904149, 34.0409249328093], [-118.684087808121, 34.0409968648192], [-118.684077713142, 34.0410687977365], [-118.684067617077, 34.0411407297332], [-118.684057520979, 34.0412126626248], [-118.684045237675, 34.0413004028341], [-118.684032955427, 34.0413881430461], [-118.684020670986, 34.0414758832232], [-118.6840083876, 34.0415636234031], [-118.683996105285, 34.0416513626844], [-118.684006652537, 34.0416877351574], [-118.6840317425, 34.0417741283497], [-118.684056831451, 34.0418605206143], [-118.684081921525, 34.0419469137792], [-118.684107009487, 34.0420333069053], [-118.684132099671, 34.0421197000427], [-118.684131937913, 34.0421197874299], [-118.684132000438, 34.0421200000227], [-118.684080999542, 34.04214750027], [-118.684029999708, 34.0421749996046], [-118.684036999617, 34.0422259997099], [-118.684043999536, 34.042276999812], [-118.684043000427, 34.0423436670365], [-118.684042000249, 34.0424103333423], [-118.684041000069, 34.0424769996431], [-118.68400800011, 34.0425440003234], [-118.68397500011, 34.0426110000877], [-118.683909332914, 34.0425906671652], [-118.68384366685, 34.0425703333154], [-118.683777999722, 34.0425500003162], [-118.683759749666, 34.0424807503196], [-118.683741499643, 34.0424115003149], [-118.683723249652, 34.042342250302], [-118.683704999692, 34.0422730002808], [-118.683678000018, 34.0421964996244], [-118.683651000382, 34.0421199998565], [-118.683608999633, 34.0420984995595], [-118.683566999975, 34.0420770001605], [-118.683506000334, 34.0420743332343], [-118.6834449996, 34.0420716671643], [-118.683383999967, 34.0420690001728], [-118.683370999964, 34.0420083333675], [-118.683357999981, 34.0419476665568], [-118.683345000018, 34.0418869997405], [-118.683346000217, 34.0418104998987], [-118.683347000414, 34.0417340000504], [-118.683356712482, 34.0417070037167], [-118.683326109616, 34.0416473297717], [-118.683338942428, 34.0415664993914], [-118.683351774161, 34.041485667187], [-118.683364605852, 34.0414048358754], [-118.683377437532, 34.0413240036538], [-118.683450557312, 34.0412973418131], [-118.683474857361, 34.0412186147961], [-118.683499157377, 34.0411398868656], [-118.683524578257, 34.0410569443835], [-118.683550000196, 34.0409740000978], [-118.683603122372, 34.0409137071549], [-118.683656244466, 34.0408534141833], [-118.683709367578, 34.040793120294], [-118.68376248951, 34.0407328272648]]], [[[-118.682666711928, 34.0410076592492], [-118.682658345896, 34.0410743693797], [-118.682649978751, 34.0411410803936], [-118.682641612705, 34.0412077896117], [-118.682615456862, 34.0412749448876], [-118.68258929989, 34.04134210014], [-118.682563143958, 34.041409255394], [-118.682497614616, 34.0413506449428], [-118.682432086439, 34.0412920353642], [-118.682402402734, 34.0412880937589], [-118.682362856525, 34.0412828425511], [-118.68232258623, 34.0412774964004], [-118.682293625529, 34.0412736505847], [-118.682259868655, 34.0412691686524], [-118.682224396715, 34.0412644586012], [-118.682155166834, 34.041255266563], [-118.682135955971, 34.0413225174191], [-118.682055635764, 34.0413068002983], [-118.682024994578, 34.0412532499366], [-118.681994354531, 34.0411996986747], [-118.68198303618, 34.0411799178079], [-118.681963713413, 34.0411461491915], [-118.681926675527, 34.0410869602263], [-118.681889635515, 34.0410277721214], [-118.68185259774, 34.0409685831244], [-118.681831579813, 34.0409014346742], [-118.681810563006, 34.0408342862278], [-118.681789545151, 34.0407671377601], [-118.681851190542, 34.0407245980581], [-118.681912835881, 34.0406820574194], [-118.681974481154, 34.0406395167453], [-118.681930358515, 34.0405693330519], [-118.681886237038, 34.0404991493485], [-118.681942113072, 34.0404805716781], [-118.681997989079, 34.0404619939797], [-118.682032551768, 34.0404048462199], [-118.68206711552, 34.0403476966558], [-118.682101678109, 34.0402905488678], [-118.682068779869, 34.0402433699362], [-118.682035881669, 34.0401961909927], [-118.681960595985, 34.0402097044099], [-118.681885310289, 34.0402232168757], [-118.68181002347, 34.0402367301804], [-118.681744987966, 34.040219839155], [-118.68167995249, 34.0402029480921], [-118.681630792526, 34.0402423532135], [-118.681581631444, 34.0402817573981], [-118.681532471397, 34.0403211615724], [-118.681476698369, 34.0402802252397], [-118.681420925428, 34.0402392870751], [-118.681378335648, 34.0401915557581], [-118.681335748084, 34.0401438244477], [-118.68129315949, 34.0400960931064], [-118.68123093837, 34.0401155427478], [-118.68116871722, 34.0401349923549], [-118.681106346147, 34.0401308134207], [-118.681043975066, 34.0401266353537], [-118.681061809608, 34.0400417797465], [-118.681079646246, 34.0399569259564], [-118.681139303701, 34.0399444709081], [-118.681198961121, 34.0399320167297], [-118.681258618538, 34.0399195616185], [-118.681311611689, 34.0398765811886], [-118.681364604796, 34.0398335998307], [-118.681417597831, 34.0397906193475], [-118.681407443224, 34.039722537144], [-118.681397287536, 34.0396544558233], [-118.681387132964, 34.0395863736078], [-118.681306045383, 34.0396129337906], [-118.68122495558, 34.0396394938897], [-118.681143867889, 34.0396660539555], [-118.681155501729, 34.0396040031573], [-118.681167135534, 34.0395419532551], [-118.681178770435, 34.0394799015573], [-118.681226715203, 34.039420000449], [-118.681274658815, 34.0393600993041], [-118.681322604535, 34.0393001972587], [-118.6813705491, 34.0392402951767], [-118.681434496576, 34.0391800328975], [-118.681498445037, 34.039119770591], [-118.681562393386, 34.039059509146], [-118.681626340569, 34.0389992467471], [-118.681676227536, 34.0390398489717], [-118.681726114569, 34.0390804502713], [-118.681776001653, 34.0391210515472], [-118.681859503526, 34.039132635949], [-118.681943006505, 34.0391442203021], [-118.681933244443, 34.0392109675569], [-118.681923483417, 34.0392777166213], [-118.681929749654, 34.0393567891368], [-118.681936017016, 34.0394358598547], [-118.681937673305, 34.0395026355569], [-118.681939328515, 34.0395694112416], [-118.681999186865, 34.0396059246327], [-118.682059045241, 34.0396424397937], [-118.682118902605, 34.0396789540078], [-118.682159191923, 34.0397278629625], [-118.682199482388, 34.0397767710115], [-118.682239770723, 34.0398256799199], [-118.682258587648, 34.0398840864427], [-118.682277405713, 34.0399424911685], [-118.682307334394, 34.0400220222058], [-118.682337263136, 34.0401015532283], [-118.682365936498, 34.0401655246948], [-118.682394612057, 34.0402294970761], [-118.682369069852, 34.0403055742724], [-118.682343527613, 34.0403816505552], [-118.682367192391, 34.0404427321951], [-118.682390855071, 34.0405038119982], [-118.682414518855, 34.0405648927062], [-118.682472988883, 34.0406233143101], [-118.682531459012, 34.0406817349788], [-118.682589930326, 34.040740154725], [-118.682648399531, 34.040798576215], [-118.682654503658, 34.040868270265], [-118.68266060778, 34.0409379652106], [-118.682666711928, 34.0410076592492]]], [[[-118.66355564913, 34.0528681238677], [-118.663555513662, 34.0528678716423], [-118.663533484529, 34.052826617057], [-118.663526841753, 34.0528447282615], [-118.663515438701, 34.0528274349162], [-118.663524345472, 34.052808429774], [-118.663538033585, 34.0527902019847], [-118.663553892701, 34.0527756104474], [-118.66353190968, 34.0527664892033], [-118.663519935397, 34.0527504324177], [-118.663522869747, 34.0527243520112], [-118.663536193985, 34.0527387332934], [-118.663527710384, 34.0527191986417], [-118.663506879054, 34.0527110907444], [-118.6634866487, 34.0527018458041], [-118.663458275698, 34.0527018608952], [-118.66343995239, 34.0526856800163], [-118.663433037957, 34.0526676459472], [-118.663411278137, 34.0526564780317], [-118.663391361269, 34.0526479129286], [-118.663384002334, 34.0526304767891], [-118.66337201551, 34.0526252025996], [-118.663361375983, 34.052620520321], [-118.663348699476, 34.0526008381801], [-118.663354366641, 34.0525797628948], [-118.663352998743, 34.0525729057394], [-118.663349804723, 34.0525568897557], [-118.663342532995, 34.0525311737256], [-118.663332634122, 34.0524782328444], [-118.663352857119, 34.0524852220036], [-118.663383472132, 34.0524889945933], [-118.663409172811, 34.0524898659616], [-118.663394774982, 34.0524778594165], [-118.663421573635, 34.0524786291666], [-118.663436977076, 34.0524581937342], [-118.663459481706, 34.0524377956424], [-118.663470557006, 34.0524090131828], [-118.66348242052, 34.0523917647253], [-118.663495187901, 34.0523712289326], [-118.663499300018, 34.05235242267], [-118.663490024756, 34.0523306410236], [-118.663501095399, 34.0523130036993], [-118.663487282077, 34.0522841419762], [-118.663490784203, 34.0522648949002], [-118.663507808568, 34.0522419396546], [-118.663484129025, 34.0522486318444], [-118.663453401747, 34.052269141725], [-118.663434161547, 34.0522889325999], [-118.66340848052, 34.0523004616473], [-118.663386166458, 34.0522822432589], [-118.663363012616, 34.052267877333], [-118.663335206496, 34.0522641728588], [-118.66331796175, 34.0522286461161], [-118.663292321794, 34.0522162028975], [-118.663271063403, 34.0522112526436], [-118.663249126532, 34.0522068993763], [-118.663226942359, 34.0522012864151], [-118.663206934027, 34.0521856600124], [-118.663221391359, 34.0522053387362], [-118.663208909861, 34.0522201871533], [-118.663202087214, 34.0522398983287], [-118.66321350351, 34.0522600453398], [-118.66320341746, 34.0522831189341], [-118.663178322407, 34.0522800088175], [-118.663157161529, 34.0522898255856], [-118.663142921497, 34.0523062951129], [-118.663119229375, 34.0523256820731], [-118.663108013509, 34.0523422952774], [-118.663099326026, 34.05236363533], [-118.663104377305, 34.0523813410257], [-118.663103478709, 34.0523998514105], [-118.66308074238, 34.0524116709905], [-118.663057541954, 34.052419234221], [-118.663038635074, 34.0524319399031], [-118.663015999508, 34.052423875648], [-118.663010903842, 34.0524054662042], [-118.662995542287, 34.0523901819104], [-118.662985123715, 34.0523743813347], [-118.663007939638, 34.0523559469942], [-118.663023241471, 34.0523413850452], [-118.66301062562, 34.0523265693393], [-118.662986024409, 34.0523384247123], [-118.663010860648, 34.0523323890214], [-118.663000439897, 34.0523501511313], [-118.662995634864, 34.0523493031536], [-118.662972345217, 34.0523451918041], [-118.662968065468, 34.0523459475713], [-118.662950774694, 34.0523490073896], [-118.662925960567, 34.0523536098322], [-118.662892843224, 34.0523428106669], [-118.662872322296, 34.0523487401158], [-118.662846400541, 34.0523531185718], [-118.662827050454, 34.0523632116794], [-118.662800952493, 34.0523515248009], [-118.662782548528, 34.0523309116485], [-118.662777924862, 34.0523067070373], [-118.662783616561, 34.0522961443559], [-118.662788425277, 34.0522934510225], [-118.6628098341, 34.0522976422077], [-118.662832778633, 34.0523054333509], [-118.662836267079, 34.0523051560484], [-118.66284785896, 34.0522780557238], [-118.662850358598, 34.0522654937528], [-118.662852158538, 34.0522564423921], [-118.662873965759, 34.0522421741063], [-118.662885155953, 34.0522238178883], [-118.662887870776, 34.0522200992291], [-118.662897067625, 34.0522075049796], [-118.662884980935, 34.0521895282562], [-118.662878850437, 34.0521710128904], [-118.662880902979, 34.0521472472774], [-118.662857698254, 34.0521204867752], [-118.662841873246, 34.052105133003], [-118.662830283643, 34.0520869096673], [-118.662830999918, 34.0520860002783], [-118.662830265798, 34.0520675085877], [-118.662829597916, 34.0520506693493], [-118.66284742026, 34.0520427022363], [-118.662829199407, 34.0520406265979], [-118.662822750251, 34.0520398927439], [-118.662813088314, 34.0520197834121], [-118.662800302896, 34.0519958670476], [-118.662778201752, 34.0519756450389], [-118.662781024495, 34.0519615316511], [-118.662784081676, 34.0519462408608], [-118.662810706666, 34.0519318713673], [-118.662815971763, 34.0519290292212], [-118.662834445212, 34.0519186274013], [-118.662858288052, 34.0519049176415], [-118.662880692525, 34.0519218786139], [-118.662903404261, 34.0519184073135], [-118.662928915171, 34.0519265666559], [-118.662932516896, 34.0519451731507], [-118.662948932465, 34.0519617933378], [-118.662972272225, 34.0519479180718], [-118.662968887391, 34.0519284657474], [-118.662992693335, 34.0519327860143], [-118.663008366333, 34.0519494389489], [-118.663031075339, 34.0519419096271], [-118.663039812504, 34.0519221109354], [-118.663062519484, 34.0519146365792], [-118.663064748612, 34.0518955332422], [-118.663073967189, 34.0518781365692], [-118.663095440608, 34.051895962897], [-118.663120947058, 34.051896202758], [-118.663145246946, 34.051881599438], [-118.663166943425, 34.0518760957524], [-118.663192329857, 34.0518744679401], [-118.663213509515, 34.0518795840779], [-118.66322918772, 34.0518664564015], [-118.663248022649, 34.051854471093], [-118.663273100748, 34.0518364509142], [-118.663302684804, 34.0518272748119], [-118.663329983761, 34.051812246846], [-118.663330774243, 34.0517875819674], [-118.663336858767, 34.051762137147], [-118.663335025577, 34.0517418231069], [-118.663323340977, 34.0517175022864], [-118.663349078707, 34.0517035108301], [-118.663397945786, 34.0517065356296], [-118.663378956181, 34.0517157612477], [-118.663400399953, 34.0517081620089], [-118.663413141646, 34.0516895850204], [-118.663410618142, 34.051671524918], [-118.663389022474, 34.0516594438158], [-118.663362804783, 34.0516641056161], [-118.663341469505, 34.051628533556], [-118.663328729278, 34.0516105762462], [-118.663356222915, 34.0516127624234], [-118.663346181636, 34.0515917651386], [-118.66333035273, 34.051575810934], [-118.663305968359, 34.0515613917752], [-118.663292831224, 34.0515403284022], [-118.663292300859, 34.0515092919488], [-118.663285282993, 34.0514910411568], [-118.663298243193, 34.051475615023], [-118.663297079605, 34.0514568910887], [-118.663295340774, 34.0514343332393], [-118.663264821137, 34.0514188809963], [-118.663231218919, 34.0514054562617], [-118.663207883404, 34.0514156406091], [-118.663180017212, 34.0514494497089], [-118.663151300833, 34.0514750643715], [-118.663149768013, 34.0515026858086], [-118.663153751875, 34.0515216285673], [-118.663132373981, 34.0515535997691], [-118.663110593471, 34.0515783888436], [-118.663085027732, 34.051586449036], [-118.663064968803, 34.0515942132297], [-118.663035086658, 34.0516094136685], [-118.663014321436, 34.05161628332], [-118.662988383624, 34.051617852329], [-118.662961575224, 34.0516594822814], [-118.662930428787, 34.051666122774], [-118.662910141588, 34.0516507274424], [-118.662904345937, 34.0516262620307], [-118.662915266494, 34.0516081505649], [-118.66288920336, 34.0515967237551], [-118.662874503523, 34.0515812668831], [-118.662887860676, 34.0515589141874], [-118.662860496904, 34.0515494501464], [-118.662872715405, 34.0515133639948], [-118.662882970816, 34.0514948065589], [-118.662861015492, 34.051497563676], [-118.662865135499, 34.051479832181], [-118.662865469222, 34.0514596283105], [-118.662856977485, 34.0514421256211], [-118.662844970966, 34.0514157183356], [-118.662834870598, 34.0514023719302], [-118.662837603692, 34.051401472693], [-118.662862718201, 34.0513997741451], [-118.6628955723, 34.0513978301596], [-118.662918525713, 34.051399265332], [-118.662943999408, 34.0513953558252], [-118.662959371499, 34.0513798976341], [-118.662964992677, 34.0513607060813], [-118.662946926746, 34.0513466206596], [-118.662937337939, 34.0513313400884], [-118.662927795203, 34.0513350110594], [-118.662899447221, 34.0513298711218], [-118.662888038222, 34.0513095618591], [-118.662885114399, 34.0512770349509], [-118.66286603944, 34.0512649643994], [-118.66286365409, 34.0512431706916], [-118.662874454879, 34.0512472093951], [-118.662881466596, 34.0512318739544], [-118.662842351505, 34.051230170612], [-118.662890950262, 34.051224145228], [-118.662915127471, 34.0512178583944], [-118.662937192065, 34.051214657174], [-118.662934356893, 34.0511928149111], [-118.662950261998, 34.0512070120119], [-118.662997799282, 34.0512028331601], [-118.663004775535, 34.0511847943876], [-118.663001167589, 34.0511818985685], [-118.66300811308, 34.0511827437235], [-118.662999844196, 34.05116474689], [-118.662971499113, 34.0511681331522], [-118.662970213396, 34.0511405759918], [-118.662980982185, 34.0511238727855], [-118.662962417178, 34.0510993530406], [-118.662968258953, 34.0510747492403], [-118.662995274506, 34.0510585351576], [-118.663002031972, 34.0510345488599], [-118.663004007063, 34.0510136240565], [-118.663015908478, 34.0510143975572], [-118.663025376845, 34.0510028387677], [-118.66303249992, 34.0510064998071], [-118.663044616524, 34.0510127294296], [-118.663085999736, 34.0510339999607], [-118.663169509004, 34.0510438253974], [-118.663173038885, 34.0510434647251], [-118.663182726005, 34.051040923292], [-118.663195950461, 34.0510374532833], [-118.663205081903, 34.0510585670388], [-118.663212584084, 34.0510573712489], [-118.663236819831, 34.0510560644064], [-118.663269455012, 34.0510546929468], [-118.663288919692, 34.0510403709311], [-118.66329329566, 34.0510463996955], [-118.663298977459, 34.0510313605631], [-118.663302546062, 34.0510124090601], [-118.663306346412, 34.0510084876504], [-118.663334011753, 34.0510012291981], [-118.663372999566, 34.0509910003998], [-118.663391999963, 34.0509809995536], [-118.663449000495, 34.0509439999004], [-118.66350599989, 34.0509070002045], [-118.663555282968, 34.0508654183197], [-118.663604564942, 34.0508238345962], [-118.663653847917, 34.050782252665], [-118.663643999692, 34.0507779998161], [-118.663612666669, 34.0506953332386], [-118.663581332629, 34.0506126666322], [-118.663549999737, 34.0505300000225], [-118.66360049959, 34.0504604999141], [-118.663651000438, 34.0503909997907], [-118.663665705528, 34.0503790876582], [-118.663648852834, 34.0503145439204], [-118.663632000167, 34.0502500001755], [-118.663612999947, 34.0501939997582], [-118.663558000143, 34.0501800003798], [-118.663503000373, 34.0501660000733], [-118.663432000142, 34.0501240003205], [-118.663415000519, 34.0500590004111], [-118.663426999871, 34.0500104996435], [-118.663439000276, 34.0499619997862], [-118.663405500504, 34.0499260000285], [-118.663371999679, 34.0498900002469], [-118.663300499612, 34.04985149984], [-118.6632289996, 34.0498130002879], [-118.663174499598, 34.049821499888], [-118.663119999569, 34.0498300003633], [-118.663081000416, 34.0498579998242], [-118.663042000137, 34.0498860001595], [-118.662956999611, 34.0498659999929], [-118.662940000197, 34.0498060001073], [-118.662940999508, 34.0497569997026], [-118.662941999886, 34.0497080002093], [-118.662970000108, 34.0496410004192], [-118.66299749996, 34.0495995002094], [-118.663024999784, 34.0495579999911], [-118.663044629557, 34.0495369839616], [-118.662960314931, 34.0495309923452], [-118.662876000333, 34.049524999765], [-118.662834499475, 34.0494895000258], [-118.662792999739, 34.0494540002829], [-118.662795480309, 34.0494504844239], [-118.662725999908, 34.0494350001302], [-118.66265349979, 34.0493855000903], [-118.662580999762, 34.0493360000016], [-118.662647999592, 34.0492759999904], [-118.662715000404, 34.0492159999485], [-118.662736003238, 34.049179862688], [-118.662737000331, 34.0491310001645], [-118.662726000386, 34.0490689997201], [-118.662715000443, 34.0490070001717], [-118.662704000532, 34.0489449997167], [-118.662722000395, 34.0488673332194], [-118.662740000224, 34.0487896667126], [-118.662758000016, 34.0487120001964], [-118.66278399989, 34.0486520001477], [-118.662809999724, 34.0485920000892], [-118.662819000271, 34.0485475004415], [-118.662827999741, 34.0485029998769], [-118.662843320657, 34.0484734629977], [-118.662809999872, 34.0483979996431], [-118.662804499537, 34.0483280000522], [-118.662799000311, 34.0482579995669], [-118.662868944558, 34.048222272729], [-118.662900556429, 34.0481384179667], [-118.662932167135, 34.0480545640765], [-118.662963777788, 34.0479707092685], [-118.662995389443, 34.0478868553581], [-118.663026999977, 34.0478029996157], [-118.66305698472, 34.0477491823357], [-118.663056000355, 34.047697000324], [-118.663039500057, 34.047612999962], [-118.663022999793, 34.04752899959], [-118.663006025398, 34.0474577049317], [-118.66299600005, 34.0474390004025], [-118.662996999691, 34.0473723326319], [-118.662998000384, 34.047305666672], [-118.662999000007, 34.0472389997931], [-118.663021493328, 34.0472346585891], [-118.663028999565, 34.0471990001883], [-118.663104962848, 34.0471760109458], [-118.663122999753, 34.0471330002886], [-118.663209749608, 34.0471242499224], [-118.66329650051, 34.0471155004043], [-118.663383250326, 34.0471067499058], [-118.663470000108, 34.0470980002425], [-118.663558316318, 34.0471079792615], [-118.663646631468, 34.0471179581991], [-118.663663316302, 34.0470709790925], [-118.663680000033, 34.0470239999683], [-118.663657999471, 34.0469910002735], [-118.66360531535, 34.046990572362], [-118.663552631261, 34.0469901426234], [-118.663534987602, 34.0469900618169], [-118.663519917772, 34.0469881151983], [-118.663455000424, 34.0469800002001], [-118.663393333222, 34.0469526665801], [-118.663331667145, 34.0469253329387], [-118.663270000014, 34.0468980001517], [-118.66319188255, 34.0468583985676], [-118.663113767301, 34.0468187987565], [-118.663035649979, 34.0467791979632], [-118.662981786131, 34.046752001689], [-118.662920090582, 34.0467043712217], [-118.66285839622, 34.0466567389285], [-118.662794930972, 34.0466078263077], [-118.662731464735, 34.0465589127347], [-118.662667999644, 34.046510000038], [-118.662668014644, 34.0465097540842], [-118.662667920566, 34.0465096808535], [-118.662671906508, 34.0464454579883], [-118.662675892458, 34.0463812342171], [-118.662618346322, 34.0463501970849], [-118.662560800231, 34.0463191599225], [-118.662490532959, 34.0462814396288], [-118.662420266822, 34.0462437202044], [-118.662349999684, 34.0462059998209], [-118.662349666724, 34.0461343333026], [-118.662349332681, 34.046062666766], [-118.662348999722, 34.0459910002365], [-118.662289185037, 34.0459694668309], [-118.662229371468, 34.045947933406], [-118.662148795114, 34.0459192202465], [-118.662162248535, 34.0458821368929], [-118.662178624114, 34.0458365688722], [-118.662194999689, 34.0457909999457], [-118.662213999571, 34.0457510002182], [-118.662236422429, 34.0456993607774], [-118.66225808609, 34.0456493109064], [-118.662279749724, 34.0455992610286], [-118.662263634728, 34.0455382902176], [-118.662247519756, 34.0454773194003], [-118.662282954568, 34.0454088092087], [-118.662318390416, 34.0453402981123], [-118.662353825105, 34.0452717878883], [-118.662355631213, 34.0452711843079], [-118.662357999569, 34.0452700004047], [-118.662367150254, 34.0452262849636], [-118.662358999946, 34.0452029998022], [-118.662389999999, 34.045129000069], [-118.662466540878, 34.0451081249883], [-118.6625430828, 34.0450872498684], [-118.662550999836, 34.0450510002972], [-118.662571999967, 34.045002499566], [-118.662593000058, 34.0449539997297], [-118.662611999471, 34.0448940002283], [-118.662684999679, 34.0448460000659], [-118.662762000117, 34.0448239996035], [-118.662818500086, 34.0448339996818], [-118.662875000069, 34.0448439997319], [-118.662888000072, 34.0448890003695], [-118.662901949522, 34.0449559556164], [-118.662959973998, 34.0449399783684], [-118.663017999549, 34.044924000202], [-118.663071887124, 34.0449180133877], [-118.663125774721, 34.0449120247452], [-118.663196886559, 34.0448715131268], [-118.663268000521, 34.0448309996848], [-118.663317000525, 34.0447756671091], [-118.663366000491, 34.0447203327061], [-118.663415000358, 34.0446650000814], [-118.663458499892, 34.0446215000922], [-118.663502000461, 34.044578000097], [-118.663525672664, 34.0445588786524], [-118.663529000411, 34.0445539996006], [-118.663544000534, 34.0444924996562], [-118.66355899955, 34.0444309996929], [-118.663561000088, 34.0443430004193], [-118.663531999581, 34.0442814998499], [-118.663503000187, 34.044220000183], [-118.663503000396, 34.0442174297895], [-118.663433999745, 34.0441912154368], [-118.663365000238, 34.0441650001528], [-118.663365000292, 34.0441429998697], [-118.663296999938, 34.0441330003137], [-118.663275548007, 34.0441254728156], [-118.663228365021, 34.0441669821175], [-118.663181183068, 34.0442084914106], [-118.663133999999, 34.0442499997681], [-118.663064000347, 34.0442489995904], [-118.6629939996, 34.0442480002584], [-118.662949216092, 34.0442302832623], [-118.662940999827, 34.0442300001811], [-118.662935000057, 34.0442350002158], [-118.662852999737, 34.0442720002418], [-118.662798000088, 34.0442979997239], [-118.662790500255, 34.0443539996755], [-118.662783000411, 34.0444099996232], [-118.662738999689, 34.0444550000178], [-118.662694999999, 34.044500000406], [-118.66264199994, 34.0444729997506], [-118.66262500046, 34.0444119995972], [-118.662630499847, 34.04435599961], [-118.662636000309, 34.0442999996317], [-118.662639000346, 34.0442455002657], [-118.662642000395, 34.044190999995], [-118.662651000299, 34.044176999597], [-118.662623999762, 34.0441630002163], [-118.662594500516, 34.0441264996761], [-118.6625650002, 34.0440900000154], [-118.662561049058, 34.0440287680757], [-118.662529922489, 34.0439990724418], [-118.662496000014, 34.0440310001344], [-118.662463000373, 34.0440720004069], [-118.662441499743, 34.0441340000128], [-118.662420000163, 34.0441959996232], [-118.662360000403, 34.0441900000011], [-118.66229999957, 34.0441840003346], [-118.662239999844, 34.0441779997478], [-118.662199000086, 34.0441850003591], [-118.662117500424, 34.0441974999723], [-118.662035999638, 34.0442100004156], [-118.661955000295, 34.0442049998657], [-118.661908999751, 34.0441630004038], [-118.661863000353, 34.0441210000328], [-118.661816999922, 34.0440789996286], [-118.661787000421, 34.0440040001455], [-118.661742000137, 34.0439919997255], [-118.661696999852, 34.043980000189], [-118.661675000423, 34.0439659998387], [-118.66163999977, 34.0440009998102], [-118.661605000168, 34.0440359997823], [-118.661595000036, 34.0440989998979], [-118.66156299977, 34.0441345003143], [-118.661530999491, 34.0441699998188], [-118.661476126118, 34.044227867304], [-118.661488562765, 34.0443134342982], [-118.661501000536, 34.0443990003943], [-118.661490500457, 34.0444695002305], [-118.66148000036, 34.0445400000602], [-118.661495534518, 34.0445948091667], [-118.661516999935, 34.0446350003834], [-118.661528617232, 34.0447115347245], [-118.66153300055, 34.0447269995929], [-118.661564500048, 34.0448015001067], [-118.661595999621, 34.0448759997044], [-118.661545450124, 34.0448431030855], [-118.661532000035, 34.0449190002226], [-118.66151700001, 34.0449969996453], [-118.661497499945, 34.0450704996001], [-118.661477999828, 34.0451440004471], [-118.661447999895, 34.045182999881], [-118.661417999917, 34.0452220002068], [-118.661355000391, 34.0452194998954], [-118.661291999772, 34.0452170004379], [-118.661251000374, 34.0451939998581], [-118.661254499662, 34.0451395001277], [-118.661258000028, 34.0450850004066], [-118.661261000023, 34.0450394997467], [-118.661263999999, 34.0449939999859], [-118.661265000203, 34.0449270002615], [-118.661264000424, 34.0449179997913], [-118.66125200048, 34.0449070001529], [-118.661222999947, 34.0448530001325], [-118.661194000538, 34.0447990001143], [-118.66119249985, 34.0447470002631], [-118.661191000248, 34.0446950004216], [-118.661195000096, 34.0446200001805], [-118.661198999937, 34.044544999933], [-118.661197500142, 34.0444895001558], [-118.661196000349, 34.0444340003751], [-118.661185999584, 34.0443475000076], [-118.661175999924, 34.0442609996437], [-118.661160999831, 34.0441994998318], [-118.661145999761, 34.0441380000137], [-118.661141008796, 34.0440890902727], [-118.661136017851, 34.0440401796274], [-118.661094419661, 34.0439902039278], [-118.661052821523, 34.0439402282102], [-118.661051555935, 34.043933745414], [-118.661050000181, 34.0439270004538], [-118.661029999998, 34.0439180001886], [-118.660966000514, 34.0438639996917], [-118.660944000508, 34.0438120003937], [-118.660921999463, 34.0437600001743], [-118.660918499519, 34.0436929997406], [-118.660914999566, 34.0436260002033], [-118.660924999455, 34.0435610004062], [-118.660921999565, 34.0434840001238], [-118.660909000006, 34.0434394995577], [-118.660896000446, 34.0433949998893], [-118.660915000057, 34.0433300004071], [-118.660927499779, 34.0432710002321], [-118.660939999482, 34.043212000052], [-118.660952499704, 34.0431605001035], [-118.660964999909, 34.0431090001507], [-118.660992499626, 34.0430584996827], [-118.661020000374, 34.0430080001193], [-118.661049903766, 34.0429519290887], [-118.661051999481, 34.0429430001498], [-118.661061720504, 34.0429282564177], [-118.661089000014, 34.0428529995854], [-118.661108500462, 34.0427900002157], [-118.661127999812, 34.0427269999241], [-118.661142999775, 34.0426430003509], [-118.661140000482, 34.0425859997314], [-118.661154000139, 34.0425659995906], [-118.661210499479, 34.0424959997973], [-118.661266999801, 34.0424259999834], [-118.661308999719, 34.0423840004392], [-118.661350999607, 34.0423419999761], [-118.661404500441, 34.0423159997598], [-118.661458000142, 34.0422900004062], [-118.661503999473, 34.0422969999339], [-118.661508999839, 34.042292999791], [-118.661548984477, 34.0422963042649], [-118.661556999632, 34.0422940002587], [-118.661613999643, 34.0422994998676], [-118.661670999646, 34.0423050003494], [-118.661753146462, 34.0423169477614], [-118.661813000479, 34.042251999857], [-118.661858000412, 34.0421930000171], [-118.661903000278, 34.0421340001555], [-118.661917499534, 34.0420865004026], [-118.661931999871, 34.0420389997567], [-118.661973999611, 34.0420124999068], [-118.662016000406, 34.0419860000533], [-118.662053499864, 34.0419539999608], [-118.662091000374, 34.0419219998675], [-118.662128499573, 34.0418895002707], [-118.66216599984, 34.0418569997718], [-118.662210499648, 34.0418114995596], [-118.662255000472, 34.041766000242], [-118.66231900009, 34.0417710002032], [-118.662397999551, 34.0418070004008], [-118.662405038692, 34.0418070001278], [-118.66241806451, 34.0418068528844], [-118.662436000079, 34.0417660001856], [-118.662483500342, 34.0417160001577], [-118.662530999462, 34.0416660000945], [-118.662578500106, 34.0416314999853], [-118.662625999625, 34.0415969998423], [-118.662679667119, 34.0415636666225], [-118.662733333484, 34.0415303333635], [-118.662786999804, 34.041497000078], [-118.662862000054, 34.0414899999465], [-118.662879934653, 34.0415443025893], [-118.662897870328, 34.0415986070417], [-118.662965334526, 34.0415923027402], [-118.663032798682, 34.0415860002015], [-118.663100263941, 34.0415796958327], [-118.663173998066, 34.0416280015592], [-118.66325400008, 34.0416040001903], [-118.66331500013, 34.0415970004256], [-118.663376000184, 34.0415899997268], [-118.663444282413, 34.041630869977], [-118.663512562562, 34.0416717392576], [-118.663580708963, 34.0416391588497], [-118.663648854193, 34.04160658019], [-118.663717000481, 34.0415739996982], [-118.663792500535, 34.041576500255], [-118.663867999526, 34.0415789998476], [-118.66394750037, 34.0415374996668], [-118.664027000033, 34.0414960003173], [-118.664071311834, 34.0414539799719], [-118.664115624686, 34.0414119587186], [-118.664143015465, 34.0413859096954], [-118.664143540462, 34.0413827287691], [-118.664151053518, 34.0413357913953], [-118.66415856876, 34.0412888522411], [-118.664215874025, 34.0412616322033], [-118.664273180349, 34.0412344112472], [-118.664330485536, 34.0412071911501], [-118.664377000194, 34.0411849997132], [-118.664377164518, 34.0411850178687], [-118.664377192917, 34.0411850037765], [-118.664457363682, 34.0411937326919], [-118.664537535517, 34.0412024633662], [-118.6646177074, 34.0412111921812], [-118.6646978793, 34.0412199209397], [-118.664697877104, 34.0412199867293], [-118.664698000355, 34.0412199998949], [-118.66469730691, 34.0412387698684], [-118.664705000343, 34.0412329998019], [-118.664769332861, 34.0412273330004], [-118.664833667521, 34.0412216670894], [-118.664898000021, 34.0412160002152], [-118.664904667446, 34.0412823327667], [-118.664911332687, 34.0413486670904], [-118.664918000136, 34.0414149996314], [-118.664878999791, 34.0414776674324], [-118.664840000497, 34.0415403334256], [-118.664801000044, 34.0416030002899], [-118.664743000451, 34.0416684998431], [-118.664684999664, 34.0417340002508], [-118.664630472804, 34.0417885267639], [-118.664671676787, 34.0418237125625], [-118.664712879709, 34.0418588992336], [-118.664737621847, 34.0418415787705], [-118.664778310785, 34.0418127896438], [-118.664818999709, 34.0417839996002], [-118.664858250446, 34.0417204999115], [-118.664897500038, 34.0416570001921], [-118.664936749581, 34.0415934995533], [-118.664976000129, 34.0415299998107], [-118.665020792781, 34.0414784135719], [-118.665065586441, 34.0414268282265], [-118.665110378991, 34.0413752410452], [-118.665155171467, 34.0413236547447], [-118.665186849138, 34.0412870197818], [-118.665187000025, 34.0412869999123], [-118.665265249847, 34.0412765002919], [-118.665343499664, 34.0412659997162], [-118.665421750527, 34.0412555000007], [-118.665500000286, 34.0412450002186], [-118.665524499514, 34.0411920003205], [-118.665548999792, 34.0411390004268], [-118.665559500333, 34.0410535004282], [-118.665569999768, 34.0409680004079], [-118.665608000257, 34.0409370003467], [-118.665645999633, 34.0409060002592], [-118.665709332537, 34.0408653327003], [-118.665772667511, 34.0408246669325], [-118.665836000269, 34.040784000201], [-118.66590150032, 34.0407809997899], [-118.66596700035, 34.0407780002426], [-118.665965999752, 34.0408320003791], [-118.665994451587, 34.0409058764265], [-118.66602290349, 34.0409797515594], [-118.666077999978, 34.0410110001165], [-118.666162612459, 34.0409819901384], [-118.666217975851, 34.0409627821333], [-118.666255026854, 34.0409327047762], [-118.666258000335, 34.0408999996263], [-118.666270500242, 34.0408339997959], [-118.666283000127, 34.0407679999592], [-118.666332471609, 34.0407685125791], [-118.666381945257, 34.0407690252029], [-118.666426999832, 34.0407049996458], [-118.666483667391, 34.0406849998657], [-118.666540332756, 34.0406650000316], [-118.666597000258, 34.0406450001942], [-118.666633000345, 34.0407229999379], [-118.666650667134, 34.0407856673343], [-118.666668332898, 34.0408483329081], [-118.666685999743, 34.0409110002904], [-118.666695000095, 34.0409580004313], [-118.666704000473, 34.0410049996676], [-118.66666299954, 34.0410170002306], [-118.666671239562, 34.0410505380942], [-118.666692313537, 34.0411357911509], [-118.666713385376, 34.0412210450718], [-118.66673445836, 34.041306298092], [-118.666761287471, 34.0413737013972], [-118.666821307757, 34.0414283833632], [-118.666881329193, 34.0414830662085], [-118.666941349646, 34.0415377481047], [-118.666994267535, 34.0415487428606], [-118.667060000449, 34.0415619999765], [-118.667060222592, 34.0415624425471], [-118.667089148468, 34.0416192947691], [-118.66711807437, 34.0416761478817], [-118.667147000328, 34.041733000082], [-118.667208000494, 34.0417957497929], [-118.667268999659, 34.0418585003556], [-118.667330000019, 34.0419212499926], [-118.667391000476, 34.0419839995926], [-118.667448716741, 34.0420159786178], [-118.667506435233, 34.0420479567365], [-118.667539102545, 34.0420660089713], [-118.667592615807, 34.0420705064154], [-118.66765803694, 34.0420758950551], [-118.667705996252, 34.042078710041], [-118.667753955567, 34.0420815250068], [-118.667838964503, 34.0420864196051], [-118.667923974518, 34.0420913150539], [-118.668008982377, 34.0420962104139], [-118.668093991345, 34.0421011048217], [-118.668179000308, 34.0421060000675], [-118.668250999627, 34.0421363326261], [-118.668323000053, 34.0421666669536], [-118.668394999467, 34.0421970003206], [-118.668441500275, 34.0422100002029], [-118.668488000015, 34.0422230000533], [-118.668545800004, 34.0422670002287], [-118.668603600058, 34.0423110003725], [-118.668661400192, 34.0423549995835], [-118.668719200374, 34.0423989996645], [-118.668776999539, 34.0424429997013], [-118.668790994847, 34.0424643602867], [-118.668796470926, 34.0424723960462], [-118.668862980808, 34.0425282643425], [-118.668929489717, 34.0425841316824], [-118.668995999787, 34.0426399998942], [-118.669049725474, 34.0425932705738], [-118.66910345218, 34.0425465412383], [-118.66915717774, 34.0424998118624], [-118.669210904333, 34.0424530815701], [-118.669211115178, 34.0423918957376], [-118.669211327119, 34.0423307090122], [-118.669211537963, 34.0422695231716], [-118.669208505201, 34.0422333019927], [-118.66920799998, 34.042228000219], [-118.669190662379, 34.042207843902], [-118.669159132948, 34.0421715547967], [-118.669127604628, 34.0421352656939], [-118.669137007479, 34.0421049968895], [-118.669137115018, 34.0421046573495], [-118.66918801891, 34.042069928334], [-118.669238922773, 34.0420351983932], [-118.669301999526, 34.0419919996823], [-118.669371499788, 34.0420294996337], [-118.669441000102, 34.0420670004425], [-118.669510500497, 34.042104500306], [-118.669579999875, 34.0421420001129], [-118.669656907376, 34.0421201615853], [-118.669733813737, 34.042098323894], [-118.669741680523, 34.0420960671682], [-118.669771807653, 34.0420686756871], [-118.669838000239, 34.0420079999177], [-118.669817999985, 34.0419450002439], [-118.669797999779, 34.0418819996607], [-118.669804000325, 34.0417930000997], [-118.669817000418, 34.0417164997241], [-118.66983000047, 34.041640000242], [-118.669819999671, 34.041563499884], [-118.669809999959, 34.0414870004327], [-118.669809666757, 34.0414153327399], [-118.669809333524, 34.0413436668443], [-118.669809000308, 34.0412720000417], [-118.669805000142, 34.0412164998957], [-118.669800999982, 34.0411609997461], [-118.669793000038, 34.0410920004122], [-118.6698440002, 34.0410924996066], [-118.669895000347, 34.0410929996797], [-118.66996749983, 34.0411454996508], [-118.670040000492, 34.0411979995855], [-118.670081000495, 34.04123500043], [-118.670121999468, 34.0412720003441], [-118.670161999729, 34.0413450003485], [-118.670200000075, 34.0414144995911], [-118.670238000473, 34.041483999717], [-118.670230000348, 34.0415060003979], [-118.670257731788, 34.0415891973028], [-118.670273337572, 34.0416353897743], [-118.670269762142, 34.0416912522144], [-118.670266186738, 34.0417471128481], [-118.670261999745, 34.0418159995561], [-118.670325000298, 34.0418619997565], [-118.670387999842, 34.0419079999072], [-118.670451500103, 34.0419589997074], [-118.670515000431, 34.0420100003707], [-118.670518000371, 34.0420925000432], [-118.670521000318, 34.0421749997082], [-118.670520999625, 34.0422140001637], [-118.670517332497, 34.0422820003499], [-118.670513667543, 34.0423499996547], [-118.670510000402, 34.0424179998303], [-118.670461747604, 34.0424523231023], [-118.670413496915, 34.0424866472791], [-118.67045165788, 34.0425557875856], [-118.670481000492, 34.0426079996899], [-118.670480732667, 34.0426084671869], [-118.670502000411, 34.0426470000482], [-118.670586000452, 34.0426709996611], [-118.670670000529, 34.0426950001128], [-118.67075399959, 34.0427189995879], [-118.670837999769, 34.0427429999145], [-118.670888196066, 34.0428092953833], [-118.670938392477, 34.0428755890224], [-118.670988586807, 34.0429418826092], [-118.671038783356, 34.0430081779973], [-118.671088978908, 34.0430744733456], [-118.671139174573, 34.0431407668644], [-118.671189371376, 34.0432070621715], [-118.671239566128, 34.0432733556236], [-118.671289762016, 34.0433396508643], [-118.671339958004, 34.0434059451765], [-118.671416207306, 34.0433978964363], [-118.671492455525, 34.043389846731], [-118.671568703698, 34.0433817987773], [-118.671644951871, 34.0433737498712], [-118.671721201111, 34.0433657009265], [-118.671731994157, 34.0433727355832], [-118.671793191777, 34.0433107860914], [-118.671854391481, 34.0432488356864], [-118.671870000522, 34.0432330002947], [-118.671952375101, 34.0432391503341], [-118.672034749677, 34.0432453012153], [-118.672117125364, 34.0432514511481], [-118.672199499981, 34.0432576010086], [-118.672255552636, 34.043261741777], [-118.672311606395, 34.043265881629], [-118.672348736242, 34.0432340037521], [-118.672373999991, 34.0432119995518], [-118.672374256193, 34.0432120935976], [-118.672425223534, 34.0431683346335], [-118.67247619297, 34.0431245765712], [-118.672527161281, 34.0430808175698], [-118.672570954813, 34.0430598578456], [-118.672614749405, 34.0430388981168], [-118.672669874817, 34.0430124490917], [-118.672725000192, 34.0429860000392], [-118.672773250181, 34.0429372496698], [-118.672821500095, 34.0428885001786], [-118.672869749965, 34.042839749763], [-118.67291799976, 34.0427910002258], [-118.672948000092, 34.0427149997266], [-118.672978000351, 34.0426390001145], [-118.673007999484, 34.0425629995741], [-118.673037999628, 34.0424869999335], [-118.673067999714, 34.0424110002787], [-118.673097999757, 34.0423349997082], [-118.673127999727, 34.0422590000249], [-118.673157999639, 34.0421830003274], [-118.673101945257, 34.0421531109094], [-118.673045890932, 34.0421232205614], [-118.672989835536, 34.0420933319751], [-118.672986690889, 34.0420166431845], [-118.672983547315, 34.0419399553014], [-118.672980401611, 34.0418632655838], [-118.67297725805, 34.0417865776876], [-118.672974113426, 34.0417098888709], [-118.67296246253, 34.0416425774226], [-118.672950811684, 34.0415752641653], [-118.673001394331, 34.0416194178102], [-118.67305197702, 34.0416635723318], [-118.673076650834, 34.0417460476763], [-118.673101325767, 34.041828523922], [-118.673125999669, 34.0419110001422], [-118.673131333501, 34.0418469997558], [-118.673136667309, 34.0417830002661], [-118.67314200004, 34.0417189998575], [-118.673190932739, 34.0416482000977], [-118.673239867531, 34.0415773994353], [-118.67328880007, 34.041506598721], [-118.673337732521, 34.0414357979802], [-118.673316282985, 34.0413495826115], [-118.673294833466, 34.0412633690334], [-118.673273384024, 34.0411771536403], [-118.673252507448, 34.0410935234234], [-118.673231629849, 34.041009892281], [-118.673210754444, 34.0409262620537], [-118.673189876934, 34.0408426308882], [-118.673168999467, 34.0407589997112], [-118.673169276333, 34.0407587018093], [-118.6731692357, 34.0407585417565], [-118.673222910286, 34.0407006473678], [-118.673276584809, 34.0406427520488], [-118.673330259267, 34.0405848557993], [-118.673383933617, 34.0405269613237], [-118.673437607903, 34.0404690659178], [-118.673489685512, 34.0404128531668], [-118.673541765212, 34.0403566404138], [-118.673593842703, 34.0403004258055], [-118.673645922254, 34.0402442129979], [-118.673697999566, 34.0401880001379], [-118.67372220012, 34.0401086003581], [-118.673746399557, 34.0400291996522], [-118.673770600013, 34.0399497998482], [-118.673794800421, 34.0398704000322], [-118.673818999697, 34.0397910001915], [-118.673806999792, 34.0397240001818], [-118.673794999907, 34.0396570001658], [-118.673795007094, 34.0396568947647], [-118.673794964454, 34.0396566607589], [-118.67379895635, 34.039592941184], [-118.673802949337, 34.0395292207157], [-118.673802996394, 34.0395289985733], [-118.673815282064, 34.0394659480725], [-118.673827568813, 34.0394028966772], [-118.673867718523, 34.0393975417955], [-118.673913358569, 34.0393912708111], [-118.67395899969, 34.039384999821], [-118.674026735405, 34.0394156722676], [-118.674072442767, 34.0394362718019], [-118.674118152318, 34.0394568713426], [-118.674164595805, 34.039417477437], [-118.674211041443, 34.0393780817331], [-118.674229651427, 34.0393622520495], [-118.674229688032, 34.0393622650978], [-118.674230000078, 34.0393620000594], [-118.674273727104, 34.0393772778728], [-118.674317454147, 34.0393925556691], [-118.674396099526, 34.0394196998799], [-118.674446911979, 34.0393525150106], [-118.674497724361, 34.0392853292121], [-118.674546049099, 34.0392213520104], [-118.674594374842, 34.0391573747962], [-118.674642700507, 34.039093397557], [-118.674572717388, 34.0390663407938], [-118.674502734331, 34.0390392830854], [-118.674452631901, 34.0389782597745], [-118.674402530616, 34.0389172373514], [-118.674403027897, 34.0389170348745], [-118.674403000318, 34.0389170002934], [-118.674432725903, 34.0389049621735], [-118.674503333468, 34.0388762590182], [-118.674573942079, 34.0388475549294], [-118.674644549542, 34.0388188516848], [-118.674691936706, 34.0388021658245], [-118.674739324947, 34.0387854790554], [-118.674765999777, 34.0387760000967], [-118.6748000004, 34.03872266693], [-118.67483399991, 34.0386693328359], [-118.674868000441, 34.0386159996427], [-118.674915951506, 34.0386302228398], [-118.674985587534, 34.0386506496513], [-118.675031207065, 34.0385755774331], [-118.67507682654, 34.0385005033877], [-118.67515834217, 34.0385036668861], [-118.675239856694, 34.0385068321163], [-118.675321373405, 34.038509996412], [-118.675402887972, 34.0385131597227], [-118.675479000238, 34.0385159995876], [-118.675549230157, 34.0385242742422], [-118.675619461174, 34.038532548866], [-118.675689691122, 34.0385408234338], [-118.675758139455, 34.0385488392243], [-118.675826586734, 34.0385568540596], [-118.675826843433, 34.0385569823641], [-118.675827000174, 34.038557000415], [-118.675850960161, 34.0385689797194], [-118.67588524215, 34.0385860350208], [-118.675947044632, 34.0386324087213], [-118.676008848254, 34.0386787832999], [-118.676067230396, 34.0387225197108], [-118.676125611489, 34.0387662578799], [-118.676183992662, 34.0388099951156], [-118.676194548512, 34.0388030701614], [-118.676251661948, 34.0387655529946], [-118.676308774261, 34.0387280348836], [-118.676365886506, 34.0386905176438], [-118.676422999778, 34.0386530003865], [-118.676482999851, 34.0386459999967], [-118.676506499951, 34.03869406229], [-118.676530000095, 34.0387421236745], [-118.67661777217, 34.0387469447108], [-118.676600154459, 34.0387982581069], [-118.676582536741, 34.0388495705961], [-118.676621358469, 34.0389288027284], [-118.67666018029, 34.0390080339391], [-118.676651956796, 34.0390554904362], [-118.676639000448, 34.0391320003558], [-118.676710763959, 34.0391723531961], [-118.676782527529, 34.0392127068909], [-118.676854291157, 34.03925306144], [-118.676926054889, 34.0392934141393], [-118.676967970636, 34.0393168823639], [-118.676967972177, 34.0393169842604], [-118.676968000075, 34.0393169999114], [-118.676968000305, 34.0393210561226], [-118.676968166331, 34.0393451987583], [-118.676912283475, 34.0394044694543], [-118.676856400551, 34.0394637392177], [-118.6768562986, 34.0394636830369], [-118.676855999778, 34.039463999626], [-118.676805000393, 34.0394359999702], [-118.676737500233, 34.0394269995979], [-118.676670000074, 34.039418000087], [-118.676610142528, 34.0394197613477], [-118.676550285009, 34.0394215207741], [-118.676499887204, 34.0394231430701], [-118.676452915494, 34.0394826072564], [-118.676408975747, 34.0395382316675], [-118.676405942616, 34.0395420723083], [-118.6763845127, 34.0395692024251], [-118.67636909022, 34.0396254133939], [-118.676345339868, 34.0397119766195], [-118.676321589434, 34.039798541635], [-118.6763159425, 34.0398191248806], [-118.676316606889, 34.0398457652648], [-118.67631739968, 34.0398776002389], [-118.676319199609, 34.0399497998141], [-118.676320999527, 34.040022000285], [-118.676302412697, 34.0400857972937], [-118.67629742156, 34.0401029251882], [-118.676291643126, 34.0401227585868], [-118.676291622482, 34.0401235373114], [-118.676289550689, 34.0402030135922], [-118.676287478877, 34.0402824907674], [-118.676302926025, 34.0403580288006], [-118.676318374299, 34.0404335659365], [-118.676333821506, 34.040509103953], [-118.676361597829, 34.0405446559771], [-118.676361399722, 34.0405461998825], [-118.676329962038, 34.0406102478043], [-118.676322408192, 34.0406256374133], [-118.676298524319, 34.0406742948116], [-118.676267086534, 34.0407383427071], [-118.676256999763, 34.0407589996444], [-118.676292999801, 34.0408100002431], [-118.676292974381, 34.0408100306013], [-118.676293192344, 34.0408103378683], [-118.676242854512, 34.0408706390994], [-118.6761925177, 34.0409309394154], [-118.676159259041, 34.0409709696865], [-118.676126000349, 34.0410109999461], [-118.676096127707, 34.0410592748213], [-118.676066257209, 34.0411075488098], [-118.676094500016, 34.0411722426047], [-118.676122743923, 34.0412369382033], [-118.676150986822, 34.041301631975], [-118.676073450096, 34.041266168661], [-118.675995914522, 34.0412307053054], [-118.675963999929, 34.041299000285], [-118.675956212761, 34.0413179591999], [-118.675941380638, 34.0413554718316], [-118.675878556235, 34.0413454750081], [-118.675815731848, 34.0413354781498], [-118.675787427519, 34.0413310667076], [-118.67580877316, 34.0413867132681], [-118.675820999525, 34.04141800044], [-118.675793205705, 34.041475206078], [-118.675795999802, 34.0414780000989], [-118.67578099991, 34.0415530001706], [-118.675759345976, 34.0415762011419], [-118.675824673163, 34.0415981009077], [-118.675890000403, 34.0416199997341], [-118.675936500434, 34.041690999557], [-118.675983000533, 34.0417620002569], [-118.675967873813, 34.0418416618137], [-118.675952749214, 34.0419213242881], [-118.675929473967, 34.0419352850986], [-118.675905992682, 34.0419852795641], [-118.675882512434, 34.042035274936], [-118.675878017494, 34.0420929191271], [-118.675873524714, 34.0421505633395], [-118.675825017238, 34.042221709027], [-118.675776507523, 34.0422928537616], [-118.675727999856, 34.042364000298], [-118.67567966698, 34.0424083332327], [-118.675631332952, 34.0424526670334], [-118.675582999968, 34.0424969999227], [-118.675520000248, 34.0425245001809], [-118.675457000485, 34.0425520004034], [-118.67539399961, 34.0425794996763], [-118.67533099976, 34.0426069998274], [-118.675262499508, 34.0426360002013], [-118.675194000304, 34.0426649996442], [-118.675125499952, 34.0426939999338], [-118.675056999549, 34.0427230001813], [-118.675046667321, 34.042811332789], [-118.675036332874, 34.0428996671649], [-118.675025999517, 34.0429879997411], [-118.6749600005, 34.0430096667494], [-118.674894000379, 34.043031332805], [-118.674828000206, 34.0430529997231], [-118.674758249858, 34.0430565003743], [-118.674688499518, 34.0430600000814], [-118.674618750255, 34.0430634997584], [-118.674548999887, 34.0430670002814], [-118.674516666875, 34.0431193328672], [-118.674484332708, 34.043171667231], [-118.67445199961, 34.0432239997925], [-118.674505000299, 34.0432870003171], [-118.674558000006, 34.0433499998986], [-118.67455699978, 34.043411999581], [-118.674555999537, 34.0434740001606], [-118.674557999789, 34.0435444996518], [-118.67456000003, 34.043615000039], [-118.674614000237, 34.0436829996324], [-118.674695499755, 34.04365899961], [-118.674777000291, 34.0436350004426], [-118.674771500218, 34.0435724995959], [-118.674766000139, 34.043509999646], [-118.674793999874, 34.0434649995997], [-118.674821999561, 34.0434200004456], [-118.674870000283, 34.0433830001732], [-118.674917999877, 34.0433459998664], [-118.674966000494, 34.0433090004519], [-118.675050000276, 34.0432893333855], [-118.675134000001, 34.0432696671582], [-118.6752179997, 34.0432499999672], [-118.675304092303, 34.0432468297592], [-118.675390183831, 34.0432436585722], [-118.675476276405, 34.0432404891355], [-118.67556236792, 34.0432373178183], [-118.675573000091, 34.0431779996253], [-118.67560221855, 34.0431521197509], [-118.675616305811, 34.043139592974], [-118.6756536533, 34.0430592955936], [-118.6756909996, 34.0429789999839], [-118.675727166457, 34.0429096673378], [-118.67576333328, 34.0428403328722], [-118.675799500009, 34.0427710001925], [-118.67583566669, 34.0427016665947], [-118.675871833307, 34.0426323329802], [-118.675907999846, 34.0425630002503], [-118.675995999512, 34.04256800015], [-118.676084000271, 34.0425729999942], [-118.676171999959, 34.0425779997579], [-118.676213608502, 34.0426363357775], [-118.676255217107, 34.0426946717783], [-118.676296825772, 34.0427530077601], [-118.6763384345, 34.042811343723], [-118.676408924408, 34.0427989909074], [-118.676479413211, 34.0427866380353], [-118.676479866875, 34.0427871644186], [-118.676479999606, 34.042787000071], [-118.676520034781, 34.0428337071738], [-118.676528045837, 34.0428429900365], [-118.676609326269, 34.0428246678294], [-118.676690605581, 34.0428063455514], [-118.676771884824, 34.0427880250178], [-118.676853165143, 34.0427697026357], [-118.676934445409, 34.0427513810965], [-118.67701572457, 34.042733058585], [-118.67701578213, 34.0427330493363], [-118.677015999589, 34.0427329995709], [-118.677085500392, 34.0427295000512], [-118.67715500012, 34.042725999575], [-118.677235999781, 34.0426985001178], [-118.677317000484, 34.0426709997134], [-118.677398000032, 34.0426435001393], [-118.677478999539, 34.0426159996054], [-118.677560000057, 34.042588499927], [-118.677641000519, 34.0425610001902], [-118.67772724969, 34.042542874621], [-118.677813499889, 34.0425247499001], [-118.677899750048, 34.0425066251134], [-118.677986000168, 34.0424885002611], [-118.678072250249, 34.0424703753432], [-118.678158500289, 34.0424522503595], [-118.67824475029, 34.0424341253102], [-118.678331000252, 34.0424160001952], [-118.678408000314, 34.0423717499757], [-118.678485001358, 34.0423275006159], [-118.678562001232, 34.0422832511893], [-118.678639002118, 34.0422390008198], [-118.678662370352, 34.042169461028], [-118.678685738543, 34.0420999212261], [-118.678650966214, 34.0420272861528], [-118.678684037, 34.0419576740859], [-118.678717108811, 34.0418880620167], [-118.678750179481, 34.0418184499199], [-118.678766081127, 34.0418202292855], [-118.67878854353, 34.0417352998227], [-118.678811004786, 34.0416503712365], [-118.678833468159, 34.0415654426629], [-118.678855930401, 34.0414805140644], [-118.678878391512, 34.0413955854411], [-118.678900853673, 34.0413106559166], [-118.678937514887, 34.0412718769647], [-118.678970999488, 34.0412360002973], [-118.679033999812, 34.0412647502727], [-118.679097000182, 34.0412935002122], [-118.679159999515, 34.0413222501034], [-118.679222999977, 34.0413509999714], [-118.679297999625, 34.0413460004474], [-118.679373000361, 34.0413409999851], [-118.67944799999, 34.0413360003623], [-118.679517190517, 34.0413756876538], [-118.679586381099, 34.041415375803], [-118.679644752068, 34.0414488185646], [-118.679644720317, 34.0414488389327], [-118.679645000313, 34.0414489999549], [-118.67957049638, 34.0414955077752], [-118.679495993412, 34.0415420173596], [-118.679480154873, 34.041551938598], [-118.67948622431, 34.0415965514066], [-118.679492589715, 34.0416421188085], [-118.679498956194, 34.0416876871216], [-118.679564352304, 34.0416989955984], [-118.679632002969, 34.041707290958], [-118.67969965258, 34.0417155853634], [-118.679767304372, 34.0417238797535], [-118.679850000309, 34.0417340001773], [-118.679915405711, 34.0417323916612], [-118.679971585765, 34.0417309439511], [-118.680021696291, 34.0416696530973], [-118.680071805672, 34.0416083613033], [-118.680121917125, 34.0415470704097], [-118.680172027448, 34.0414857776745], [-118.680240555593, 34.0414544855619], [-118.680296000173, 34.0414290003273], [-118.680360982134, 34.0414630602694], [-118.680425965235, 34.0414971201857], [-118.680441124775, 34.0415049971038], [-118.680475840605, 34.041535623807], [-118.680530381152, 34.0415894676965], [-118.680584919594, 34.0416433124331], [-118.68063946029, 34.041697156264], [-118.680693999978, 34.041751000053], [-118.680761500118, 34.0417984998794], [-118.680829000339, 34.0418459996633], [-118.680877839906, 34.0419042464462], [-118.680926678491, 34.0419624913892], [-118.680964418094, 34.0420073482724], [-118.680963332089, 34.0420759483955], [-118.68096224715, 34.0421445494275], [-118.680961161157, 34.0422131486388], [-118.680881387537, 34.0422526829559], [-118.680801611656, 34.0422922180916], [-118.680721836793, 34.042331752281], [-118.680642062919, 34.0423712873266], [-118.680562287896, 34.0424108214008], [-118.680482513876, 34.0424503554299], [-118.680402738679, 34.0424898902902], [-118.6803229645, 34.0425294242042], [-118.680309631368, 34.0425445766746], [-118.680299110422, 34.0425412460546], [-118.68023873964, 34.0425711640347], [-118.680178369895, 34.0426010819945], [-118.680118000104, 34.0426309999213], [-118.680167872393, 34.0426870771125], [-118.680217744753, 34.0427431542784], [-118.680267617214, 34.0427992296163], [-118.680317488633, 34.0428553067191], [-118.680367362289, 34.0429113838217], [-118.68041723385, 34.0429674608739], [-118.680368710051, 34.043040706169], [-118.680410364547, 34.04309215308], [-118.680452020195, 34.0431435990841], [-118.680451963359, 34.0431439536465], [-118.680452000492, 34.043144000057], [-118.680439499898, 34.0432220002061], [-118.680427000362, 34.0433000003596], [-118.680497480487, 34.0433193100487], [-118.680571772357, 34.0433395158408], [-118.680646063196, 34.0433597206702], [-118.680657820549, 34.0434403116651], [-118.680669578994, 34.0435209035656], [-118.680681337478, 34.0436014945564], [-118.680653126374, 34.0436483877659], [-118.680624915252, 34.0436952800648], [-118.680594957505, 34.043745640315], [-118.680564999735, 34.0437959996532], [-118.680498888306, 34.0437665339019], [-118.680432776941, 34.0437370672098], [-118.680390042329, 34.0437180627388], [-118.68032798722, 34.0436979968241], [-118.680265932157, 34.0436779299737], [-118.680272000075, 34.0436910000996], [-118.680284999592, 34.0437585002037], [-118.680298000213, 34.043826000314], [-118.680289999816, 34.0438789995673], [-118.680282000477, 34.043931999731], [-118.680291499944, 34.043988000242], [-118.680301000523, 34.0440439998598], [-118.680226999626, 34.0440514999786], [-118.680152999797, 34.0440590000617], [-118.680079000074, 34.0440289999895], [-118.680005000407, 34.0439989998682], [-118.679978000527, 34.0439459998], [-118.679922000412, 34.0439140002761], [-118.679866000357, 34.0438819998222], [-118.679810000333, 34.043850000241], [-118.67977199968, 34.0438139998224], [-118.67973400013, 34.0437780003036], [-118.679735000426, 34.0437499999552], [-118.679677000405, 34.0437585002237], [-118.679619000386, 34.0437669995611], [-118.679598500094, 34.043814500307], [-118.679577999792, 34.0438620001453], [-118.679570499986, 34.0439124996779], [-118.679563000154, 34.0439630001086], [-118.679583999981, 34.0440500003353], [-118.679574000303, 34.0441060002351], [-118.679563999528, 34.044162000118], [-118.67950233344, 34.0441613329549], [-118.679440667338, 34.0441606666597], [-118.679379000154, 34.0441600003186], [-118.679315499931, 34.0441744997185], [-118.67925199967, 34.0441889999841], [-118.679188500166, 34.0441919997335], [-118.679124999559, 34.0441950003362], [-118.679158000049, 34.0441334998482], [-118.679191000472, 34.0440720002478], [-118.67921399966, 34.0440149998167], [-118.679264999556, 34.0439480001467], [-118.679275285141, 34.0438823720494], [-118.6792219909, 34.0439011793688], [-118.679250180905, 34.043818975174], [-118.67924471027, 34.0438197348726], [-118.679233189817, 34.0438401328498], [-118.679193619281, 34.0438289578384], [-118.679140000212, 34.0438420002874], [-118.679089999713, 34.0438149997393], [-118.679076999625, 34.0437649999641], [-118.679090213518, 34.0437231560323], [-118.679080889022, 34.0436746143545], [-118.679071564552, 34.043626071772], [-118.679102085439, 34.0435678783352], [-118.679101653747, 34.043565843882], [-118.679107314906, 34.0435579071537], [-118.679144653974, 34.0434867118158], [-118.679181992959, 34.0434155173616], [-118.679111999801, 34.0433669996483], [-118.679031499581, 34.0433304997423], [-118.678951000518, 34.0432939997905], [-118.678892000047, 34.0432935002465], [-118.678832999592, 34.0432929997706], [-118.678752000499, 34.0432919997366], [-118.678671000325, 34.0432909996324], [-118.678620000116, 34.0433280000475], [-118.678560999804, 34.0433759997051], [-118.678497500293, 34.0434225000971], [-118.678433999624, 34.0434690004386], [-118.678480667059, 34.0435216674407], [-118.678527333503, 34.0435743326052], [-118.678573999979, 34.0436269995504], [-118.678573936339, 34.0436270483987], [-118.678510959482, 34.0436734376468], [-118.678447982536, 34.0437198277591], [-118.678447000233, 34.0437659995645], [-118.678403500118, 34.0438044996633], [-118.678359999961, 34.0438429997439], [-118.67829033306, 34.0438443334378], [-118.678220667239, 34.0438456671015], [-118.678151000349, 34.0438469998087], [-118.678073499649, 34.0438429997894], [-118.677996000041, 34.0438389997298], [-118.67801599984, 34.0438759999221], [-118.677979999516, 34.0439339996296], [-118.677939999779, 34.0439650003043], [-118.678002999599, 34.0440159998115], [-118.678059999568, 34.0440356666189], [-118.678116999564, 34.0440553333975], [-118.678173999589, 34.044075000147], [-118.678221500045, 34.0440869996188], [-118.6782690005, 34.0440989999719], [-118.678336332515, 34.0441060004019], [-118.678403666723, 34.0441129999157], [-118.678470999845, 34.0441200002785], [-118.67843900036, 34.0441790004016], [-118.678368499511, 34.0441915003937], [-118.678297999722, 34.0442040003546], [-118.67823249959, 34.044199499593], [-118.678167000534, 34.0441949997076], [-118.678094999465, 34.0441999999482], [-118.678022999471, 34.0442050001557], [-118.677957500274, 34.0442040000628], [-118.677891999997, 34.0442029999195], [-118.677832999712, 34.0442040000584], [-118.677794500222, 34.0442355004338], [-118.677755999635, 34.044266999881], [-118.677678500275, 34.0442925000519], [-118.677600999782, 34.0443180001568], [-118.677634999729, 34.0443559996105], [-118.677634970606, 34.0443560569732], [-118.677635046119, 34.0443561398932], [-118.677613118927, 34.0443991239393], [-118.677572558643, 34.0444790617609], [-118.677532000442, 34.0445589995862], [-118.677451999509, 34.0445859996231], [-118.677379999805, 34.0445864996704], [-118.677308000101, 34.0445869996721], [-118.677292000477, 34.0446509996741], [-118.67732300017, 34.0447119995968], [-118.677321499541, 34.0447855001711], [-118.677320000006, 34.0448589998506], [-118.677310999511, 34.0448769998437], [-118.677255999978, 34.0449029999295], [-118.677260999596, 34.0448949997207], [-118.677210999906, 34.0449020003696], [-118.677161000222, 34.0449090000951], [-118.677130999538, 34.044859999981], [-118.677118000356, 34.0447809999889], [-118.677066806959, 34.0447332863728], [-118.677015613639, 34.0446855718297], [-118.676972306684, 34.0447372861779], [-118.676928999687, 34.0447889996053], [-118.676865000221, 34.0448419998955], [-118.676800999587, 34.0448950001342], [-118.676736999949, 34.0449480003463], [-118.676671999633, 34.0449839996243], [-118.676686499826, 34.0450440001854], [-118.676701000057, 34.0451039998392], [-118.676670250319, 34.0451714995593], [-118.676639500513, 34.0452390001674], [-118.676608749587, 34.0453064998483], [-118.676577999676, 34.0453740004299], [-118.676563063296, 34.0453779831308], [-118.676571000149, 34.0453949997036], [-118.67661000018, 34.0454180003295], [-118.676649000249, 34.0454410000403], [-118.676679999482, 34.0455014997083], [-118.67671099983, 34.0455620002779], [-118.676667000379, 34.045627000129], [-118.676633999834, 34.0456329998413], [-118.676659000414, 34.045669999703], [-118.676692999485, 34.0457409996737], [-118.6767269997, 34.0458119996413], [-118.676726000442, 34.0458939996754], [-118.676742500041, 34.0459650000539], [-118.676758999671, 34.0460360004245], [-118.676726499847, 34.0460794997134], [-118.676693999971, 34.0461229998924], [-118.676606757149, 34.0461233331827], [-118.676519514325, 34.0461236664062], [-118.676432271516, 34.0461239986615], [-118.676448806229, 34.0461950238177], [-118.67646534207, 34.0462660480772], [-118.676481877926, 34.0463370732301], [-118.676498412728, 34.0464080983625], [-118.676532130627, 34.046475077645], [-118.67656584965, 34.0465420578267], [-118.676599567648, 34.0466090379808], [-118.676633286786, 34.0466760181327], [-118.676667004899, 34.046742998257], [-118.676715890591, 34.0468058567892], [-118.676764777415, 34.0468687171114], [-118.676813663263, 34.0469315755929], [-118.676891923643, 34.0469183543921], [-118.676970186177, 34.0469051322611], [-118.677048447602, 34.0468919100636], [-118.677126709, 34.0468786878121], [-118.67719404355, 34.0468993711636], [-118.677261379233, 34.0469200535861], [-118.677328712785, 34.0469407359431], [-118.677396048524, 34.0469614191863], [-118.677410979122, 34.0469660039557], [-118.677340652539, 34.0470146692], [-118.677270325854, 34.0470633352996], [-118.677200000196, 34.0471119995631], [-118.677144362459, 34.0471147216551], [-118.677088723651, 34.0471174428059], [-118.677039744076, 34.0471548021512], [-118.676990763388, 34.0471921605599], [-118.676955171258, 34.047158946125], [-118.676919580257, 34.047125730789], [-118.676832185237, 34.0471301006391], [-118.676866832682, 34.0471839267045], [-118.676900221572, 34.0472356176379], [-118.676933610507, 34.0472873085585], [-118.676966999469, 34.0473390003678], [-118.676954615941, 34.0474160392056], [-118.676942231321, 34.0474930771217], [-118.676929846661, 34.0475701159312], [-118.676919701679, 34.0476339961634], [-118.676909557749, 34.0476978773043], [-118.676899412749, 34.0477617566245], [-118.676965099539, 34.0478199641891], [-118.677030786442, 34.0478781708108], [-118.677096472343, 34.0479363782797], [-118.677162159439, 34.0479945848182], [-118.677250473465, 34.0479786771524], [-118.677338788538, 34.0479627694304], [-118.677427104689, 34.0479468598494], [-118.677515419691, 34.04793095199], [-118.677603734658, 34.0479150440617], [-118.677692049589, 34.0478991360647], [-118.677780364484, 34.0478832279989], [-118.677868680427, 34.047867319877], [-118.677956996349, 34.0478514107849], [-118.678045311122, 34.0478355034143], [-118.678133625875, 34.0478195950736], [-118.67819016413, 34.0477824122611], [-118.678246702331, 34.0477452294191], [-118.678303240509, 34.0477080447447], [-118.678359777521, 34.0476708618309], [-118.678410225134, 34.0476375390845], [-118.678460672705, 34.0476042163145], [-118.678403563493, 34.0475571533905], [-118.678346455417, 34.0475100913495], [-118.678289346342, 34.0474630283634], [-118.678254080917, 34.0474340672513], [-118.678177953008, 34.047431578998], [-118.678101824005, 34.0474290915827], [-118.678025696091, 34.0474266041291], [-118.677949568196, 34.0474241157231], [-118.677873439193, 34.0474216290566], [-118.677797311293, 34.0474191414503], [-118.677797626357, 34.0474190206908], [-118.677796999541, 34.0474189998908], [-118.677866308688, 34.0473925968117], [-118.677935617803, 34.0473661927882], [-118.677992206689, 34.0473445294044], [-118.678048796641, 34.0473228651031], [-118.678098717855, 34.0472623792209], [-118.678148638978, 34.0472018942142], [-118.678198560039, 34.0471414082801], [-118.67822083958, 34.0470801967416], [-118.678243121253, 34.0470189852197], [-118.678261560827, 34.0469679926032], [-118.678280000376, 34.0469169999809], [-118.678280558394, 34.046916471824], [-118.678315338703, 34.0468575916297], [-118.678350120027, 34.046798712335], [-118.678287559927, 34.0467803561328], [-118.678224999857, 34.0467619998958], [-118.678225044012, 34.0467616271572], [-118.678224691543, 34.0467615238938], [-118.678233301649, 34.046689491698], [-118.67824191389, 34.0466174604223], [-118.6782419465, 34.0466174535881], [-118.678241999594, 34.0466169998117], [-118.678328414808, 34.0466015687425], [-118.678267999939, 34.0465569998482], [-118.678283749797, 34.046486999687], [-118.678299499611, 34.0464170004196], [-118.678315250495, 34.0463470002559], [-118.678331000268, 34.0462770000721], [-118.678375999759, 34.046210500204], [-118.678421000257, 34.0461440003258], [-118.678490250152, 34.0461602495812], [-118.67855950006, 34.0461764996957], [-118.678628749996, 34.0461927497677], [-118.678697999961, 34.0462089997974], [-118.678759183836, 34.0462469066633], [-118.678820367739, 34.0462848152975], [-118.678881551731, 34.0463227220946], [-118.678931410786, 34.046257655986], [-118.678981269744, 34.0461925907523], [-118.679031128634, 34.0461275245908], [-118.67908098851, 34.0460624593167], [-118.679130847221, 34.0459973940036], [-118.679180704782, 34.0459323277501], [-118.679230564397, 34.0458672632981], [-118.679280422876, 34.0458021970042], [-118.679330282356, 34.0457371306965], [-118.679380140641, 34.0456720661525], [-118.679429999956, 34.0456069997918], [-118.679467710354, 34.0455361802538], [-118.679505419616, 34.045465359784], [-118.679543130976, 34.0453945393214], [-118.679580841186, 34.0453237188281], [-118.679618551313, 34.0452528992183], [-118.679636320567, 34.0451886138335], [-118.679654091943, 34.0451243293679], [-118.679675999697, 34.0450439997501], [-118.67970715448, 34.0450081960665], [-118.67975837388, 34.0449488711862], [-118.679809594301, 34.0448895453902], [-118.679873924188, 34.0448305969108], [-118.679908848471, 34.0447981411266], [-118.679875987558, 34.0447463010952], [-118.679843127786, 34.0446944601625], [-118.67984324598, 34.0446943876034], [-118.679843000095, 34.0446939997811], [-118.679915333459, 34.0446496665964], [-118.679987666741, 34.0446053333637], [-118.680059999943, 34.0445610000828], [-118.680096288033, 34.0445311151012], [-118.680161631766, 34.0444766031191], [-118.680247092433, 34.0444946376941], [-118.680332552041, 34.0445126730935], [-118.680378119648, 34.0445021982507], [-118.680423688357, 34.0444917215993], [-118.680492461707, 34.044472732431], [-118.680561236123, 34.0444537423318], [-118.680630010505, 34.0444347521907], [-118.680698784854, 34.0444157620077], [-118.680772649068, 34.0443952692116], [-118.680846513244, 34.0443747763672], [-118.680920377396, 34.0443542825731], [-118.680979187551, 34.0443236420738], [-118.681037999856, 34.0442929997654], [-118.681124000421, 34.0442774995612], [-118.681210000937, 34.0442620001932], [-118.681294999827, 34.0442855002952], [-118.68137999985, 34.0443090003457], [-118.681406000144, 34.0443709997122], [-118.681432000464, 34.04443299997], [-118.68136633291, 34.0444839999965], [-118.681300667438, 34.0445350000073], [-118.681234999715, 34.0445859999524], [-118.681151791471, 34.0446098432841], [-118.681144999708, 34.0446819996666], [-118.681177000427, 34.0447373328828], [-118.681209000093, 34.0447926669755], [-118.68124099982, 34.0448480001544], [-118.681215499966, 34.0448860001526], [-118.681190000087, 34.0449240001434], [-118.681133499684, 34.0449380000846], [-118.681077000343, 34.0449520000101], [-118.680991999716, 34.0449655003447], [-118.680907000157, 34.0449789997268], [-118.680850000285, 34.0449999998738], [-118.680793000383, 34.0450209999917], [-118.68073600045, 34.0450420000807], [-118.680682999624, 34.0450650001757], [-118.68062999985, 34.0450880002579], [-118.680555999948, 34.0451360002026], [-118.680481999956, 34.0451840000966], [-118.680407999874, 34.04523199994], [-118.680382007525, 34.0452634062365], [-118.680351083901, 34.0453285355524], [-118.680320159127, 34.0453936657441], [-118.680323211512, 34.0454257222999], [-118.680330105878, 34.0454958607564], [-118.680337000241, 34.0455660001085], [-118.680419500171, 34.0455374997618], [-118.680502000026, 34.0455090002559], [-118.68056600028, 34.0455280003534], [-118.680567999959, 34.0456099999804], [-118.680569999643, 34.0456919996], [-118.68059499951, 34.0457549999369], [-118.680620000499, 34.0458180002766], [-118.680645000461, 34.0458809996925], [-118.68066500042, 34.0459420000935], [-118.680685000425, 34.0460029995854], [-118.680705000447, 34.0460639999712], [-118.680706999626, 34.0461290003847], [-118.680753708909, 34.0461352276385], [-118.680800418184, 34.0461414557745], [-118.680858649091, 34.0461489812645], [-118.680916878957, 34.0461565049093], [-118.680997510418, 34.0461483111809], [-118.68107814078, 34.0461401173829], [-118.681158772193, 34.0461319244417], [-118.681239402536, 34.0461237296279], [-118.681320033931, 34.046115535671], [-118.68139570949, 34.0461077503957], [-118.681407371802, 34.0461013417967], [-118.681457349545, 34.0461154466773], [-118.681544278634, 34.0461289578035], [-118.68163120885, 34.0461424679743], [-118.681718140164, 34.0461559789924], [-118.68180507044, 34.0461694890301], [-118.681891999647, 34.0461829998901], [-118.681962801198, 34.0461892070383], [-118.682033600579, 34.0461954150187], [-118.682104402152, 34.0462016220787], [-118.682180921437, 34.0462082387493], [-118.682257439636, 34.0462148562573], [-118.682324999657, 34.0462033350203], [-118.68239255856, 34.046191814632], [-118.682460118526, 34.0461802942159], [-118.682527678488, 34.0461687728583], [-118.682599328483, 34.0461565369397], [-118.682670978471, 34.0461443000744], [-118.682742628422, 34.0461320640654], [-118.682781250147, 34.0460899970784], [-118.682819871847, 34.046047929175], [-118.682793935498, 34.0460209327594], [-118.682736747911, 34.0459615456361], [-118.682679561464, 34.0459021602955], [-118.682622374049, 34.0458427731071], [-118.682565186706, 34.0457833867875], [-118.682508000547, 34.0457239995464], [-118.682488799633, 34.0456461997855], [-118.68246959984, 34.0455684000273], [-118.682450400084, 34.0454906002592], [-118.682431200382, 34.0454127995798], [-118.682411999619, 34.0453349997795], [-118.682433500106, 34.0452595001086], [-118.682454999469, 34.0451840004148], [-118.682406999806, 34.0451605000973], [-118.682359000171, 34.045136999759], [-118.682323999964, 34.0451040002506], [-118.682288999802, 34.0450709998288], [-118.68221450021, 34.045079000351], [-118.682139999535, 34.0450869999103], [-118.682124999811, 34.0451400002616], [-118.682081667316, 34.0452160000787], [-118.682038332572, 34.0452919998479], [-118.68199499991, 34.0453679996193], [-118.681938000512, 34.045350000045], [-118.681956999783, 34.0452854995614], [-118.681976000091, 34.045220999984], [-118.681966333065, 34.0451613328691], [-118.681956667121, 34.0451016666635], [-118.681947000109, 34.0450420004405], [-118.681924999646, 34.0450480000549], [-118.681866000182, 34.045000999807], [-118.681865500078, 34.0449150001053], [-118.681864999975, 34.0448290003956], [-118.681904999995, 34.0447605001226], [-118.681944999946, 34.0446919998305], [-118.6819735001, 34.0446459995578], [-118.682002000206, 34.044600000177], [-118.681991499479, 34.0445349995796], [-118.681980999838, 34.0444699998905], [-118.68198200034, 34.0443970001769], [-118.682024610026, 34.044326771963], [-118.681995407116, 34.0442605154086], [-118.681966203203, 34.0441942570266], [-118.681937000391, 34.0441280004477], [-118.681983999946, 34.0440710004478], [-118.682031000516, 34.0440140004374], [-118.682031250557, 34.0440136859765], [-118.681979521113, 34.0439699704443], [-118.681927791741, 34.043926253985], [-118.681917860857, 34.0438408942501], [-118.681907931092, 34.0437555336176], [-118.681993652006, 34.0437542662907], [-118.682079371865, 34.0437529970841], [-118.682165092789, 34.0437517287268], [-118.68225081371, 34.0437504603051], [-118.682326907093, 34.0437492300961], [-118.682403000474, 34.0437479998364], [-118.682451714836, 34.0437490781872], [-118.682451999917, 34.0437490003434], [-118.682522000459, 34.0437326666599], [-118.682591999888, 34.0437163329205], [-118.682662000356, 34.0437000000518], [-118.682740000292, 34.0436800000926], [-118.682820333014, 34.0436556670422], [-118.682900666784, 34.0436313330457], [-118.682981000489, 34.0436069998933], [-118.683048999594, 34.0436104999316], [-118.683116999789, 34.0436139999418], [-118.68318450012, 34.0436334997923], [-118.683252000485, 34.0436529996023], [-118.683191500343, 34.0436889996367], [-118.683131000146, 34.0437249996375], [-118.683130814153, 34.0437251110854], [-118.683157216147, 34.0437710279234], [-118.683183619255, 34.0438169447655], [-118.683216999699, 34.0438140002827], [-118.683277000076, 34.0438309998449], [-118.683337000464, 34.0438480002767], [-118.68339699981, 34.0438649997625], [-118.683454999886, 34.043889000274], [-118.683513000013, 34.0439129998539], [-118.683571000159, 34.043937000305], [-118.683618000151, 34.0440129999218], [-118.683665000217, 34.0440890004143], [-118.683635000343, 34.0441504998863], [-118.683605000408, 34.0442120002478], [-118.68354140547, 34.0442715029805], [-118.68347781152, 34.0443310056865], [-118.683492406478, 34.0443940032934], [-118.683507000391, 34.0444569999802], [-118.683544999693, 34.0444895000795], [-118.683583000108, 34.0445220001775], [-118.683526000477, 34.0445684999806], [-118.683468999696, 34.0446149997403], [-118.683419860291, 34.0446458560768], [-118.683436430501, 34.0447219276852], [-118.683452999646, 34.0447980001737], [-118.683473000201, 34.0448843325566], [-118.683492999688, 34.044970666718], [-118.683513000316, 34.0450569999789], [-118.683523688344, 34.0450725476379], [-118.68356100036, 34.0450789996161], [-118.683567944068, 34.0451362874133], [-118.683589000319, 34.045164999768], [-118.683669500245, 34.0451850002426], [-118.683750000227, 34.0452049997584], [-118.683713499745, 34.045274500348], [-118.683677000296, 34.0453440000317], [-118.683621333377, 34.0453920001402], [-118.683565667473, 34.0454400002316], [-118.683510000418, 34.0454880002807], [-118.683558023566, 34.0455553772447], [-118.683577042256, 34.0455817021122], [-118.683623272548, 34.0456467620123], [-118.683669504015, 34.0457118210001], [-118.683711251949, 34.045770410753], [-118.68375299996, 34.0458289995855], [-118.683764749506, 34.0458851401619], [-118.683771187952, 34.045915198168], [-118.683767691534, 34.0459932492744], [-118.683764192927, 34.0460713012504], [-118.683760696495, 34.0461493523432], [-118.683757198972, 34.0462274034167], [-118.683729217849, 34.0462659531445], [-118.683701237797, 34.0463045019749], [-118.683728999537, 34.0463630003642], [-118.683734999867, 34.0464189996379], [-118.68374100019, 34.0464749998091], [-118.683733000226, 34.0465416669633], [-118.683725000264, 34.0466083332108], [-118.683717000273, 34.0466750003541], [-118.683695000231, 34.0467154998569], [-118.683673000151, 34.0467560002549], [-118.683601999509, 34.0467749998277], [-118.683530999884, 34.0467940011711], [-118.683460000256, 34.0468130006671], [-118.683400499849, 34.0468004995952], [-118.683341000513, 34.0467880003073], [-118.683268000048, 34.0467753331868], [-118.683194999591, 34.0467626669208], [-118.683122000256, 34.0467499997189], [-118.683040399524, 34.0467395996416], [-118.682958799881, 34.0467292004196], [-118.682877200275, 34.0467188002376], [-118.682795599607, 34.0467083999846], [-118.682714000044, 34.0466979996855], [-118.682645333062, 34.0467130001363], [-118.682576667152, 34.0467279996565], [-118.682508000118, 34.046743000024], [-118.682430332755, 34.0467440003061], [-118.682352666488, 34.0467449996464], [-118.682275000204, 34.046745999835], [-118.682197250065, 34.0467479997455], [-118.682119499922, 34.0467499996029], [-118.682041749759, 34.0467520003086], [-118.681963999608, 34.0467540000599], [-118.6818964997, 34.0467769996909], [-118.681828999737, 34.0468000001828], [-118.681807000303, 34.0468759996309], [-118.681795500447, 34.0469405002269], [-118.681783999503, 34.0470049999032], [-118.681713333373, 34.0470039999008], [-118.681642667245, 34.0470029998546], [-118.681572000035, 34.047001999752], [-118.681484999702, 34.0469913332071], [-118.681398000476, 34.0469806666083], [-118.68131100019, 34.0469699999303], [-118.681226333394, 34.0469633334313], [-118.681141666614, 34.0469566668693], [-118.681056999847, 34.0469500002444], [-118.680984749712, 34.0469447503692], [-118.680912499602, 34.0469394995468], [-118.680840249487, 34.04693424958], [-118.680768000464, 34.0469289995797], [-118.680709667349, 34.0469006672946], [-118.680651333222, 34.0468723331634], [-118.680593000206, 34.0468439999153], [-118.680521399665, 34.0468173999266], [-118.680449800255, 34.0467907999046], [-118.680378199811, 34.0467641998242], [-118.680306600497, 34.0467375997107], [-118.680235000134, 34.0467110004402], [-118.680154000361, 34.04669675013], [-118.680072999533, 34.0466824997494], [-118.679991999803, 34.046668250225], [-118.679911000117, 34.0466539997413], [-118.679833999852, 34.0466222500549], [-118.679756999649, 34.0465905003153], [-118.679679999522, 34.0465587496213], [-118.679603000526, 34.046526999788], [-118.679531404152, 34.0465042651521], [-118.679459807849, 34.0464815286678], [-118.679388210474, 34.0464587939282], [-118.679316615321, 34.0464360582667], [-118.679245019112, 34.0464133234486], [-118.679242999794, 34.0464179999311], [-118.67926299623, 34.0464846551761], [-118.6792829927, 34.0465513104128], [-118.679302990316, 34.0466179638508], [-118.67932298577, 34.0466846190581], [-118.679344651802, 34.046756499306], [-118.679366316821, 34.0468283777288], [-118.679387981849, 34.0469002579446], [-118.679409647999, 34.0469721381632], [-118.679431313136, 34.0470440165567], [-118.679452979365, 34.0471158967557], [-118.679454067522, 34.0471156641443], [-118.679533439097, 34.0471396528778], [-118.679612811818, 34.0471636406664], [-118.679692183474, 34.0471876301895], [-118.67977155736, 34.0472116187802], [-118.679850929112, 34.0472356081914], [-118.679930302027, 34.0472595957563], [-118.680009673876, 34.0472835850555], [-118.680063127813, 34.0473212104426], [-118.6801165829, 34.0473588349141], [-118.680189265595, 34.047409867646], [-118.680261950536, 34.0474609012553], [-118.680334633419, 34.0475119338888], [-118.680407317465, 34.047562967387], [-118.680480000536, 34.047613999922], [-118.68055350002, 34.047650999891], [-118.680626999573, 34.047687999811], [-118.680700500277, 34.0477249996946], [-118.680773999953, 34.0477620004182], [-118.680756399954, 34.0478385996107], [-118.680738799907, 34.0479151996955], [-118.680721199825, 34.0479917997711], [-118.680703599709, 34.0480683998375], [-118.680685999559, 34.0481449998948], [-118.680736907247, 34.0482191982975], [-118.680787815032, 34.0482933966715], [-118.680838721829, 34.048367595004], [-118.680918300535, 34.0483612797262], [-118.680997878131, 34.0483549652816], [-118.681077455713, 34.0483486507812], [-118.681157034366, 34.0483423362378], [-118.681236611938, 34.0483360207248], [-118.681316189482, 34.0483297060576], [-118.681358284059, 34.0482646672505], [-118.681400378551, 34.0481996293245], [-118.681442473004, 34.0481345895756], [-118.681477877782, 34.0480797800257], [-118.681513283578, 34.0480249713754], [-118.681548689356, 34.0479701609081], [-118.681548882924, 34.0479701802786], [-118.681548999664, 34.0479700004142], [-118.681622198809, 34.0479772452564], [-118.681695397967, 34.0479844900515], [-118.681768597139, 34.0479917347995], [-118.681841796309, 34.0479989804019], [-118.68189373432, 34.0479505414224], [-118.681945672297, 34.0479021006139], [-118.681993335934, 34.0478575510854], [-118.682040999547, 34.047812999732], [-118.682041174508, 34.0478130306068], [-118.682041437496, 34.0478127848163], [-118.682090930978, 34.0478218421903], [-118.682137000369, 34.047829999826], [-118.682188999858, 34.0477764999981], [-118.68224100036, 34.047723000156], [-118.682301500457, 34.0477584998347], [-118.68236199951, 34.0477940003687], [-118.682433000273, 34.0478087996689], [-118.682503999964, 34.0478235998134], [-118.682574999682, 34.0478383999134], [-118.682646000509, 34.0478531999815], [-118.68271700028, 34.0478679999925], [-118.682798333424, 34.0478639999968], [-118.68287966656, 34.047859999943], [-118.682960999687, 34.047855999831], [-118.68303300027, 34.0478490004162], [-118.683104999772, 34.0478420000419], [-118.683177000345, 34.0478349996345], [-118.683243499861, 34.0477850000788], [-118.683310000391, 34.0477349995927], [-118.683343500511, 34.0476884997564], [-118.683376999509, 34.0476419998954], [-118.683448999942, 34.0476719997869], [-118.68352100043, 34.0477019996319], [-118.683592999875, 34.0477320003193], [-118.683665000472, 34.0477620000713], [-118.683739999751, 34.0477736667284], [-118.683815000136, 34.0477853333486], [-118.683890000542, 34.0477969999193], [-118.683958667076, 34.0477896665818], [-118.684027332514, 34.0477823331904], [-118.684096000105, 34.0477749997826], [-118.684174000055, 34.0477786669235], [-118.684252000028, 34.0477823331097], [-118.684329999992, 34.0477860001439], [-118.684388026758, 34.0478252855777], [-118.684446053582, 34.0478645709802], [-118.684505000335, 34.0478849998084], [-118.684506961494, 34.0478899026605], [-118.684592889415, 34.0478643320848], [-118.684678818378, 34.0478387605547], [-118.684764746188, 34.0478131898479], [-118.684850675025, 34.0477876190881], [-118.68493086349, 34.0477987994255], [-118.685011054158, 34.04780997883], [-118.685073026735, 34.0478184901768], [-118.685135000437, 34.0478269996997], [-118.685153768297, 34.0478222883709], [-118.685214884399, 34.047765644067], [-118.685276000413, 34.0477089997269], [-118.685331999987, 34.0476635001148], [-118.685387999512, 34.0476179995715], [-118.685469549739, 34.0475874191675], [-118.68545900051, 34.0475409999547], [-118.685474500304, 34.0474595001302], [-118.685490000067, 34.0473780002963], [-118.685542000151, 34.0473549999956], [-118.685594000205, 34.0473319996705], [-118.685673499987, 34.0473330000238], [-118.685752999772, 34.0473340003215], [-118.685835924491, 34.0473475583931], [-118.685865961622, 34.0472722793816], [-118.68589599978, 34.0471970003684], [-118.685908499609, 34.0471184996349], [-118.685921000482, 34.0470399998071], [-118.685960601351, 34.047027129661], [-118.685959999762, 34.0470200003077], [-118.685996250071, 34.0469554999794], [-118.68603250032, 34.046890999635], [-118.686068750496, 34.0468265001758], [-118.686104999544, 34.0467619997867], [-118.686114199663, 34.0466987263411], [-118.686123399783, 34.046635451989], [-118.686112000201, 34.0466059995757], [-118.68604049959, 34.0465560003219], [-118.685969000167, 34.0465060001317], [-118.685917000204, 34.0464369997504], [-118.685903000213, 34.0463889999221], [-118.685894374415, 34.0463872748671], [-118.685839683219, 34.0463793275916], [-118.685860096813, 34.0463060173946], [-118.685880511483, 34.0462327053977], [-118.685896256519, 34.0461758527096], [-118.685912000449, 34.0461190000033], [-118.685912149479, 34.0461190918799], [-118.685912173677, 34.0461190047066], [-118.685967566025, 34.046152938841], [-118.686022958421, 34.0461868729473], [-118.686063952495, 34.0462119497701], [-118.68610494661, 34.046237025676], [-118.686105000111, 34.0462370001475], [-118.686106064955, 34.0462377102481], [-118.686117563721, 34.0462447444284], [-118.68618878158, 34.0462123718757], [-118.686260000449, 34.0461800001911], [-118.68631049972, 34.046156000398], [-118.686361000058, 34.046131999693], [-118.686417500281, 34.0461289999614], [-118.6864740005, 34.0461260002017], [-118.686530499553, 34.0461449996599], [-118.686586999701, 34.0461640000036], [-118.686604855743, 34.0461021750502], [-118.686622710674, 34.0460403500773], [-118.686640566661, 34.0459785251099], [-118.686653693991, 34.045932746788], [-118.686666821291, 34.0458869693638], [-118.686658949458, 34.0458858273608], [-118.686576811318, 34.0458740333809], [-118.686494672135, 34.0458622384276], [-118.686412532962, 34.0458504443164], [-118.686338217334, 34.0458329991683], [-118.68626390174, 34.0458155539714], [-118.686189586194, 34.0457981078244], [-118.68611527065, 34.0457806634312], [-118.686040955154, 34.0457632180879], [-118.685964618273, 34.045759251324], [-118.685888281385, 34.0457552854104], [-118.685811944535, 34.0457513176428], [-118.685735606594, 34.045747350713], [-118.68568851172, 34.0457082091457], [-118.685641416893, 34.0456690675572], [-118.685594322113, 34.0456299259476], [-118.685515548162, 34.0456212840502], [-118.685436774229, 34.0456126420981], [-118.685358000312, 34.0456040000916], [-118.685292333142, 34.0455663326253], [-118.685226667087, 34.045528666935], [-118.685161000027, 34.0454910002914], [-118.685136333529, 34.0454356672962], [-118.685111667079, 34.045380333391], [-118.685086999567, 34.045325000366], [-118.685063517501, 34.045280820855], [-118.685040035447, 34.0452366422384], [-118.684991534511, 34.0452074915822], [-118.684943032528, 34.0451783408919], [-118.684886374241, 34.045131459426], [-118.684829713871, 34.0450845770031], [-118.684773054651, 34.0450376945621], [-118.684716395483, 34.044990812992], [-118.684659736382, 34.0449439313912], [-118.684641828662, 34.0448734288933], [-118.684623922041, 34.0448029273009], [-118.684606015467, 34.0447324247989], [-118.68458810891, 34.04466192319], [-118.6845702024, 34.0445914206715], [-118.68448189614, 34.0446014666578], [-118.68439358879, 34.0446115116617], [-118.68430528247, 34.0446215584124], [-118.684289108745, 34.0445334816456], [-118.68427293611, 34.0444454066833], [-118.684256762443, 34.0443573307963], [-118.684240588797, 34.0442692557998], [-118.684224415202, 34.0441811798912], [-118.68420824056, 34.0440931039593], [-118.684192068105, 34.0440050289429], [-118.684175893536, 34.0439169529894], [-118.684159721153, 34.0438288779514], [-118.684143546656, 34.0437408019762], [-118.684083889154, 34.0436925176797], [-118.684024230613, 34.0436442351396], [-118.683964573257, 34.0435959507754], [-118.68390491596, 34.0435476672788], [-118.683845257652, 34.0434993837359], [-118.683785600501, 34.0434511001718], [-118.683804000042, 34.0433714612024], [-118.683822399562, 34.0432918213217], [-118.683840800113, 34.0432121823449], [-118.683902496614, 34.0432406602148], [-118.683964195341, 34.0432691371739], [-118.684025893014, 34.0432976149876], [-118.684087589665, 34.0433260918531], [-118.684096148605, 34.0432463914222], [-118.684104707559, 34.0431666891809], [-118.684150681472, 34.0431604801705], [-118.68419665431, 34.0431542702277], [-118.684285000411, 34.0431419998372], [-118.684313999527, 34.0431660002887], [-118.684360743514, 34.043234112428], [-118.684390024573, 34.043276417188], [-118.684419307814, 34.043318722865], [-118.684448740794, 34.043361664069], [-118.684478173821, 34.0434046043619], [-118.684540445305, 34.0434671608378], [-118.684602716887, 34.0435297172754], [-118.684646144663, 34.0435731446142], [-118.684689572487, 34.0436165719343], [-118.684733000343, 34.0436600001372], [-118.684751322093, 34.0436831008987], [-118.684756004191, 34.0436888366916], [-118.684785225251, 34.043736453611], [-118.684814446362, 34.0437840696191], [-118.684832829991, 34.0438496027825], [-118.684835616533, 34.0438593079527], [-118.68490029317, 34.0438916459464], [-118.684964969844, 34.0439239848037], [-118.685029645504, 34.0439563227092], [-118.685094323353, 34.0439886624046], [-118.685159000201, 34.0440210002468], [-118.685195332929, 34.0440706672761], [-118.6852316668, 34.0441203334023], [-118.685267999619, 34.044170000403], [-118.685325031703, 34.044228159331], [-118.685382063886, 34.0442863173253], [-118.685439096139, 34.0443444761887], [-118.685496128475, 34.0444026350198], [-118.685553159827, 34.0444607929048], [-118.685610192332, 34.0445189516715], [-118.685667209007, 34.0445575163209], [-118.685724226852, 34.0445960791499], [-118.685792612881, 34.0446135392617], [-118.685861000009, 34.044631000246], [-118.685904070687, 34.0446889238265], [-118.685947142497, 34.044746848301], [-118.686011571445, 34.0447904235786], [-118.68607600045, 34.044833999719], [-118.686144600237, 34.044883200164], [-118.686213200124, 34.0449323996636], [-118.686281800083, 34.0449816000206], [-118.686350400127, 34.0450308003337], [-118.686419000271, 34.0450799997014], [-118.686467526874, 34.0450380754313], [-118.686516054524, 34.0449961502496], [-118.686564582122, 34.0449542250454], [-118.686528291524, 34.0449076126301], [-118.686491999885, 34.0448610001883], [-118.686545000219, 34.0447936670395], [-118.686598000478, 34.0447263329597], [-118.686650999549, 34.0446589997391], [-118.686707499844, 34.0446024995986], [-118.686764000044, 34.044546000328], [-118.686820500178, 34.0444895001245], [-118.68687700023, 34.0444329998894], [-118.686933500202, 34.0443764996228], [-118.686990000078, 34.044320000226], [-118.687051999889, 34.044269500163], [-118.68711399962, 34.0442190000634], [-118.687122199678, 34.0441340004367], [-118.687130399733, 34.0440489999], [-118.687138599755, 34.0439640002562], [-118.687146799774, 34.0438789997025], [-118.687154999761, 34.0437940000417], [-118.68718241349, 34.0437213011391], [-118.687209828267, 34.0436486013352], [-118.687237241895, 34.0435759024078], [-118.687264655503, 34.0435032016652], [-118.687262184515, 34.0434314736628], [-118.687259714599, 34.0433597465687], [-118.68725724362, 34.0432880185549], [-118.687282066569, 34.0432235688909], [-118.687306889478, 34.0431591192169], [-118.687331713444, 34.043094668644], [-118.687356536272, 34.0430302189501], [-118.687307180662, 34.042973432389], [-118.687257826205, 34.0429166458154], [-118.687208469654, 34.042859859192], [-118.68715911534, 34.0428030725685], [-118.687109760013, 34.0427462859077], [-118.687056185662, 34.0427011728672], [-118.68700261247, 34.0426560589104], [-118.686949039324, 34.0426109458275], [-118.686895466254, 34.0425658318158], [-118.686861999659, 34.0425380001972], [-118.686781124658, 34.042514750099], [-118.686700249705, 34.0424914999427], [-118.6866193748, 34.0424682497285], [-118.686538499927, 34.0424450003576], [-118.686457625117, 34.0424217500274], [-118.686376750355, 34.042398499639], [-118.686295874542, 34.0423752500816], [-118.686214999875, 34.0423519995773], [-118.686158000372, 34.04233199964], [-118.686100999815, 34.0423119996613], [-118.68606333354, 34.0422366667002], [-118.686025667352, 34.0421613328191], [-118.685988000138, 34.0420859998082], [-118.686022995528, 34.0420512592227], [-118.686074354853, 34.0419999101473], [-118.686125715195, 34.0419485610583], [-118.686183103472, 34.0418880736828], [-118.686240493828, 34.0418275862993], [-118.686274246869, 34.0417917926824], [-118.686307999864, 34.0417559999556], [-118.686326000176, 34.0417150001312], [-118.686326109501, 34.0417149391834], [-118.686326298675, 34.0417145059041], [-118.686404604784, 34.0416711867801], [-118.686448000147, 34.0416470003223], [-118.686448063788, 34.0416471462101], [-118.686448424535, 34.0416469466145], [-118.686481630888, 34.0417240230974], [-118.686514838405, 34.0418010986753], [-118.686519999517, 34.0418130004028], [-118.686537818103, 34.0418674429267], [-118.686623084335, 34.0418398048041], [-118.686708349424, 34.0418121666044], [-118.686793615522, 34.0417845292539], [-118.68681057056, 34.041770269779], [-118.686821000244, 34.0417610001186], [-118.686900297826, 34.0417240851685], [-118.686979596402, 34.0416871710755], [-118.687058894919, 34.0416502560245], [-118.687138193346, 34.0416133418181], [-118.687217490632, 34.0415764266411], [-118.687207409752, 34.0415129088772], [-118.687197329987, 34.0414493902191], [-118.68724883948, 34.0413966268492], [-118.687300346724, 34.0413438643293], [-118.687351856079, 34.0412911009067], [-118.687403365351, 34.0412383383591], [-118.687425563793, 34.0411515821191], [-118.687447762202, 34.0410648249651], [-118.687469960546, 34.0409780686999], [-118.687526469492, 34.040923068286], [-118.687582976208, 34.0408680669144], [-118.687639483898, 34.0408130673267], [-118.68769599154, 34.0407580659049], [-118.687743768202, 34.0406957755766], [-118.687791543691, 34.040633486113], [-118.687839319134, 34.0405711948222], [-118.687887094473, 34.04050890531], [-118.687887299538, 34.0404311060453], [-118.687887503521, 34.0403533067616], [-118.687887707518, 34.0402755065698], [-118.687887911484, 34.0401977081741], [-118.687925736539, 34.0401608078166], [-118.687963561559, 34.040123907445], [-118.687922914153, 34.0400781997893], [-118.687914884545, 34.0399996168121], [-118.687906854952, 34.0399210338277], [-118.687898826444, 34.0398424517497], [-118.687890796883, 34.0397638687506], [-118.687882767338, 34.0396852857441], [-118.68787473781, 34.0396067027302], [-118.687874462195, 34.0395854980387], [-118.687873999688, 34.0395670004365], [-118.687895843894, 34.0394938032217], [-118.687918772467, 34.0394166172849], [-118.687941700995, 34.0393394313369], [-118.687964629479, 34.0392622453778], [-118.687987556835, 34.039185059395], [-118.688047724297, 34.0391665786569], [-118.688107891716, 34.039148098788], [-118.688184460116, 34.0391245317671], [-118.688261027372, 34.039100965583], [-118.688337594583, 34.0390773993468], [-118.688414161747, 34.0390538330586], [-118.688490729964, 34.0390302658293], [-118.688567297023, 34.0390067003383], [-118.688643865148, 34.0389831330048], [-118.688720432115, 34.0389595674096], [-118.688797000149, 34.038935999972], [-118.688862702847, 34.0389119088956], [-118.688928406587, 34.0388878177932], [-118.688994110303, 34.0388637257508], [-118.689059813963, 34.0388396345713], [-118.689129018628, 34.0388141393223], [-118.689198225415, 34.0387886440555], [-118.689267430005, 34.0387631478196], [-118.689336635634, 34.0387376515534], [-118.689420499886, 34.0387104306196], [-118.689504362997, 34.0386832096108], [-118.689588227103, 34.0386559903548], [-118.689672091181, 34.0386287692333], [-118.689755955201, 34.0386015480492], [-118.68983981808, 34.0385743267902], [-118.68992368197, 34.0385471063824], [-118.690007545817, 34.0385198850107], [-118.690091409575, 34.0384926653792], [-118.690175273306, 34.0384654438824], [-118.690259136965, 34.0384382232244], [-118.69034300058, 34.0384110016024], [-118.690346764427, 34.0384058328567], [-118.690393521013, 34.0383406436106], [-118.690420387537, 34.0382612691764], [-118.69044725294, 34.0381818938151], [-118.690474119356, 34.0381025193544], [-118.690500984651, 34.0380231439666], [-118.690527850974, 34.037943768578], [-118.690554717228, 34.0378643940775], [-118.690581583444, 34.0377850186624], [-118.690587999836, 34.0377659996819], [-118.690588009013, 34.0377660340474], [-118.690588028349, 34.0377659783718], [-118.690608318541, 34.0378397859788], [-118.690628607659, 34.0379135953666], [-118.690648897927, 34.0379874029545], [-118.690669188203, 34.0380612123356], [-118.690689477465, 34.0381350198918], [-118.690702205582, 34.0382026476369], [-118.69071493479, 34.0382702762893], [-118.690727662966, 34.0383379031201], [-118.690740392233, 34.0384055308583], [-118.690824524755, 34.0383873530101], [-118.690908657224, 34.0383691760009], [-118.690992789669, 34.0383509980278], [-118.69107692206, 34.0383328208935], [-118.691161055511, 34.0383146428078], [-118.691243309189, 34.038286641089], [-118.691325562794, 34.0382586402112], [-118.691407817439, 34.0382306383843], [-118.691490070957, 34.0382026355833], [-118.691572325455, 34.0381746354386], [-118.691654578841, 34.0381466334185], [-118.691736833252, 34.0381186313505], [-118.691819086522, 34.0380906292098], [-118.691901340802, 34.0380626279227], [-118.691983595037, 34.0380346256739], [-118.691983801068, 34.038035068011], [-118.691984000394, 34.0380349999771], [-118.69201909973, 34.0381100998503], [-118.692054200215, 34.0381851997189], [-118.692089299684, 34.038260299558], [-118.692124400287, 34.0383354002941], [-118.69215949989, 34.0384105000992], [-118.692194599559, 34.0384855998873], [-118.692229700379, 34.0385606996708], [-118.692264800167, 34.0386358003263], [-118.692299900036, 34.0387109000634], [-118.692334999973, 34.0387859997834], [-118.69233486956, 34.0387862227791], [-118.692290401994, 34.0388561038259], [-118.692245935418, 34.038925985764], [-118.692201466612, 34.038995866753], [-118.692206011977, 34.0390620226718], [-118.692210556268, 34.0391281785732], [-118.692215100551, 34.0391943353709], [-118.692231787257, 34.0392499632235], [-118.692248473987, 34.0393055910701], [-118.692286459484, 34.0393638256124], [-118.69232444394, 34.0394220610272], [-118.692362429534, 34.039480296438], [-118.692400415199, 34.0395385309311], [-118.692477924439, 34.0395512729746], [-118.692555431552, 34.0395640140389], [-118.692772497611, 34.0398805721432], [-118.693118224575, 34.0398100417198], [-118.693472562693, 34.0400301522425], [-118.693810019958, 34.0399185508799], [-118.693745155902, 34.0395117923445], [-118.69368131464, 34.0393136397988], [-118.693661965594, 34.0391308970088], [-118.693776032612, 34.038998109149], [-118.693804046871, 34.0389276565704], [-118.69371080156, 34.0387725091404], [-118.693691014389, 34.0385708298737], [-118.693684999827, 34.0385099998951], [-118.693688999797, 34.0384404998006], [-118.693692999759, 34.0383709997007], [-118.69369324442, 34.0383707446555], [-118.693693247421, 34.0383706942015], [-118.693729067909, 34.0383333027744], [-118.693788534087, 34.0382711520098], [-118.693848000185, 34.0382090003085], [-118.693905769202, 34.0381961157264], [-118.693963539268, 34.0381832320285], [-118.69398748116, 34.0381778086144], [-118.693999558154, 34.0381762476347], [-118.694029999503, 34.0381719995735], [-118.69411310378, 34.038195607415], [-118.694196207038, 34.0382192142814], [-118.694279311443, 34.0382428201976], [-118.694362413718, 34.038266426929], [-118.694445518208, 34.0382900336241], [-118.694462851289, 34.038294953894], [-118.694462887882, 34.0382949678372], [-118.694462999992, 34.038294999776], [-118.694477087656, 34.0383047342346], [-118.694518288497, 34.0383330680217], [-118.694557480889, 34.0383761628573], [-118.694596673323, 34.0384192576773], [-118.694653538029, 34.038481606298], [-118.694710403907, 34.0385439548985], [-118.694767268808, 34.0386063025525], [-118.694824134851, 34.0386686519891], [-118.694880999932, 34.0387309995777], [-118.694963491922, 34.0387290057546], [-118.695045983908, 34.0387270118716], [-118.695128908518, 34.0387247920819], [-118.695211833137, 34.0387225713303], [-118.695240744119, 34.0386976313223], [-118.695261242638, 34.0386374658319], [-118.695281743291, 34.0385773003587], [-118.695302241747, 34.038517134853], [-118.695325120718, 34.0384495676047], [-118.69534799965, 34.0383820003468], [-118.695356097742, 34.038329127179], [-118.695364722528, 34.0382710579325], [-118.695334704414, 34.0381946117905], [-118.695304686374, 34.0381181647327], [-118.695283343207, 34.0380640833377], [-118.695262000099, 34.0380100001326], [-118.695246789404, 34.0379704512097], [-118.695231825582, 34.0379320861799], [-118.695198181838, 34.0378607392356], [-118.695164538156, 34.0377893922757], [-118.695139571235, 34.0377148773936], [-118.695147003022, 34.0376820008078], [-118.695107334935, 34.0376270007458], [-118.695067668001, 34.0375719997778], [-118.695028000024, 34.0375169996816], [-118.694978750393, 34.037461999762], [-118.694929499748, 34.0374069998054], [-118.694880250255, 34.0373519998366], [-118.694830999747, 34.0372969998308], [-118.694790538106, 34.0372287120692], [-118.694750075466, 34.0371604233743], [-118.69470961398, 34.0370921346723], [-118.694669151466, 34.0370238468399], [-118.694628689022, 34.0369555589879], [-118.694588226662, 34.036887270215], [-118.694547765441, 34.0368189823364], [-118.694531505606, 34.0368062928319], [-118.694479036384, 34.036775285556], [-118.694404356638, 34.0367551905992], [-118.694329679111, 34.0367350947163], [-118.694255000524, 34.0367149996731], [-118.694172999636, 34.036701249789], [-118.694090999859, 34.0366874998581], [-118.694009000111, 34.0366737498679], [-118.693927000392, 34.0366599998185], [-118.693845890493, 34.0366485679612], [-118.693764779521, 34.036637136935], [-118.693683670752, 34.0366257049742], [-118.693602560924, 34.0366142729432], [-118.693521451104, 34.0366028417556], [-118.693440341323, 34.0365914096088], [-118.693359231551, 34.0365799783054], [-118.693278121802, 34.0365685469442], [-118.693197012092, 34.0365571146236], [-118.693195033722, 34.0365652701596], [-118.693181516997, 34.0366221346173], [-118.693168000237, 34.0366789999713], [-118.693168721307, 34.0367597222386], [-118.693169169836, 34.0367911068924], [-118.693142983289, 34.0368660459793], [-118.693116795625, 34.0369409841402], [-118.693090608978, 34.0370159232027], [-118.693064804336, 34.0370899623526], [-118.693038999674, 34.0371639996878], [-118.693038811038, 34.0371641417758], [-118.692997905281, 34.0371945712713], [-118.692956999507, 34.0372249998496], [-118.69295695526, 34.0372249903259], [-118.69295651227, 34.0372253188263], [-118.692884146528, 34.0372083869395], [-118.692811781914, 34.0371914541175], [-118.692739417317, 34.0371745221505], [-118.692667051683, 34.0371575892234], [-118.692599999962, 34.0371420002032], [-118.69258896702, 34.0370715259458], [-118.692577934097, 34.0370010516819], [-118.692566901179, 34.0369305783128], [-118.692555095973, 34.0368557964337], [-118.692543290805, 34.0367810136457], [-118.692531484576, 34.0367062308379], [-118.692519680521, 34.036631448949], [-118.692520058614, 34.0366313766555], [-118.692519999872, 34.036631000022], [-118.692599654286, 34.036616001607], [-118.692679306474, 34.036601004914], [-118.692758960812, 34.0365860072886], [-118.692769030659, 34.0365553546349], [-118.69278914906, 34.0364938949072], [-118.692809268513, 34.0364324351843], [-118.692829385768, 34.0363709754289], [-118.69277819291, 34.0363299879695], [-118.69272700012, 34.036288999584], [-118.692641332735, 34.0362813327367], [-118.692555667517, 34.0362736667512], [-118.692470000165, 34.036265999775], [-118.692415000294, 34.0362403331791], [-118.692360000459, 34.0362146665558], [-118.692304999576, 34.0361889998928], [-118.692251332582, 34.0361580003403], [-118.692197666727, 34.0361269998725], [-118.692143999817, 34.0360960002673], [-118.692054787651, 34.0360869786606], [-118.691965575505, 34.0360779569841], [-118.691876364448, 34.0360689361513], [-118.691816000097, 34.0360909995598], [-118.691816029111, 34.0360907519582], [-118.691815742551, 34.0360908559546], [-118.691819052509, 34.0360631396982], [-118.691788000019, 34.0360599998052], [-118.691812132433, 34.0359888898126], [-118.691836264803, 34.0359177798093], [-118.691849746591, 34.0358301440788], [-118.691863230544, 34.0357425065603], [-118.691876712272, 34.0356548708097], [-118.691890195053, 34.0355672350615], [-118.691902965521, 34.0354835643929], [-118.6919784054, 34.0355005530015], [-118.692053844198, 34.0355175433502], [-118.692129283059, 34.0355345318459], [-118.692204721938, 34.0355515211926], [-118.692280160834, 34.0355685113905], [-118.692355599793, 34.0355854997352], [-118.692437346695, 34.0355580142059], [-118.69251909354, 34.035530528617], [-118.692600840313, 34.0355030438701], [-118.692682587045, 34.0354755581623], [-118.692764332636, 34.0354480723825], [-118.692846080337, 34.035420586568], [-118.692913000466, 34.0353980001034], [-118.692990500359, 34.035363000332], [-118.693068000199, 34.0353279996051], [-118.693141000106, 34.0353254997005], [-118.693214000009, 34.035322999749], [-118.693286999906, 34.0353204997507], [-118.6933599998, 34.0353179997057], [-118.693383212793, 34.0353370586168], [-118.693400138891, 34.0353508838345], [-118.693465425826, 34.0353402558221], [-118.693530712743, 34.0353296277721], [-118.693595999643, 34.0353189996846], [-118.693672833047, 34.0353370003072], [-118.693749666501, 34.0353549999761], [-118.69382649999, 34.0353729995929], [-118.693903333499, 34.0353910000588], [-118.693980167059, 34.0354089995712], [-118.694056999555, 34.0354269999204], [-118.694135940043, 34.0354300527248], [-118.694214880523, 34.0354331063759], [-118.694293821023, 34.0354361590708], [-118.69437276153, 34.0354392117111], [-118.694451700945, 34.0354422651855], [-118.694473907514, 34.0354235189322], [-118.694538134635, 34.0354178332494], [-118.694578000035, 34.035413999611], [-118.694651031008, 34.0354189858278], [-118.69472406199, 34.0354239719979], [-118.694797092982, 34.035428958121], [-118.694826588977, 34.0354309226292], [-118.69488224235, 34.0354295273882], [-118.69496712123, 34.0354272643292], [-118.69505200012, 34.0354250003055], [-118.695052252469, 34.035425261951], [-118.69505237057, 34.0354252587964], [-118.695106637847, 34.0354814937812], [-118.695160905202, 34.0355377287366], [-118.695215171551, 34.0355939636504], [-118.695214021259, 34.0356006528265], [-118.69522100042, 34.035603000267], [-118.69524125029, 34.0356827499423], [-118.695261500202, 34.0357624996071], [-118.69528175014, 34.0358422501627], [-118.695302000133, 34.0359219998062], [-118.695288667352, 34.036007666744], [-118.695275333475, 34.0360933327584], [-118.695261999553, 34.0361789996646], [-118.695248666686, 34.0362646665736], [-118.695235332722, 34.0363503325591], [-118.695221999781, 34.0364360003501], [-118.695186249612, 34.0365049998182], [-118.695150500448, 34.0365740001837], [-118.695114750154, 34.0366429996189], [-118.695078999782, 34.0367119999391], [-118.695072800165, 34.0367953999003], [-118.695066600535, 34.0368787998536], [-118.695060399809, 34.0369621997864], [-118.695054200153, 34.0370455997237], [-118.695048000484, 34.0371289996529], [-118.695108200385, 34.0371772000009], [-118.69516840036, 34.0372254003145], [-118.695228600423, 34.0372735996923], [-118.695288799462, 34.0373217999247], [-118.695348999657, 34.0373700001351], [-118.695418667424, 34.0373933332101], [-118.695488333052, 34.0374166671185], [-118.695557999819, 34.0374400000946], [-118.695638999472, 34.0374369996689], [-118.695720000188, 34.0374340000993], [-118.695800999829, 34.0374309995583], [-118.695882000533, 34.0374279998735], [-118.69596740005, 34.0373995998145], [-118.696052799506, 34.0373711996905], [-118.696138199969, 34.0373428004155], [-118.696223600385, 34.0373144001741], [-118.696308999657, 34.0372859998554], [-118.696393999938, 34.0373125001954], [-118.696479000291, 34.0373389995696], [-118.696449199803, 34.0374125996978], [-118.696419400341, 34.0374861998246], [-118.696389599742, 34.0375597999252], [-118.696359800169, 34.0376334000245], [-118.696330000541, 34.0377070001101], [-118.696258250084, 34.0377290004057], [-118.696186499602, 34.0377509997542], [-118.696114750147, 34.0377729999708], [-118.69604299957, 34.0377950001292], [-118.69596607138, 34.0378369614198], [-118.696034534534, 34.0378699812955], [-118.696102999926, 34.0379030002523], [-118.696058063633, 34.037970151053], [-118.696013128331, 34.0380373027448], [-118.695968191869, 34.0381044544014], [-118.695925305019, 34.0381688201869], [-118.695935654131, 34.0382495371187], [-118.695946003265, 34.0383302540423], [-118.695956351337, 34.0384109709455], [-118.695966700527, 34.0384916869515], [-118.695977048641, 34.0385724038385], [-118.695987397859, 34.0386531207298], [-118.696038616703, 34.038719535013], [-118.696089834535, 34.0387859501573], [-118.696141053551, 34.0388523643847], [-118.696191527211, 34.0389176818456], [-118.696241999858, 34.0389830001685], [-118.696183636489, 34.0390248341956], [-118.696239771575, 34.0390588099745], [-118.696295906709, 34.0390927857244], [-118.696351871055, 34.0391398567088], [-118.696407836535, 34.039186928577], [-118.696463799916, 34.0392340003905], [-118.696386496484, 34.0392104868577], [-118.696309194166, 34.0391869741857], [-118.696231889728, 34.0391634614358], [-118.696154587517, 34.0391399477562], [-118.696077284254, 34.0391164349126], [-118.696122522963, 34.0391679569112], [-118.696167760664, 34.0392194779751], [-118.696212999491, 34.0392709999319], [-118.696172800425, 34.0393332002604], [-118.696132600228, 34.0393953996566], [-118.696092399953, 34.0394575999358], [-118.696052199615, 34.0395198001965], [-118.696012000296, 34.0395820004512], [-118.695952000315, 34.039581333279], [-118.695892000321, 34.0395806669765], [-118.695832000343, 34.039579999741], [-118.69575049981, 34.0395432503525], [-118.69566900045, 34.0395065000152], [-118.695587500084, 34.0394697496057], [-118.695505999778, 34.0394330000379], [-118.695436333346, 34.039390999942], [-118.695366666989, 34.0393489998016], [-118.695296999622, 34.0393069996042], [-118.695230500187, 34.0392757500051], [-118.695163999722, 34.0392445003535], [-118.695097500408, 34.0392132497731], [-118.695031000048, 34.0391820000418], [-118.694970999633, 34.0391950002634], [-118.694911000296, 34.0392079995642], [-118.694855130797, 34.0392558317367], [-118.694799263411, 34.0393036630027], [-118.694759334426, 34.0393378746564], [-118.694719405391, 34.0393720871963], [-118.694727561161, 34.0393919793163], [-118.694674887498, 34.0394245590685], [-118.694622212723, 34.0394571378814], [-118.694586860541, 34.0395051059089], [-118.694536459372, 34.0395735439387], [-118.6944860581, 34.0396419828425], [-118.694435656756, 34.0397104208174], [-118.694385256407, 34.0397788587774], [-118.694388284625, 34.0398489099832], [-118.69439131503, 34.0399189603068], [-118.694394344357, 34.0399890106127], [-118.69439822553, 34.0400762457204], [-118.694402105644, 34.0401634799059], [-118.694405986834, 34.0402507149967], [-118.694492420299, 34.0402365674482], [-118.694578851582, 34.0402224189076], [-118.694665285, 34.040208270326], [-118.694751717304, 34.0401941216663], [-118.694838149563, 34.0401799738421], [-118.694924582873, 34.0401658259645], [-118.695011015084, 34.0401516771073], [-118.695097448332, 34.0401375290981], [-118.695177001837, 34.0401670052368], [-118.695256556484, 34.0401964813315], [-118.69533611119, 34.0402259573696], [-118.695353133018, 34.0402914652855], [-118.695370153791, 34.0403569731816], [-118.695387175675, 34.0404224810829], [-118.695404197588, 34.040487988977], [-118.695462268279, 34.0405194448034], [-118.695520339017, 34.040550900599], [-118.695595754128, 34.0405916762638], [-118.695671169331, 34.0406324509754], [-118.695746584627, 34.0406732247339], [-118.695821999972, 34.0407140002434], [-118.695876634766, 34.0407835089939], [-118.695931270753, 34.040853016824], [-118.695985905725, 34.0409225264129], [-118.696040541905, 34.04099203418], [-118.696095177099, 34.0410615419031], [-118.696149813442, 34.0411310514098], [-118.696181771645, 34.0411716726308], [-118.69626146798, 34.0411453880436], [-118.696341163179, 34.0411191033876], [-118.696420859423, 34.041092817786], [-118.696500554515, 34.0410665330169], [-118.69658024954, 34.0410402490927], [-118.696659944526, 34.0410139642105], [-118.696739640543, 34.0409876792842], [-118.696819336506, 34.0409613943014], [-118.696899032416, 34.0409351092621], [-118.696947560979, 34.0408789923526], [-118.696996089503, 34.0408228736162], [-118.697044619011, 34.0407667566709], [-118.697093148449, 34.0407106397014], [-118.697063852767, 34.0406278040288], [-118.697034559298, 34.0405449692674], [-118.697005263753, 34.0404621326633], [-118.696975970406, 34.0403792978718], [-118.69694667497, 34.040296462139], [-118.696917380663, 34.0402136273049], [-118.696888086448, 34.0401307906529], [-118.696858792279, 34.0400479548873], [-118.696829497074, 34.0399651199956], [-118.696800203028, 34.0398822841999], [-118.696770907946, 34.039799449278], [-118.696741614023, 34.0397166134521], [-118.696807324254, 34.0396572590435], [-118.696873035439, 34.0395979064083], [-118.696938745458, 34.0395385528175], [-118.69700445646, 34.0394791991973], [-118.697038228282, 34.0394485992722], [-118.697072000063, 34.0394180002374], [-118.697098167118, 34.0393338326229], [-118.697124333005, 34.039249666785], [-118.697150499935, 34.0391655000443], [-118.697176666808, 34.0390813332898], [-118.697202832528, 34.0389971674105], [-118.697229000387, 34.0389129997393], [-118.69725516652, 34.0388413333139], [-118.697281332606, 34.0387696668767], [-118.697307499727, 34.0386980004403], [-118.697333666815, 34.0386263330908], [-118.697359832758, 34.0385546666187], [-118.697385999736, 34.0384830001473], [-118.697388114026, 34.0384810877405], [-118.697439172752, 34.0384220936448], [-118.697490231387, 34.0383631004237], [-118.697541289946, 34.0383041071759], [-118.697592349526, 34.0382451130125], [-118.697643406864, 34.0381861187975], [-118.697694466292, 34.0381271245806], [-118.69773990591, 34.0382039114137], [-118.697785344535, 34.0382806982099], [-118.697830785428, 34.0383574841048], [-118.697876225327, 34.0384342699627], [-118.697921664217, 34.0385110566851], [-118.697967104277, 34.0385878433952], [-118.697968000374, 34.0385890004473], [-118.698025213934, 34.0386524287152], [-118.698082428669, 34.0387158569622], [-118.698139643481, 34.0387792860775], [-118.698196857317, 34.0388427142458], [-118.698254071231, 34.0389061432823], [-118.698311286333, 34.0389695713967], [-118.698368500431, 34.039033000367], [-118.698425713537, 34.0390964292917], [-118.698482928916, 34.0391598573066], [-118.698540143289, 34.0392232861774], [-118.698597356686, 34.0392867141012], [-118.698654571243, 34.0393501429057], [-118.698711785907, 34.0394135707755], [-118.69876899955, 34.0394770004027], [-118.698842757592, 34.0394937036559], [-118.698916514583, 34.0395104068486], [-118.698990272673, 34.0395271109071], [-118.69906403081, 34.039543814016], [-118.699113076655, 34.0395548559922], [-118.699162123597, 34.0395658979595], [-118.699211683948, 34.0395638629874], [-118.699261244282, 34.0395618288952], [-118.699313662695, 34.0395251076974], [-118.699366082112, 34.0394883882892], [-118.699387381911, 34.0394328527767], [-118.699408682762, 34.0393773172692], [-118.699356128096, 34.0393048163076], [-118.699303573541, 34.0392323144146], [-118.699267000133, 34.0391819998138], [-118.69924599992, 34.0391250002623], [-118.699274454834, 34.0390690469973], [-118.699302908609, 34.0390130946107], [-118.699331364511, 34.0389571422383], [-118.699364875888, 34.0388908208481], [-118.699410769943, 34.0388576827726], [-118.699470821891, 34.0388549001886], [-118.699530872753, 34.0388521175605], [-118.699590924693, 34.0388493349132], [-118.699677461945, 34.0388451677894], [-118.699764000285, 34.0388409997106], [-118.699829182947, 34.0388887539373], [-118.699894366784, 34.0389365072351], [-118.699959549604, 34.0389842613822], [-118.700024733614, 34.0390320136991], [-118.700037038648, 34.0390410022362], [-118.700112733491, 34.0390418986938], [-118.700188426155, 34.0390427959778], [-118.700264119919, 34.0390436923224], [-118.700339813685, 34.0390445886167], [-118.700381383583, 34.0389878543182], [-118.70042295452, 34.0389311191121], [-118.700464525396, 34.0388743838872], [-118.700493999911, 34.0388339995677], [-118.700493080081, 34.0387668648265], [-118.70049297423, 34.0387611250779], [-118.700487894879, 34.0386827119164], [-118.700482815523, 34.0386042996493], [-118.700477738343, 34.0385258874], [-118.700472659007, 34.0384474751191], [-118.700467579696, 34.0383690619297], [-118.700468017923, 34.0383692842105], [-118.700467999859, 34.0383690000073], [-118.700536088834, 34.0384037042213], [-118.700604178982, 34.0384384066028], [-118.7006231451, 34.0384480345698], [-118.700707208788, 34.0384686282276], [-118.700791273618, 34.0384892209339], [-118.700875338493, 34.0385098135777], [-118.700901176909, 34.0384823198935], [-118.70086648585, 34.0384130832921], [-118.700831794852, 34.038343846675], [-118.700797102831, 34.0382746100296], [-118.700762411955, 34.0382053733807], [-118.700685191476, 34.0381609542901], [-118.700607971085, 34.038116535145], [-118.700530749697, 34.038072115933], [-118.700453529494, 34.0380276957774], [-118.700376309349, 34.0379832773702], [-118.700299088222, 34.0379388579946], [-118.700220353248, 34.0379055413536], [-118.700141619439, 34.037872223768], [-118.700062883515, 34.0378389070033], [-118.699984149824, 34.0378055902077], [-118.699920711403, 34.0377595617024], [-118.699857271958, 34.0377135340484], [-118.6997938337, 34.0376675045663], [-118.699730395486, 34.0376214768494], [-118.699691911642, 34.0375528483459], [-118.69965343006, 34.0374842180462], [-118.699614947448, 34.0374155886174], [-118.699576464902, 34.0373469591704], [-118.699537982424, 34.0372783297052], [-118.699499500012, 34.0372097002218], [-118.69943580546, 34.0371621727627], [-118.699372109886, 34.0371146461545], [-118.699308414419, 34.0370671177053], [-118.699244718999, 34.0370195910209], [-118.699181023656, 34.0369720642984], [-118.699141054235, 34.0369001115881], [-118.699101082721, 34.0368281588334], [-118.699061113431, 34.0367562069851], [-118.699006364494, 34.0367177990455], [-118.698951614541, 34.0366793901642], [-118.69889686571, 34.0366409821687], [-118.698854952652, 34.0365614762241], [-118.698813039678, 34.0364819702571], [-118.698771126774, 34.0364024651692], [-118.698729213969, 34.0363229591575], [-118.698687301249, 34.0362434531234], [-118.69864538753, 34.0361639470546], [-118.698603473896, 34.0360844409633], [-118.698561561429, 34.0360049348621], [-118.698519647949, 34.0359254296275], [-118.698477734553, 34.0358459243706], [-118.698435822339, 34.0357664182023], [-118.698393909127, 34.0356869119992], [-118.698365432642, 34.0356249616674], [-118.698336957283, 34.0355630113366], [-118.698308480887, 34.035501060982], [-118.69828000455, 34.0354391097148], [-118.698280033313, 34.0354390730787], [-118.698279999868, 34.0354389996684], [-118.698331257078, 34.0353722762161], [-118.698379409337, 34.0353094842054], [-118.698427561503, 34.0352466930715], [-118.698475713608, 34.0351839010114], [-118.698523865636, 34.0351211089266], [-118.698541027865, 34.0350463890589], [-118.69847802354, 34.0349895897359], [-118.698415021441, 34.034932792202], [-118.698352017297, 34.0348759928022], [-118.698289014297, 34.0348191951793], [-118.698226010335, 34.0347623957027], [-118.698163007531, 34.0347055971015], [-118.698100002638, 34.0346487993386], [-118.69803700003, 34.0345919997591], [-118.698037135579, 34.0345918579573], [-118.698037012871, 34.0345917465614], [-118.698075756497, 34.0345516237261], [-118.69811450225, 34.0345115009005], [-118.698166134322, 34.0344578718155], [-118.698217767422, 34.0344042418149], [-118.698181773536, 34.0343436578578], [-118.698145781886, 34.0342830730087], [-118.698109789194, 34.0342224890331], [-118.698037976678, 34.034206853229], [-118.697966164192, 34.0341912173794], [-118.697894351748, 34.0341755805827], [-118.697822540401, 34.0341599446543], [-118.697795000322, 34.0341540002548], [-118.69779496879, 34.0341539421929], [-118.697794676349, 34.0341538784429], [-118.697754484646, 34.0340781006423], [-118.697714294073, 34.0340023246364], [-118.697674102509, 34.0339265476963], [-118.697633912105, 34.033850770748], [-118.69759372068, 34.0337749946683], [-118.69755353043, 34.0336992176791], [-118.697523331699, 34.0336247026622], [-118.697493134122, 34.0335501867422], [-118.697462935504, 34.0334756716971], [-118.697432738026, 34.0334011566503], [-118.697402539537, 34.0333266406756], [-118.69737234109, 34.0332521255882], [-118.697342142686, 34.0331776113881], [-118.697311945451, 34.0331030953834], [-118.697281747175, 34.0330285802536], [-118.697347369415, 34.0329840362766], [-118.697412990483, 34.0329394931486], [-118.697478611491, 34.0328949490792], [-118.697544233509, 34.0328504049822], [-118.697609856535, 34.0328058608576], [-118.697675477306, 34.0327613175696], [-118.697741099087, 34.032716774254], [-118.697828769158, 34.0327240860772], [-118.697916438148, 34.0327313987219], [-118.698004108236, 34.0327387113115], [-118.698079423398, 34.0327449260024], [-118.698154738571, 34.0327511406435], [-118.698230053741, 34.0327573561361], [-118.698305368953, 34.0327635697761], [-118.69838068523, 34.0327697851814], [-118.698456000451, 34.0327759996231], [-118.698516661509, 34.0327195839128], [-118.698577323547, 34.0326631690804], [-118.698637985514, 34.0326067533108], [-118.698698648462, 34.0325503384191], [-118.698759309187, 34.0324939216641], [-118.698819970879, 34.0324375066884], [-118.698880632499, 34.0323810907756], [-118.6989412951, 34.0323246757406], [-118.699001956547, 34.0322682597561], [-118.69904483227, 34.0322206455701], [-118.699087707927, 34.0321730322668], [-118.699130582465, 34.0321254180311], [-118.699194449162, 34.0320892430547], [-118.699255999992, 34.0320320004137], [-118.699317332893, 34.0320046671122], [-118.69937866685, 34.0319773328877], [-118.699439999651, 34.03195000042], [-118.699445012703, 34.0319515128309], [-118.699519680016, 34.0319672976153], [-118.699594347344, 34.0319830832519], [-118.699677053656, 34.0319789481682], [-118.699759759974, 34.0319748121228], [-118.699842467351, 34.0319706769312], [-118.699925172554, 34.0319665416548], [-118.700007879913, 34.031962406343], [-118.700090587265, 34.0319582709711], [-118.700173293539, 34.0319541346254], [-118.700255999775, 34.0319500000224], [-118.700256601402, 34.0319493072598], [-118.700300324867, 34.0318900096238], [-118.700344049348, 34.0318307119793], [-118.700387773749, 34.0317714152157], [-118.700431498114, 34.0317121166285], [-118.70047903305, 34.0316925636838], [-118.700532309953, 34.0316310398636], [-118.700585587856, 34.0315695160267], [-118.700638864593, 34.0315079921484], [-118.700638966713, 34.0315080383929], [-118.700638999834, 34.0315080000026], [-118.700665440077, 34.0315198591096], [-118.700736433833, 34.0315515619419], [-118.70080742766, 34.0315832638276], [-118.700884724529, 34.0315697581948], [-118.700962021358, 34.0315562534107], [-118.701039318189, 34.0315427467711], [-118.701122135652, 34.0315328111146], [-118.701204954178, 34.0315228754102], [-118.701287770546, 34.0315129378178], [-118.701370589029, 34.0315030019927], [-118.701453407492, 34.0314930661072], [-118.701524395518, 34.0314677350423], [-118.701595385664, 34.0314424039572], [-118.701666374667, 34.0314170737161], [-118.701737364708, 34.0313917434424], [-118.701808353634, 34.0313664122101], [-118.701897193421, 34.0313536289222], [-118.701986030984, 34.0313408473431], [-118.70207486963, 34.0313280639039], [-118.702138293818, 34.0313171608552], [-118.70220171692, 34.0313062568572], [-118.702265141072, 34.0312953537376], [-118.702338882467, 34.0312771454076], [-118.702412621693, 34.0312589352021], [-118.702486363034, 34.0312407258745], [-118.702560104357, 34.0312225155973], [-118.702558352905, 34.0312822193157], [-118.702556601465, 34.0313419221287], [-118.70255420673, 34.0314257367973], [-118.702551813088, 34.031509550569], [-118.702549418328, 34.0315933661235], [-118.702547022495, 34.0316771807564], [-118.702544628823, 34.0317609954062], [-118.702542234063, 34.0318448100359], [-118.702557093247, 34.0319230853659], [-118.702571952475, 34.0320013597858], [-118.702586810635, 34.0320796350861], [-118.702638520361, 34.032130163848], [-118.702690227958, 34.0321806943618], [-118.702741936733, 34.0322312230588], [-118.702730953267, 34.0323054740786], [-118.702719969796, 34.0323797241899], [-118.702708986289, 34.0324539751955], [-118.702761636833, 34.0324729149975], [-118.702814288485, 34.032491854787], [-118.702839369089, 34.0324784156789], [-118.702867999673, 34.03246300016], [-118.702868144824, 34.0324629982071], [-118.702868494467, 34.0324628101525], [-118.702937024366, 34.0324617397888], [-118.703005553181, 34.0324606693715], [-118.703074414981, 34.0324595017281], [-118.703143275696, 34.0324583340307], [-118.703212137478, 34.0324571672053], [-118.70328100034, 34.0324560003507], [-118.703288781979, 34.0324939392341], [-118.70330500383, 34.0325722497524], [-118.703321225714, 34.0326505602616], [-118.703307185632, 34.032729811834], [-118.70329314659, 34.0328090643115], [-118.703281000052, 34.0328779998789], [-118.703280932668, 34.0328780144385], [-118.703280900382, 34.0328781997969], [-118.703208899809, 34.032895050023], [-118.703136900287, 34.0329119002155], [-118.703064899651, 34.0329287503498], [-118.702992900068, 34.0329456004508], [-118.702919424682, 34.0329749503722], [-118.702845950325, 34.0330043002577], [-118.70277247483, 34.0330336500824], [-118.702699000363, 34.0330629998712], [-118.702620667423, 34.0330791167255], [-118.702542333383, 34.0330952326119], [-118.702464000364, 34.0331113502594], [-118.702385667327, 34.0331274669512], [-118.702307333191, 34.0331435826752], [-118.702229000076, 34.0331597001601], [-118.702148460115, 34.0331816599409], [-118.702067920108, 34.0332036196642], [-118.701987380042, 34.0332255802314], [-118.701906839946, 34.0332475398397], [-118.70182629979, 34.0332695002919], [-118.701741635954, 34.0332958485607], [-118.701656970948, 34.0333221985563], [-118.701572306984, 34.0333485475991], [-118.701495745339, 34.0333724942879], [-118.701419181481, 34.0333964408998], [-118.701342619758, 34.033420386583], [-118.701288929289, 34.0334627157647], [-118.701235236613, 34.033505043993], [-118.701181546029, 34.0335473731201], [-118.701127855403, 34.0335897013185], [-118.701091595669, 34.0335268648656], [-118.701055337062, 34.0334640293107], [-118.701019078512, 34.0334011937398], [-118.700982818937, 34.0333383581407], [-118.700910771153, 34.033293739164], [-118.700838723436, 34.0332491210409], [-118.700766675815, 34.0332045019687], [-118.700694628275, 34.0331598828488], [-118.700608326391, 34.0331362575801], [-118.700522024529, 34.0331126340482], [-118.700435722749, 34.0330890086474], [-118.700349422088, 34.0330653840944], [-118.700294961886, 34.0330942632411], [-118.700240502756, 34.0331231405704], [-118.700251397284, 34.0331840532556], [-118.700223242536, 34.0332032764217], [-118.700214999878, 34.0332090002561], [-118.700206662408, 34.0332696023655], [-118.700198323856, 34.0333302035566], [-118.70018998636, 34.0333908056567], [-118.70018207887, 34.0334490360882], [-118.700174172467, 34.0335072656265], [-118.700205586207, 34.0335556325652], [-118.70023699997, 34.0336040003941], [-118.700250801153, 34.0336628843026], [-118.700264602342, 34.0337217691071], [-118.700282053691, 34.0337956861777], [-118.700281940071, 34.0337957461885], [-118.700281999784, 34.0337960002148], [-118.700281246323, 34.0337961133289], [-118.700202132254, 34.0338380147804], [-118.700123018086, 34.0338799170764], [-118.700043904932, 34.0339218184266], [-118.699964790611, 34.0339637197074], [-118.69988088789, 34.0339466740053], [-118.699796984121, 34.0339296282287], [-118.699713081472, 34.0339125824025], [-118.699629176709, 34.0338955355878], [-118.699545274132, 34.0338784896372], [-118.69949186546, 34.0338149149934], [-118.699438454693, 34.0337513411967], [-118.699385046208, 34.0336877655925], [-118.69933163671, 34.0336241908478], [-118.699278228382, 34.033560616086], [-118.69922481796, 34.0334970421713], [-118.699171408721, 34.0334334673382], [-118.69909644302, 34.0334025909659], [-118.699021477363, 34.0333717154446], [-118.698946510682, 34.0333408398606], [-118.698871546225, 34.0333099642508], [-118.698796579676, 34.0332790876646], [-118.698721614253, 34.0332482119417], [-118.69864094214, 34.0332496143498], [-118.698560270054, 34.0332510148978], [-118.698479599018, 34.0332524172039], [-118.698398926926, 34.0332538176377], [-118.698320930117, 34.0332635386522], [-118.698242932205, 34.0332732596009], [-118.698164935342, 34.0332829814098], [-118.698086937393, 34.0332927022515], [-118.698008940506, 34.0333024230519], [-118.698054181518, 34.033239974624], [-118.69809942136, 34.0331775270627], [-118.698144662228, 34.0331150785902], [-118.69818990301, 34.0330526309968], [-118.698264220751, 34.0330258371044], [-118.698338538441, 34.0329990431627], [-118.698412856081, 34.0329722491717], [-118.698342504411, 34.0329537956443], [-118.698272151677, 34.0329353429621], [-118.698184421753, 34.0329301332938], [-118.69809669187, 34.032924921755], [-118.698008961968, 34.0329197119514], [-118.697921232094, 34.0329145011788], [-118.697865616068, 34.0329112506512], [-118.697810000048, 34.0329080000965], [-118.697794992076, 34.0329079997785], [-118.697762831506, 34.03290828115], [-118.697719887443, 34.0329798536334], [-118.697676944369, 34.0330514270087], [-118.697634000135, 34.0331230003497], [-118.697675321511, 34.0331787174443], [-118.69771664296, 34.033234433619], [-118.697757964452, 34.0332901506767], [-118.697789305891, 34.0333321721417], [-118.697854153356, 34.0333685857104], [-118.697918999783, 34.0334050001297], [-118.697919013233, 34.0334054321418], [-118.697919051856, 34.0334054542215], [-118.697919416489, 34.0334191281943], [-118.69792199795, 34.0335069160056], [-118.697948621444, 34.0335395214317], [-118.69800141358, 34.0336040139084], [-118.69805420687, 34.0336685072697], [-118.698107000261, 34.0337329997006], [-118.698142900585, 34.0338002201083], [-118.698178803166, 34.0338674387216], [-118.698214703612, 34.0339346590968], [-118.698248159565, 34.0339971001718], [-118.698300515603, 34.0340296272893], [-118.698352871715, 34.0340621525786], [-118.698405227839, 34.0340946796456], [-118.698476901765, 34.0341391408309], [-118.698548575785, 34.0341836010675], [-118.698587999679, 34.0342080012454], [-118.698588409189, 34.0342082556636], [-118.698631873845, 34.0342558366034], [-118.69868743683, 34.0343164186465], [-118.698742999914, 34.0343769997571], [-118.698742681419, 34.0343771367646], [-118.698742739917, 34.0343772014453], [-118.698668405303, 34.0344091551842], [-118.698594070628, 34.0344411088733], [-118.698640303396, 34.0345120823204], [-118.69868653518, 34.0345830548294], [-118.698732768129, 34.0346540273265], [-118.698779000079, 34.0347249997869], [-118.698715401537, 34.0347558049908], [-118.698651805112, 34.0347866101829], [-118.69871802183, 34.0347863174094], [-118.698784238563, 34.0347860236961], [-118.698850456363, 34.0347857308579], [-118.698936188358, 34.0347765360235], [-118.699021920333, 34.0347673411244], [-118.699107652288, 34.0347581461606], [-118.699193385291, 34.034748952046], [-118.699279117206, 34.034739756953], [-118.699364849101, 34.0347305617954], [-118.699450580976, 34.0347213665731], [-118.699538496973, 34.0347209298498], [-118.699626412969, 34.0347204930584], [-118.699714328964, 34.0347200561993], [-118.699802244973, 34.0347196183708], [-118.699890160966, 34.0347191813759], [-118.699978076958, 34.0347187443132], [-118.700065992949, 34.0347183071826], [-118.700153908939, 34.034717869984], [-118.700241824928, 34.0347174327177], [-118.700329740901, 34.0347169962849], [-118.700417656903, 34.0347165579814], [-118.700505572874, 34.0347161214128], [-118.70059348886, 34.034715683875], [-118.700681404829, 34.0347152471707], [-118.700769320797, 34.0347148103985], [-118.70085723678, 34.0347143726571], [-118.700945152761, 34.0347139348478], [-118.701033068727, 34.034713497872], [-118.701120984691, 34.0347130608284], [-118.701208900655, 34.0347126237169], [-118.70129647166, 34.0347164326583], [-118.701384042659, 34.0347202424338], [-118.701471613697, 34.0347240503391], [-118.701559184728, 34.0347278590785], [-118.701649091991, 34.034725929675], [-118.701739000333, 34.0347240002128], [-118.701794255474, 34.034738082621], [-118.701880873089, 34.0347418495901], [-118.701967489601, 34.0347456182837], [-118.702054108316, 34.0347493851334], [-118.702140724873, 34.0347531518924], [-118.702227342492, 34.0347569204007], [-118.702313961232, 34.0347606870526], [-118.702400577814, 34.034764453614], [-118.702487195473, 34.0347682210232], [-118.702573814208, 34.0347719892803], [-118.702660430815, 34.0347757556439], [-118.702747048499, 34.0347795228555], [-118.702833666175, 34.0347832909026], [-118.702920283875, 34.0347870579823], [-118.702945082809, 34.0348578837486], [-118.702969881802, 34.0349287086025], [-118.703040161475, 34.0349227823345], [-118.703110441167, 34.0349168542201], [-118.703180719752, 34.0349109269514], [-118.703251000491, 34.0349049996641], [-118.703277999776, 34.0349845001673], [-118.703305000214, 34.0350639997681], [-118.70331328634, 34.0351417139104], [-118.703321571386, 34.0352194289345], [-118.703329856462, 34.0352971430501], [-118.703338142638, 34.0353748571707], [-118.70334642883, 34.035452571284], [-118.703354713941, 34.0355302862792], [-118.703363000165, 34.0356080003781], [-118.703369999553, 34.0356970002237], [-118.703377000039, 34.0357860000724], [-118.703384000542, 34.035874999912], [-118.703390999977, 34.0359639997302], [-118.703383000349, 34.0360426003425], [-118.703374999638, 34.0361212000337], [-118.703366999994, 34.0361997997299], [-118.703359000318, 34.0362784003201], [-118.703350999559, 34.0363569999893], [-118.703349749823, 34.0364342502193], [-118.703348500085, 34.0365115004428], [-118.703347250359, 34.0365887497584], [-118.703345999533, 34.0366659999564], [-118.703327750107, 34.0367452501442], [-118.70330949956, 34.0368245003097], [-118.703291250075, 34.0369037495764], [-118.703273000538, 34.0369829997347], [-118.703245000165, 34.0370502001468], [-118.703216999759, 34.0371173996458], [-118.703189000373, 34.0371846000466], [-118.703160999856, 34.0372518004232], [-118.70313300039, 34.0373189998989], [-118.703097799816, 34.0373971995607], [-118.70306260024, 34.0374754001186], [-118.703027399526, 34.0375535997452], [-118.702992199811, 34.0376318002679], [-118.70295700004, 34.0377099998716], [-118.702945344379, 34.0377344414402], [-118.702928063534, 34.0378082939425], [-118.702910780477, 34.0378821473128], [-118.702893499568, 34.0379559997979], [-118.702829945435, 34.0379837152948], [-118.702766391287, 34.0380114289527], [-118.702707793004, 34.0380753216492], [-118.702649194612, 34.0381392152124], [-118.70259059832, 34.038203106963], [-118.702531999752, 34.0382669995555], [-118.702480499699, 34.0383247503008], [-118.702428999586, 34.0383825001178], [-118.70237750048, 34.0384402499201], [-118.702326000216, 34.0384979996832], [-118.702264399594, 34.0385553999157], [-118.702202799965, 34.0386128001237], [-118.70214120133, 34.038670200307], [-118.702079601522, 34.0387276004411], [-118.702018000556, 34.0387849996245], [-118.701948600688, 34.038829999746], [-118.701879200741, 34.038874999823], [-118.701809799632, 34.0389199998431], [-118.701740399527, 34.0389649998311], [-118.701671000425, 34.0390099997868], [-118.701700400503, 34.0390772004144], [-118.701729799563, 34.0391444001158], [-118.701759199755, 34.0392115998169], [-118.701788599983, 34.0392788004068], [-118.701818000276, 34.0393460000828], [-118.701868854705, 34.0393647032519], [-118.701919711324, 34.0393834064226], [-118.701990068568, 34.039409161271], [-118.702060428024, 34.0394349161], [-118.702121524619, 34.0394965247049], [-118.702146999755, 34.0395219996615], [-118.702200749986, 34.0395680002519], [-118.702254500295, 34.0396139999133], [-118.702308249568, 34.0396600004359], [-118.702362000002, 34.0397060000419], [-118.702425000123, 34.0397566669821], [-118.70248800034, 34.0398073329833], [-118.70255099954, 34.0398579998358], [-118.702609999953, 34.0399149997471], [-118.702669000452, 34.0399719996242], [-118.702727999938, 34.0400290003563], [-118.702803250271, 34.0400764996224], [-118.702878499596, 34.0401239997253], [-118.702953750095, 34.0401714997885], [-118.703028999601, 34.040218999787], [-118.703112999635, 34.0402365002741], [-118.70319699972, 34.0402539997974], [-118.703280999828, 34.0402715001599], [-118.703364999987, 34.0402889995586], [-118.703430902021, 34.0402871082291], [-118.703496805148, 34.0402852159724], [-118.703555543987, 34.0402391334375], [-118.703614282772, 34.0401930499685], [-118.703673021502, 34.0401469655655], [-118.703731761218, 34.040100882945], [-118.703790499782, 34.0400548002796], [-118.703872409784, 34.0400215041814], [-118.703954320784, 34.0399882089369], [-118.704036230647, 34.0399549127185], [-118.704064114848, 34.0398964571882], [-118.704092000119, 34.0398379998569], [-118.704103000339, 34.0397764996021], [-118.704114000526, 34.0397150002435], [-118.704082702634, 34.0396676611758], [-118.704051406946, 34.0396203221216], [-118.704023052967, 34.0395778607003], [-118.703994700086, 34.0395354001838], [-118.703995049843, 34.0395350750886], [-118.703995000176, 34.0395349996925], [-118.704040768466, 34.0394925387671], [-118.704086535623, 34.039450077809], [-118.70409462273, 34.0394425704445], [-118.704073699943, 34.0393720003895], [-118.704014187113, 34.0393154308402], [-118.703954675435, 34.0392588621701], [-118.703895161677, 34.0392022934407], [-118.703827474825, 34.0392168309671], [-118.703759789045, 34.039231367564], [-118.703706346326, 34.0392805416281], [-118.703652903541, 34.0393297156646], [-118.703599459592, 34.0393788905623], [-118.703546016658, 34.0394280654447], [-118.703492573674, 34.0394772393979], [-118.703411820882, 34.0394451372409], [-118.703331068156, 34.0394130350255], [-118.703250315511, 34.0393809318502], [-118.703169561819, 34.0393488304071], [-118.703088809291, 34.0393167280166], [-118.703103829383, 34.0392815302094], [-118.703059283187, 34.0392718809379], [-118.703014737002, 34.039262231649], [-118.703038330214, 34.039213421205], [-118.703061923412, 34.0391646098519], [-118.703096080276, 34.0391064071529], [-118.703130236007, 34.0390482044275], [-118.703164392786, 34.0389900007991], [-118.703203594923, 34.0389230011219], [-118.703242798106, 34.0388559996359], [-118.70328200011, 34.0387889999218], [-118.703283092076, 34.0387413297435], [-118.703284182958, 34.0386936595503], [-118.703284829477, 34.0386584657306], [-118.703284913797, 34.0385750284178], [-118.703285000313, 34.0384915893192], [-118.703284999685, 34.0384239998545], [-118.703353591781, 34.0383673178918], [-118.703422182695, 34.0383106358721], [-118.703490774593, 34.0382539538198], [-118.703559367475, 34.038197271735], [-118.703595776509, 34.0381671425537], [-118.703595850483, 34.0381671226595], [-118.703595999794, 34.0381669999415], [-118.703621508756, 34.0381602219503], [-118.703680218417, 34.0381444301383], [-118.70373892807, 34.0381286373943], [-118.70380134358, 34.0380684868002], [-118.703863760064, 34.0380083370816], [-118.703926176437, 34.0379481882262], [-118.703988591648, 34.037888038419], [-118.704051008943, 34.0378278876968], [-118.704113425046, 34.0377677378256], [-118.704175841039, 34.0377075888175], [-118.704238256952, 34.0376474388699], [-118.704300672769, 34.0375872888841], [-118.704300732844, 34.0375872580123], [-118.704301000267, 34.0375869995972], [-118.704341986274, 34.0375656080418], [-118.704382973328, 34.0375442173849], [-118.704452934812, 34.0375076023038], [-118.7045228973, 34.037470988092], [-118.704592858655, 34.0374343729221], [-118.704662822111, 34.0373977577322], [-118.704732784389, 34.0373611442886], [-118.704802745549, 34.0373245289852], [-118.704848538873, 34.0372541721985], [-118.704894331032, 34.0371838153757], [-118.704940124207, 34.0371134576399], [-118.704971062486, 34.0370657291768], [-118.70500199966, 34.0370179997892], [-118.705087833282, 34.0370038328828], [-118.705173666858, 34.0369896668129], [-118.705259500418, 34.0369754997766], [-118.705345332865, 34.0369613326632], [-118.705431167417, 34.0369471673122], [-118.705516999802, 34.0369330000689], [-118.705600795768, 34.0369107278639], [-118.705685289893, 34.0368882128931], [-118.70576978397, 34.036865697859], [-118.705854277999, 34.0368431827617], [-118.70593877198, 34.0368206676012], [-118.706023266995, 34.0367981523897], [-118.706107760879, 34.0367756371027], [-118.706192254715, 34.0367531217525], [-118.706276748488, 34.0367306072404], [-118.706341632903, 34.0367121830658], [-118.706355999687, 34.0367079997544], [-118.706442714533, 34.0367118571859], [-118.706529429401, 34.0367157136498], [-118.706616143181, 34.0367195709369], [-118.706702856954, 34.0367234290593], [-118.70678957075, 34.0367272862143], [-118.706876285638, 34.0367311433155], [-118.706963000534, 34.0367350003507], [-118.706962997266, 34.0367351337472], [-118.706963410686, 34.0367351519649], [-118.706962410555, 34.036762085189], [-118.706961999922, 34.0367810001543], [-118.706884558018, 34.0368152751956], [-118.70680711713, 34.0368495501953], [-118.706729675106, 34.0368838242273], [-118.706652234083, 34.036918099119], [-118.70657479191, 34.0369523739446], [-118.706529000334, 34.0369727073678], [-118.706483207681, 34.0369930389572], [-118.706454081992, 34.0369996196355], [-118.706412396504, 34.037009161776], [-118.706351125867, 34.037067365911], [-118.706289857306, 34.0371255700339], [-118.706228586503, 34.0371837731941], [-118.706167317761, 34.0372419772437], [-118.706106047845, 34.0373001812442], [-118.706044777839, 34.037358385208], [-118.705983508826, 34.0374165891475], [-118.705922238654, 34.0374747921366], [-118.705860970543, 34.0375329960151], [-118.705799700176, 34.0375911998322], [-118.70573391905, 34.0376083801403], [-118.705668138963, 34.0376255613238], [-118.705602357795, 34.0376427406539], [-118.705536577665, 34.0376599208593], [-118.705495080687, 34.0377019820158], [-118.705453583679, 34.0377440422539], [-118.705401924472, 34.037796462388], [-118.705350264098, 34.0378488833847], [-118.705298603686, 34.0379013025522], [-118.705268984236, 34.0379848891771], [-118.705239362558, 34.0380684757621], [-118.705209742982, 34.0381520623563], [-118.705180123344, 34.0382356489352], [-118.705150502575, 34.0383192345849], [-118.705120881714, 34.0384028220221], [-118.705091261902, 34.0384864076534], [-118.705061641998, 34.0385699950722], [-118.705032022061, 34.0386535806727], [-118.705002400949, 34.0387371680484], [-118.704972780886, 34.0388207536182], [-118.704943160731, 34.0389043409754], [-118.704913540529, 34.0389879274159], [-118.704883920263, 34.0390715138409], [-118.704854299935, 34.0391551002506], [-118.704935665438, 34.0391867756026], [-118.705017028812, 34.0392184526736], [-118.705098394432, 34.0392501288085], [-118.705179759019, 34.0392818057733], [-118.705261123687, 34.0393134817775], [-118.705342488405, 34.0393451586238], [-118.705423853188, 34.0393768354109], [-118.705505218037, 34.0394085121388], [-118.705586581882, 34.0394401878938], [-118.705667946847, 34.0394718654046], [-118.705749311906, 34.0395035410534], [-118.705830675918, 34.0395352184336], [-118.705912041108, 34.0395668939639], [-118.705993406334, 34.0395985712378], [-118.706074770572, 34.0396302466374], [-118.706156134845, 34.0396619237805], [-118.706237500282, 34.0396935999754], [-118.706263030703, 34.039736927622], [-118.706288563304, 34.0397802561868], [-118.706357922371, 34.0397709418994], [-118.706427281421, 34.0397616275697], [-118.706496641524, 34.0397523141113], [-118.706566000541, 34.0397429996969], [-118.706627000403, 34.0397544996533], [-118.706688000282, 34.0397659995769], [-118.706676399935, 34.0398385997543], [-118.706664799566, 34.0399111999247], [-118.706653200259, 34.0399838001005], [-118.706641599848, 34.0400564002569], [-118.706630000499, 34.0401290004187], [-118.706628998715, 34.0402040019112], [-118.706693339487, 34.0402576460315], [-118.706757679279, 34.0403112891986], [-118.706822020226, 34.0403649332399], [-118.706886360192, 34.040418576328], [-118.706950700231, 34.040472220278], [-118.706983557761, 34.0404995882836], [-118.707058625483, 34.0405382516801], [-118.707133694346, 34.0405769159393], [-118.707208761118, 34.0406155801227], [-118.707283829046, 34.0406542442673], [-118.707358897047, 34.0406929083608], [-118.707433964039, 34.0407315723909], [-118.707509032188, 34.0407702363821], [-118.70758410041, 34.0408089003223], [-118.707575426526, 34.0408947048116], [-118.707566752608, 34.0409805101935], [-118.707558078686, 34.0410663146653], [-118.707549405827, 34.0411521191406], [-118.707540731867, 34.0412379235949], [-118.707532058957, 34.0413237289542], [-118.707456432391, 34.0413134384193], [-118.707380804791, 34.0413031460189], [-118.707305177181, 34.041292855371], [-118.707229549621, 34.04128256287], [-118.707153923134, 34.0412722721337], [-118.707078295598, 34.0412619804334], [-118.707059830913, 34.0412648929646], [-118.706973683378, 34.041278656575], [-118.706887534716, 34.0412924210092], [-118.70686120202, 34.0412383160745], [-118.706834870459, 34.0411842102413], [-118.706747575364, 34.0409746262501], [-118.706578625503, 34.0407986802974], [-118.706330606545, 34.0407291134166], [-118.706037991527, 34.0407144582158], [-118.706026088253, 34.0407962400618], [-118.706014184956, 34.0408780218992], [-118.706002281633, 34.040959803728], [-118.705990379369, 34.0410415855605], [-118.705978475983, 34.0411233682736], [-118.706034230894, 34.041178230552], [-118.706068683907, 34.0412121317041], [-118.706111968589, 34.0413130768736], [-118.706178969682, 34.041418730793], [-118.706245620346, 34.0415458363362], [-118.706167112356, 34.0416520298318], [-118.70608898256, 34.0416852063895], [-118.706031710086, 34.0417095265922], [-118.70601085378, 34.0417183829047], [-118.705956747566, 34.0417413578323], [-118.705816805435, 34.0417012596741], [-118.705666909886, 34.0416766706963], [-118.705496831233, 34.0416533775785], [-118.705320904425, 34.0416513778164], [-118.705246800959, 34.0416993583369], [-118.705284384085, 34.0417547112796], [-118.705397377524, 34.0417941386292], [-118.705497943397, 34.0418090126958], [-118.705563416567, 34.0418402724273], [-118.705617092266, 34.0419202191593], [-118.705658947678, 34.0420503799014], [-118.705631999705, 34.0421889998082], [-118.705619974437, 34.0423032060871], [-118.705715431183, 34.0425178907421], [-118.705771196997, 34.0426939813883], [-118.705926723714, 34.0428223826555], [-118.706039089174, 34.0428129621671], [-118.706115543487, 34.0427799812116], [-118.706191999901, 34.0427470002281], [-118.70623793183, 34.0427358890099], [-118.706283863746, 34.0427247777729], [-118.706432425739, 34.042707292368], [-118.706666116724, 34.0426466225869], [-118.706850964522, 34.0425071538531], [-118.706875931776, 34.0424923891794], [-118.706903072325, 34.0424821498276], [-118.706931570927, 34.0424767456971], [-118.706960574725, 34.0424763366001], [-118.706989213748, 34.0424809370018], [-118.707016632461, 34.042490407363], [-118.707042004767, 34.0425044642281], [-118.707064573979, 34.0425226860876], [-118.707083662351, 34.0425445270099], [-118.70709869681, 34.0425693322602], [-118.707109229197, 34.0425963592657], [-118.707114942422, 34.0426247984219], [-118.70711566526, 34.0426537957994], [-118.70711137619, 34.0426824829394], [-118.707102204069, 34.0427100021055], [-118.707088423479, 34.0427355260653], [-118.707070447678, 34.0427582913686], [-118.707048815326, 34.0427776153275], [-118.706864826711, 34.0428090496372], [-118.706667721464, 34.0428217109149], [-118.706353495609, 34.0428814659647], [-118.706252501659, 34.0430367632615], [-118.706155063829, 34.0432479748903], [-118.705956430573, 34.0433537400869], [-118.705733838674, 34.0435560795479], [-118.70570572572, 34.0439058990466], [-118.705889915684, 34.0441352097218], [-118.706139706377, 34.0443343702405], [-118.706126094639, 34.0443695094172], [-118.706094693078, 34.0444505780837], [-118.70606329252, 34.044531647648], [-118.706046629165, 34.0445746679332], [-118.706008303732, 34.0446986862718], [-118.705861208519, 34.0447941871996], [-118.705707984755, 34.0448594941031], [-118.705573833299, 34.0451261606735], [-118.705598785774, 34.0452419156005], [-118.705762744792, 34.0453406264302], [-118.705913403212, 34.0454317344104], [-118.706001606104, 34.0455109585658], [-118.705925925502, 34.0457596650132], [-118.706038164974, 34.0460105073276], [-118.706169829895, 34.0461684479208], [-118.706379083681, 34.0462341473993], [-118.706661453156, 34.0462075545675], [-118.706892389431, 34.0460425578056], [-118.707047506204, 34.0458617996408], [-118.707420788858, 34.045677576905], [-118.707452428944, 34.0457061433874], [-118.707512714155, 34.0457605709851], [-118.707573000504, 34.0458150003627], [-118.707652998038, 34.0458163363407], [-118.707732994507, 34.0458176713489], [-118.70781299313, 34.0458190072269], [-118.707889499454, 34.0458202890049], [-118.707966005781, 34.0458215707315], [-118.708051404199, 34.0458229577793], [-118.708136802606, 34.0458243456645], [-118.708728461339, 34.0462384578703], [-118.708955128133, 34.0463341486536], [-118.709271951029, 34.0463898879896], [-118.709522148051, 34.0464150720229], [-118.709594589059, 34.0463637442262], [-118.709724222712, 34.0463726634039], [-118.709812552264, 34.0464444362439], [-118.709950404019, 34.0464981453212], [-118.709961573561, 34.0466360919107], [-118.710072458246, 34.0466969459466], [-118.710240777908, 34.0468031482177], [-118.710470218868, 34.0470031643063], [-118.710787808732, 34.0472861247608], [-118.711013384895, 34.0474488467087], [-118.711138060076, 34.0474875058377], [-118.711224289493, 34.0474139850355], [-118.711198903368, 34.0473243010492], [-118.711111970701, 34.0471668728075], [-118.711061319506, 34.0469800564298], [-118.711163378575, 34.0470333589325], [-118.711169616359, 34.0469254090501], [-118.711223978163, 34.0468850506103], [-118.711243152699, 34.0468070448172], [-118.710946287156, 34.0460773358009], [-118.710997633758, 34.0459475464359], [-118.711097283797, 34.045874178409], [-118.711213555487, 34.045879217607], [-118.711271052144, 34.0459208417972], [-118.71130611625, 34.0459659374267], [-118.711268862508, 34.0460549127818], [-118.711294369947, 34.0461371485907], [-118.711392352225, 34.0464399716353], [-118.711499893059, 34.0467056534287], [-118.711629162667, 34.0467369143799], [-118.711875615156, 34.0467173529117], [-118.711989723286, 34.0465808233259], [-118.711815456484, 34.0460163972266], [-118.711612370105, 34.0457157637185], [-118.711599999888, 34.0457020001751], [-118.711605000547, 34.0456919997381], [-118.711608333398, 34.0456113325669], [-118.711611667296, 34.0455306672033], [-118.711615000134, 34.0454500000176], [-118.7115371675, 34.0454696672235], [-118.71145933269, 34.0454893325484], [-118.711381499979, 34.0455089996472], [-118.711303667228, 34.0455286666922], [-118.71122583337, 34.04554833277], [-118.711148000542, 34.0455679997079], [-118.711062249856, 34.0455902501416], [-118.710976500218, 34.0456124996211], [-118.710890750518, 34.0456347499369], [-118.710804999687, 34.0456570001753], [-118.710726250379, 34.0456432497007], [-118.710647500001, 34.0456295000606], [-118.710568749651, 34.0456157503659], [-118.710490000426, 34.0456019997274], [-118.710493999575, 34.0455430003189], [-118.710497999815, 34.0454840000173], [-118.710579143141, 34.045454570938], [-118.710660286392, 34.0454251427013], [-118.710741428499, 34.0453957143935], [-118.710822570546, 34.0453662860271], [-118.71090371363, 34.0453368567128], [-118.710984856624, 34.0453074291424], [-118.711065999586, 34.0452779997105], [-118.71113500017, 34.0452203326911], [-118.711203999541, 34.0451626674168], [-118.711272999923, 34.0451050003065], [-118.711335999734, 34.0450453331947], [-118.711399000519, 34.0449856669578], [-118.71146200014, 34.0449259997685], [-118.711493000124, 34.0448552003758], [-118.711524000068, 34.0447844000677], [-118.711554999956, 34.0447135997457], [-118.711585999774, 34.0446428003112], [-118.711616999551, 34.0445719999613], [-118.711658999548, 34.0445022003561], [-118.711700999486, 34.0444323998286], [-118.711743000417, 34.044362600194], [-118.711785000206, 34.0442927996248], [-118.711826999906, 34.0442229999363], [-118.711886750375, 34.0441759997562], [-118.711946499674, 34.0441290004316], [-118.71200625, 34.044082000184], [-118.712066000254, 34.0440349999027], [-118.712128667279, 34.0440030004489], [-118.712191333185, 34.0439710000458], [-118.712254000123, 34.0439389996193], [-118.712312333529, 34.043905000065], [-118.712370666899, 34.0438709995782], [-118.712429000204, 34.0438369999617], [-118.71249766673, 34.0438156669938], [-118.712566333234, 34.0437943330825], [-118.712634999685, 34.0437730000309], [-118.712715000477, 34.0437685002534], [-118.712795000176, 34.0437640004076], [-118.7128422033, 34.0437943921054], [-118.712889406474, 34.0438247828811], [-118.712944377041, 34.0437545514345], [-118.712999347526, 34.0436843190547], [-118.713054316829, 34.0436140866306], [-118.712992658092, 34.0436265438187], [-118.712931000432, 34.0436390000841], [-118.712881000464, 34.0436234996147], [-118.7128310005, 34.0436080000244], [-118.712849999761, 34.0435220001995], [-118.712877500226, 34.0434602504331], [-118.712904999581, 34.0433984997423], [-118.71293249996, 34.0433367499542], [-118.712960000297, 34.0432750001553], [-118.713008199617, 34.0432085003602], [-118.713056399954, 34.0431419996506], [-118.713104600194, 34.0430754998172], [-118.713152800354, 34.0430089999585], [-118.713201000432, 34.0429425000746], [-118.71324920043, 34.0428760001654], [-118.713297400345, 34.0428095002309], [-118.71334560018, 34.0427430002712], [-118.713393799934, 34.0426765002863], [-118.713441999606, 34.0426100002761], [-118.71346025047, 34.0425312503683], [-118.713478500216, 34.0424525004386], [-118.713496749939, 34.0423737495977], [-118.713514999612, 34.0422949996484], [-118.713536999972, 34.0422126668334], [-118.713559000302, 34.0421303331053], [-118.713580999488, 34.0420480002548], [-118.713581999472, 34.0419843325765], [-118.713583000508, 34.041920666709], [-118.713584000474, 34.0418569999233], [-118.713632333302, 34.0418093333367], [-118.713680667154, 34.0417616667393], [-118.713728999865, 34.0417140001067], [-118.713748499614, 34.0416705003602], [-118.713768000439, 34.0416269997191], [-118.71371474999, 34.0415682495643], [-118.713661499605, 34.0415095002821], [-118.713608250398, 34.0414507500821], [-118.713555000186, 34.0413919998411], [-118.713491399764, 34.0413323996752], [-118.713427800506, 34.0412728003834], [-118.713364200276, 34.0412132001386], [-118.713300600142, 34.0411535998543], [-118.713237000089, 34.0410940004321], [-118.713226500057, 34.0410394997824], [-118.713216000024, 34.0409850000298], [-118.713215965077, 34.0409848184187], [-118.713146232362, 34.0409601135718], [-118.713076498563, 34.0409354113735], [-118.713006765921, 34.0409107073412], [-118.712937033307, 34.040886004167], [-118.712867299669, 34.0408613000358], [-118.712925239099, 34.0407986391038], [-118.712983178438, 34.040735978138], [-118.713041116601, 34.0406733171262], [-118.713099055755, 34.0406106560928], [-118.713156994818, 34.0405479950257], [-118.713135000356, 34.0405150004316], [-118.713095499606, 34.0404549997094], [-118.713055999985, 34.0403949998832], [-118.713074000475, 34.0403126668663], [-118.713091999859, 34.0402303329255], [-118.713110000273, 34.040147999888], [-118.713178999854, 34.0400970003088], [-118.713248000443, 34.0400459997958], [-118.713328999612, 34.0400263328839], [-118.713409999809, 34.0400066668275], [-118.71349099998, 34.0399869998118], [-118.713567000193, 34.0400044995712], [-118.713643000425, 34.0400220001809], [-118.713643276643, 34.0400220646079], [-118.713701229154, 34.0399593889598], [-118.713759181587, 34.0398967123766], [-118.713817133928, 34.0398340357595], [-118.713875086178, 34.0397713591087], [-118.71393303832, 34.0397086833254], [-118.713990991483, 34.0396460057178], [-118.714048943441, 34.039583329867], [-118.714106895322, 34.0395206530809], [-118.714164848179, 34.0394579771747], [-118.714222799876, 34.0393953003211], [-118.714268667012, 34.0393262165505], [-118.714314532985, 34.0392571327441], [-118.714360399946, 34.0391880498276], [-118.714406266826, 34.0391189668874], [-118.714452132558, 34.0390498830098], [-118.714498000361, 34.0389808000344], [-118.71452224741, 34.038895595349], [-118.714546494422, 34.0388103897491], [-118.714570741381, 34.038725184136], [-118.714594988274, 34.0386399794113], [-118.714555992327, 34.0385709861429], [-118.714516996449, 34.0385019928559], [-118.714477999542, 34.0384330004395], [-118.71441699974, 34.0383704998108], [-118.71435600002, 34.0383080000467], [-118.714295000396, 34.0382455002455], [-118.714233999787, 34.0381830003952], [-118.714232250269, 34.0380989997088], [-118.714230499657, 34.0380149999038], [-118.714228750132, 34.0379310001033], [-118.714226999528, 34.0378470002829], [-118.714273799564, 34.0377907996475], [-118.714320599519, 34.0377345998909], [-118.71436740049, 34.0376784001238], [-118.714414200312, 34.0376222003217], [-118.714461000082, 34.0375659995956], [-118.714523666558, 34.0375303328479], [-118.714586332962, 34.0374946669656], [-118.714649000407, 34.0374590001584], [-118.714687000382, 34.0373980000918], [-118.714738800088, 34.0373448002223], [-118.714790599724, 34.037291600326], [-118.714842400373, 34.0372384004153], [-118.714894199884, 34.0371851995644], [-118.714946000394, 34.0371319996003], [-118.714960999511, 34.0370637499525], [-118.714975999685, 34.0369955003098], [-118.714990999847, 34.0369272497586], [-118.71500599997, 34.0368590001018], [-118.714966199949, 34.0367903998638], [-118.714926399997, 34.0367217996067], [-118.7148866001, 34.036653200232], [-118.714846800286, 34.0365845999367], [-118.714807000542, 34.0365159996224], [-118.714758000301, 34.036466499966], [-118.714709000122, 34.0364170002858], [-118.714660000019, 34.0363674996805], [-118.714610999963, 34.0363179999527], [-118.714550999802, 34.0362780003833], [-118.714490999716, 34.0362379998791], [-118.714430999676, 34.036198000243], [-118.714370999712, 34.0361579996721], [-118.714310999794, 34.0361179999692], [-118.714235249855, 34.0360940003321], [-118.714159499977, 34.0360699997426], [-118.714083750131, 34.0360460000035], [-118.71400800033, 34.0360220002134], [-118.713924250169, 34.0360324999831], [-118.713840499985, 34.036042999691], [-118.713756749764, 34.0360535002387], [-118.713672999536, 34.0360639998233], [-118.713605332725, 34.0360150001342], [-118.713537667082, 34.0359660004146], [-118.713470000454, 34.0359169997385], [-118.713447999565, 34.0358522495467], [-118.713425999781, 34.0357875002597], [-118.713404000047, 34.0357227500625], [-118.713382000349, 34.0356579998564], [-118.713382999591, 34.03558933337], [-118.713383999914, 34.0355206668906], [-118.713385000235, 34.035452000406], [-118.71337140007, 34.0353711995947], [-118.713357799918, 34.035290399676], [-118.713344199794, 34.0352095997485], [-118.713330599698, 34.0351287998122], [-118.71331699963, 34.035047999867], [-118.713350999742, 34.0349900004289], [-118.713384999818, 34.0349320000756], [-118.713418999845, 34.0348739997083], [-118.713414332678, 34.0347876667021], [-118.713409666618, 34.0347013327982], [-118.713404999471, 34.0346149997751], [-118.713372999809, 34.0345423333309], [-118.713341000206, 34.0344696668719], [-118.71330899958, 34.0343970003859], [-118.713285000283, 34.0343416670136], [-118.713260999952, 34.0342863327192], [-118.71324983273, 34.0342605854291], [-118.713236999625, 34.0342310002193], [-118.713362497318, 34.0341277122634], [-118.713401745058, 34.0341497061675], [-118.713423332495, 34.0341736192499], [-118.713453616013, 34.0341970923285], [-118.713490552946, 34.0342119619513], [-118.713522022024, 34.0342215712798], [-118.713550085084, 34.0342463950582], [-118.713580760167, 34.0342693036266], [-118.713615097213, 34.0342797008503], [-118.713646617455, 34.0343019211237], [-118.713673249596, 34.0343272976025], [-118.713674757536, 34.0343287346243], [-118.713677235812, 34.0343281801971], [-118.713682561912, 34.0343269898664], [-118.713689027165, 34.0343255437318], [-118.713710391383, 34.0343207668527], [-118.713736881208, 34.0343413876761], [-118.71373870887, 34.0343428102767], [-118.713748394696, 34.0343496869384], [-118.713766995479, 34.0343628951121], [-118.713797280118, 34.0343832531458], [-118.713830175643, 34.0343723260769], [-118.713860357787, 34.034387411397], [-118.713868637849, 34.034418613932], [-118.713902417145, 34.034431875398], [-118.713920762521, 34.0344569048826], [-118.713935376378, 34.0344898793196], [-118.713967804211, 34.0344987492331], [-118.714001454549, 34.0344972638712], [-118.714024065249, 34.0345237966537], [-118.714012448586, 34.034536913288], [-118.714015523239, 34.0345378432776], [-118.714045798988, 34.03456214465], [-118.714086477055, 34.0345653060254], [-118.714122558723, 34.0345655511663], [-118.714125832261, 34.0345369260029], [-118.714120900097, 34.0345091521373], [-118.714127622134, 34.0344748634178], [-118.714154651186, 34.0344392658963], [-118.714186872042, 34.0344216873642], [-118.714224368357, 34.0344263670901], [-118.714260048692, 34.0344109580309], [-118.71425803391, 34.0343784089798], [-118.714283318196, 34.0343561711743], [-118.714308977174, 34.034337989294], [-118.714351078314, 34.034328246099], [-118.714376794086, 34.0343069751293], [-118.71440240747, 34.034279622741], [-118.714426574471, 34.0342583550112], [-118.714462124685, 34.0342420843107], [-118.714498345502, 34.0342503333307], [-118.714540969291, 34.0342532460363], [-118.714575936541, 34.0342564753082], [-118.714598502479, 34.0342349622715], [-118.714626360627, 34.0342200562397], [-118.714650568985, 34.0341980397155], [-118.714645892866, 34.0341700947492], [-118.714643349476, 34.0341412001474], [-118.714614449048, 34.0341206929695], [-118.714580708175, 34.0341026131971], [-118.714555659119, 34.0340788352667], [-118.714539187319, 34.034054929657], [-118.71453801147, 34.0340257890273], [-118.714537283272, 34.0339976893656], [-118.714571595581, 34.034000363087], [-118.714573828644, 34.0340298239911], [-118.714606479105, 34.034044699865], [-118.714642363459, 34.0340497309101], [-118.714680036476, 34.0340455463431], [-118.71469539999, 34.034017009822], [-118.714699256959, 34.0339852636301], [-118.714734602871, 34.0340087926051], [-118.714763880153, 34.0340221851299], [-118.714793752325, 34.0340355582148], [-118.71482901549, 34.03404415335], [-118.714868800406, 34.0340424917351], [-118.714906286939, 34.0340488940497], [-118.714942765187, 34.0340576921932], [-118.714985068741, 34.0340621752798], [-118.715022150409, 34.0340663064145], [-118.715058269005, 34.0340840252053], [-118.715086984523, 34.0340580239699], [-118.715130331185, 34.0340508550281], [-118.715166330145, 34.0340599578355], [-118.715195474542, 34.0340820508008], [-118.715221278271, 34.0341032567799], [-118.715255215826, 34.0340970220602], [-118.715299213637, 34.0340956251043], [-118.715328573429, 34.0341099443349], [-118.71531824362, 34.0341426227819], [-118.715310396475, 34.0341716814413], [-118.71528334911, 34.0341993938145], [-118.715251692515, 34.0342145970486], [-118.715266738524, 34.0342460038377], [-118.715230947912, 34.0342399300197], [-118.715195543486, 34.0342322872903], [-118.715212264081, 34.0342596847195], [-118.715230334019, 34.034286754768], [-118.715238637465, 34.0343170856368], [-118.715238386272, 34.0343461542494], [-118.715244399355, 34.034373879856], [-118.715268636806, 34.0344004307433], [-118.715295648023, 34.0343780039342], [-118.715325748996, 34.034389709727], [-118.715363762115, 34.0343991696747], [-118.71540004096, 34.0344129123853], [-118.715434819301, 34.0344173077082], [-118.715469156263, 34.0344182134356], [-118.715503535583, 34.0344079328274], [-118.715532234772, 34.0343922489854], [-118.715549954373, 34.0343580734093], [-118.715573549398, 34.0343357991376], [-118.715608638475, 34.0343652861771], [-118.715613937819, 34.0343957508261], [-118.715648276044, 34.0344056290366], [-118.715681746294, 34.0344061543756], [-118.715713969006, 34.0343932979111], [-118.715761291059, 34.0343908139948], [-118.715802006103, 34.0344028160671], [-118.715836313758, 34.0344051233101], [-118.715871454522, 34.0344045512752], [-118.715907977683, 34.0344134009995], [-118.715938951443, 34.0343945006228], [-118.715970082933, 34.0343805489845], [-118.715999028795, 34.0343660723175], [-118.716019083429, 34.0343414644174], [-118.71605191558, 34.0343206988573], [-118.716089110136, 34.034305519073], [-118.716121584583, 34.0343109340445], [-118.716125868394, 34.0343154938462], [-118.716155073215, 34.0342954807517], [-118.716189412016, 34.0343041930635], [-118.71621986477, 34.0343171819274], [-118.716263244972, 34.0343194714085], [-118.716304554506, 34.0343205609698], [-118.716341662152, 34.0343390198712], [-118.716372671916, 34.0343505913774], [-118.716406520857, 34.0343573966693], [-118.71644127457, 34.0343496570446], [-118.71647630551, 34.0343536383667], [-118.716517102406, 34.0343633429786], [-118.716550389779, 34.034382238394], [-118.716570747324, 34.034405589742], [-118.716610746615, 34.0344066040191], [-118.71664541134, 34.0344064014378], [-118.716676623258, 34.0344202642487], [-118.716684972754, 34.0344195586393], [-118.716703692806, 34.0344426462792], [-118.716739957783, 34.03446018766], [-118.716772699138, 34.0344779679115], [-118.716818692571, 34.0345037132709], [-118.716845487559, 34.0345280657289], [-118.716881513776, 34.0345409792687], [-118.716923228028, 34.0345518219437], [-118.716960331608, 34.0345626189674], [-118.717003603928, 34.0345694887757], [-118.717038228834, 34.0345718731586], [-118.717075654515, 34.0345686533101], [-118.717109315483, 34.034549988454], [-118.717134865647, 34.034532001266], [-118.717146697831, 34.0345059932576], [-118.717158120532, 34.0344739950476], [-118.717191281506, 34.0344846880794], [-118.717224681961, 34.0345024359543], [-118.717242285011, 34.034471655966], [-118.717258823501, 34.0344460706051], [-118.717296096701, 34.0344305721573], [-118.717340323828, 34.0344340653593], [-118.717383784078, 34.0344325677778], [-118.717419495621, 34.0344377907366], [-118.717453221606, 34.0344322435916], [-118.717494339057, 34.0344368935995], [-118.717520251813, 34.0344328407141], [-118.71753765111, 34.0344301200498], [-118.717562899241, 34.0344339106249], [-118.717577649465, 34.034436125121], [-118.717621597704, 34.03444378578], [-118.717661305469, 34.0344424811485], [-118.717704543446, 34.0344373331509], [-118.717741460692, 34.0344319390602], [-118.717776346561, 34.0344351898711], [-118.717822789548, 34.0344378152712], [-118.717842620023, 34.0344614354335], [-118.717843008958, 34.0344942915664], [-118.717852276662, 34.0345208617758], [-118.717867940341, 34.0345482468957], [-118.717883698526, 34.0345792150514], [-118.717907945091, 34.0345551967763], [-118.717941635376, 34.0345702483717], [-118.717987254516, 34.034568192444], [-118.718024852104, 34.0345621874374], [-118.71805580051, 34.034576756441], [-118.718088564294, 34.0345998441582], [-118.718111257232, 34.03462299972], [-118.718144992721, 34.034627670978], [-118.71818181854, 34.0346488470611], [-118.718193471884, 34.0346889082739], [-118.718220041365, 34.034712571758], [-118.718241411305, 34.0347423732661], [-118.718273342098, 34.03475934335], [-118.718282390109, 34.0347669760768], [-118.718296687027, 34.0347790360298], [-118.718331615723, 34.0347910640222], [-118.718357480809, 34.0348106245708], [-118.718350324912, 34.0348535349326], [-118.718371102543, 34.0348649961349], [-118.718444713699, 34.0349055950022], [-118.718518324932, 34.0349461938201], [-118.718591935127, 34.0349867943793], [-118.718605000526, 34.0349939989536], [-118.718689051974, 34.0350064569438], [-118.718773102367, 34.0350189148596], [-118.718857152786, 34.0350313727132], [-118.718941203246, 34.0350438296032], [-118.719025253704, 34.0350562882338], [-118.719109305285, 34.035068745913], [-118.719193354713, 34.035081204407], [-118.719277406348, 34.0350936619618], [-118.719361456911, 34.0351061203436], [-118.719445507531, 34.0351185768604], [-118.719529558147, 34.0351310351178], [-118.719613607708, 34.0351434933009], [-118.71969765946, 34.0351559514461], [-118.72049399983, 34.0351536327211], [-118.720488931423, 34.0351589050051], [-118.720476275247, 34.0351953849222], [-118.720471619522, 34.0352445407624], [-118.720478716379, 34.0352920426218], [-118.720494875598, 34.0353328826582], [-118.720516478698, 34.0353740840797], [-118.720541709467, 34.0354239976317], [-118.720567858435, 34.035478601583], [-118.72060026538, 34.0355426080653], [-118.720638687729, 34.0356118752011], [-118.720688326099, 34.0356883439002], [-118.720738066447, 34.0357626697636], [-118.720789732483, 34.0358412726762], [-118.720792067599, 34.035844739327], [-118.720821925882, 34.0358890744144], [-118.720842022846, 34.0359189151772], [-118.72089970157, 34.0359882578388], [-118.720962716523, 34.0360485075823], [-118.721023851255, 34.0361031554051], [-118.721083613052, 34.0361490325541], [-118.721148807418, 34.0361842130532], [-118.721210385271, 34.036204911437], [-118.721273316056, 34.0362201163405], [-118.721344086688, 34.036225640644], [-118.721407251622, 34.036232010841], [-118.721414838813, 34.0362327758142], [-118.721472723366, 34.0362365117854], [-118.721488708348, 34.0362375432349], [-118.721565770429, 34.0362395831126], [-118.721652759093, 34.0362393091237], [-118.721741735522, 34.0362503766822], [-118.721820053946, 34.0362680629368], [-118.721890577684, 34.036285025143], [-118.721958940388, 34.0363042206019], [-118.722023551084, 34.0363231088506], [-118.72207996428, 34.0363462840345], [-118.72213641475, 34.0363676943198], [-118.722182482368, 34.0363825436029], [-118.722221001231, 34.03641157833], [-118.722294173256, 34.0364372990639], [-118.722312435813, 34.0364301074223], [-118.722391223274, 34.03649584087], [-118.722433320524, 34.0364928339525], [-118.722438867347, 34.0364897172181], [-118.72243023303, 34.0364444504494], [-118.722390216714, 34.0364000000605], [-118.722427384101, 34.0364248164026], [-118.722463867059, 34.0364312328835], [-118.722508783869, 34.0364198332329], [-118.722544582564, 34.0364437668651], [-118.722578734041, 34.0364547840488], [-118.722622166132, 34.0364450500422], [-118.722663332585, 34.0364409326756], [-118.722704566602, 34.0364260827784], [-118.722749183768, 34.0364257672659], [-118.72279556559, 34.0364360001422], [-118.722831034272, 34.0364373004013], [-118.722869533678, 34.0364275326193], [-118.722917816321, 34.0364222327573], [-118.722950449926, 34.0364152156947], [-118.72299781743, 34.0364022836054], [-118.723033165757, 34.0363932170222], [-118.723069199629, 34.0363963997264], [-118.723106382907, 34.0364005672068], [-118.723140416968, 34.0363914002045], [-118.723184100257, 34.0363864832215], [-118.723225533093, 34.0363950168612], [-118.723267249484, 34.0364004837953], [-118.723299983457, 34.0364049340129], [-118.723339016786, 34.036404267166], [-118.723386866957, 34.0364064841133], [-118.723427533015, 34.0364065162294], [-118.72346771555, 34.0364076500474], [-118.723515833529, 34.0364099826395], [-118.723548734366, 34.0364305665702], [-118.723574949623, 34.0364502172559], [-118.723608234125, 34.0364512998543], [-118.723635166768, 34.0364316173605], [-118.723669633167, 34.0364147330409], [-118.723701365845, 34.0363925672899], [-118.723738567134, 34.036394283378], [-118.723773050118, 34.0364008158681], [-118.723812733368, 34.0364089825794], [-118.723846783138, 34.0364084165859], [-118.723872415874, 34.0364290668348], [-118.723894832298, 34.0364264591239], [-118.723905800174, 34.0364251827766], [-118.723911625544, 34.036418633183], [-118.723927383042, 34.0364009170567], [-118.72392586748, 34.0365130670423], [-118.72396593437, 34.0364916166945], [-118.723991516594, 34.0364706495669], [-118.724020266507, 34.0364512325742], [-118.724052132567, 34.0364288500401], [-118.724068184346, 34.0364039831802], [-118.724083866528, 34.0363792672478], [-118.724088966963, 34.0363506344142], [-118.724080816897, 34.036312067408], [-118.724075517328, 34.0362800002491], [-118.724077111877, 34.0362568016068], [-118.724077716351, 34.0362480171026], [-118.724082167484, 34.036211916441], [-118.724091682615, 34.0361835999306], [-118.724082866928, 34.0361504998356], [-118.724080100361, 34.0361195167973], [-118.724082683386, 34.0360884332134], [-118.724108300304, 34.0360665828952], [-118.724125484308, 34.0360422173583], [-118.724144617049, 34.0360191674138], [-118.724154884499, 34.0359898666846], [-118.724151032593, 34.035957283806], [-118.724153199708, 34.0359262000637], [-118.724154132946, 34.0358982174463], [-118.724135466278, 34.0358704669334], [-118.724118566165, 34.0358410331285], [-118.72410933381, 34.0358077155824], [-118.724095417205, 34.0357790328538], [-118.724108632865, 34.0357496497505], [-118.724107016582, 34.0357167168524], [-118.724107065652, 34.035686282851], [-118.724091949684, 34.0356546826993], [-118.724091517196, 34.0356519586959], [-118.724086766798, 34.0356220326023], [-118.724065282504, 34.0355982832565], [-118.724032184183, 34.0356015827366], [-118.724001033489, 34.0355816829969], [-118.723972749956, 34.0356058998153], [-118.723950865576, 34.0356324170294], [-118.723966433147, 34.0356610001736], [-118.723942222844, 34.035686018145], [-118.723940982644, 34.0356872998152], [-118.723921450371, 34.0357116173826], [-118.723885133515, 34.0357109498774], [-118.723853867098, 34.0357256666748], [-118.723856550236, 34.0357539666053], [-118.723855965702, 34.0357830160931], [-118.723860167166, 34.0358141333354], [-118.723862066773, 34.0358429338741], [-118.72382671571, 34.0358432833339], [-118.723792517069, 34.0358302996472], [-118.723757667024, 34.0358105170671], [-118.723724933977, 34.0358156669825], [-118.723705116616, 34.0358377841713], [-118.723684182896, 34.0358073836813], [-118.723668582469, 34.0357762829297], [-118.723649915719, 34.0357484827435], [-118.723628716805, 34.03572356717], [-118.723658483957, 34.035710616951], [-118.723687932893, 34.035693033557], [-118.723715766333, 34.0356768331017], [-118.723709315867, 34.0356470330927], [-118.723698266248, 34.035619149682], [-118.723708433167, 34.0355874334273], [-118.723736465635, 34.0355613340701], [-118.723758899787, 34.0355324338748], [-118.723768878799, 34.0355158178347], [-118.723776866682, 34.0355025171202], [-118.72377719524, 34.0354897003669], [-118.723777569897, 34.0354751044156], [-118.723777633412, 34.0354726501311], [-118.723789529867, 34.0354594175598], [-118.723797816691, 34.0354501998326], [-118.723804018869, 34.035449411035], [-118.723818806429, 34.0354475301683], [-118.723837916513, 34.0354450999925], [-118.72387256652, 34.0354243327574], [-118.72388406684, 34.0353966831139], [-118.723880445508, 34.0353751669503], [-118.723878916978, 34.0353660826535], [-118.723879969534, 34.0353644833286], [-118.723897366945, 34.0353380330468], [-118.723929933594, 34.0353229332067], [-118.723955449952, 34.0352989838082], [-118.723983267349, 34.0352739169856], [-118.72399056187, 34.0352681961641], [-118.724009832568, 34.0352530825577], [-118.72403725042, 34.035229616053], [-118.72406874962, 34.0352136161577], [-118.724100050434, 34.0351954168854], [-118.724132499858, 34.0351678666837], [-118.724154467524, 34.0351426170735], [-118.724179983331, 34.0351164830915], [-118.724217799511, 34.0350955339374], [-118.724232367376, 34.0350688499459], [-118.724246017111, 34.0350320327474], [-118.724252549621, 34.0349958660932], [-118.724210367337, 34.0349863669349], [-118.724182116544, 34.0350032832048], [-118.724154116116, 34.0350227997191], [-118.724130620665, 34.035035704036], [-118.724125315567, 34.0350386171027], [-118.724081916766, 34.0350391171948], [-118.724051482969, 34.0350261333783], [-118.724022982539, 34.0350018843587], [-118.724033550287, 34.034966865558], [-118.724039049702, 34.0349381343734], [-118.724025682559, 34.0349048173398], [-118.724019406239, 34.0348945871304], [-118.724002582508, 34.0348732385827], [-118.723978815886, 34.0348572334275], [-118.723949582555, 34.0348353157678], [-118.723944433469, 34.0348043330309], [-118.723946263895, 34.0348017786334], [-118.723962632505, 34.0347789330299], [-118.723971912025, 34.0347669892155], [-118.72398136744, 34.0347548165669], [-118.723990249688, 34.034726449654], [-118.723998116754, 34.0346964999132], [-118.724022516627, 34.0346731339191], [-118.724034032864, 34.0346465663119], [-118.724057966527, 34.0346237666863], [-118.724082283759, 34.0346035002807], [-118.724118067361, 34.0346257329237], [-118.72414668353, 34.034639667366], [-118.724179099986, 34.0346570171816], [-118.724208732866, 34.0346437001655], [-118.724234684249, 34.034619284038], [-118.724268832595, 34.0346386339983], [-118.724303900422, 34.0346076672335], [-118.724325784438, 34.0345649332283], [-118.724341083923, 34.0345339830203], [-118.724360799943, 34.0345071826617], [-118.724373482922, 34.0344801827066], [-118.724394166987, 34.0344586169315], [-118.724395182623, 34.0344294162568], [-118.724415365725, 34.0344005168334], [-118.724430450383, 34.034375617402], [-118.724418083697, 34.0343500832101], [-118.724436217372, 34.0343264999744], [-118.724424433115, 34.0342983667427], [-118.724419640136, 34.0342722114464], [-118.72443341667, 34.0342730996446], [-118.724482284061, 34.034274550384], [-118.7245328826, 34.0342689998972], [-118.724567049794, 34.0342654661135], [-118.724598732782, 34.0342739162323], [-118.724646100531, 34.0342820497382], [-118.724680383463, 34.0342834172976], [-118.724721133072, 34.0342855830352], [-118.724758433493, 34.0342930339562], [-118.724795134308, 34.0342920168337], [-118.7248304505, 34.0342908327296], [-118.724881134435, 34.0342929996574], [-118.724923316959, 34.0342904670117], [-118.72495866592, 34.0342954996205], [-118.724998367049, 34.0342960658392], [-118.725032082965, 34.034299616879], [-118.725078783989, 34.0342995500934], [-118.725113749777, 34.0342980004456], [-118.72514868309, 34.0342934328393], [-118.725183900174, 34.0342922826778], [-118.725230467453, 34.0342982161425], [-118.725279533333, 34.0342967665795], [-118.725315583353, 34.0342911169056], [-118.725349166967, 34.0342867000209], [-118.725382499878, 34.034282449817], [-118.725429867279, 34.0342832333223], [-118.725469634161, 34.0342862325721], [-118.725508515868, 34.034285700335], [-118.725547182944, 34.0342912161773], [-118.725560212437, 34.0343047666655], [-118.725565649601, 34.0343017837841], [-118.725567217257, 34.0343018833716], [-118.725567266784, 34.034301834339], [-118.725584733428, 34.0343273163861], [-118.725629550485, 34.0343319174016], [-118.725654800421, 34.0343522501673], [-118.725686066251, 34.0343652158281], [-118.72572371701, 34.0343658670391], [-118.725760866155, 34.0343725667252], [-118.725795284191, 34.0343677830876], [-118.725830515943, 34.0343749156925], [-118.725863967248, 34.0343741999591], [-118.725900566944, 34.0343665673683], [-118.725939799669, 34.034358582856], [-118.725982716469, 34.0343588673519], [-118.726020949885, 34.0343618663827], [-118.726058484259, 34.0343626829731], [-118.726088182842, 34.0343842500809], [-118.726114283188, 34.0344163840005], [-118.72614766707, 34.034412532641], [-118.726176033903, 34.0343877833619], [-118.72620364998, 34.0343710325966], [-118.72624168321, 34.0343679157098], [-118.72628173292, 34.0343772838844], [-118.726323467486, 34.0343784836545], [-118.7263458842, 34.0343556169965], [-118.726386366629, 34.0343577674285], [-118.726420383609, 34.0343424658098], [-118.726452366232, 34.0343331666793], [-118.72649249975, 34.0343335830425], [-118.726531816493, 34.0343346826701], [-118.726547683581, 34.0343008498576], [-118.726584749933, 34.0342879155744], [-118.726618432516, 34.0342856830462], [-118.726615033496, 34.0343149165896], [-118.726637482948, 34.0343393497545], [-118.726649667167, 34.0343732167505], [-118.726683933245, 34.0343855674478], [-118.726722234222, 34.0343823001262], [-118.726756865847, 34.0343897827585], [-118.726789367237, 34.0343975327731], [-118.726771132511, 34.0343663344365], [-118.726765365777, 34.034339266784], [-118.726789066221, 34.0343114674309], [-118.726822367013, 34.0343110833177], [-118.726855117121, 34.0343229499979], [-118.726865482645, 34.034293266909], [-118.726888117185, 34.0342731325593], [-118.726919116319, 34.0342896840833], [-118.726952783598, 34.0343097500265], [-118.726993032568, 34.0343065665995], [-118.727027082534, 34.0342946496948], [-118.727057283605, 34.034274132875], [-118.727095700243, 34.0342675173568], [-118.727128515712, 34.0342568668642], [-118.727143882511, 34.034292983658], [-118.727177683147, 34.0343024340365], [-118.727211815969, 34.0343022331136], [-118.727245950019, 34.0342873833471], [-118.727273499548, 34.0342689672658], [-118.727313482524, 34.0342513834459], [-118.727347816764, 34.0342536000623], [-118.727385216224, 34.0342361171723], [-118.727432400389, 34.0342397332616], [-118.727465666641, 34.034251832732], [-118.727431417161, 34.0342633670719], [-118.727413416535, 34.0342936663176], [-118.727415650264, 34.0343323834195], [-118.727454683077, 34.0343364502564], [-118.727488332627, 34.0343497666246], [-118.727518366522, 34.0343334996606], [-118.72751651709, 34.0343050666527], [-118.727533282489, 34.0342811169301], [-118.727543417294, 34.0342465166987], [-118.727553417159, 34.0342177328436], [-118.727586333395, 34.0342037826664], [-118.727622115475, 34.034207484049], [-118.727658167524, 34.0342177501252], [-118.727692366719, 34.0342358671704], [-118.727725733959, 34.0342367331235], [-118.727766184154, 34.0342237497107], [-118.727804282749, 34.0342097834378], [-118.727834766755, 34.0342234998039], [-118.727868382474, 34.0342239330287], [-118.727903933189, 34.0342219671205], [-118.727939984163, 34.0342235004058], [-118.727978183163, 34.0342264172533], [-118.728012150011, 34.0342412156007], [-118.728045983166, 34.0342502657835], [-118.728076165595, 34.0342661001293], [-118.728115699832, 34.0342700325957], [-118.728150515707, 34.034267699575], [-118.728173266715, 34.0342424002295], [-118.728185466846, 34.0342124832677], [-118.728189032721, 34.0341799157039], [-118.728199633493, 34.0341519327943], [-118.728227666, 34.0341373328487], [-118.728260350439, 34.0341428657048], [-118.728294032492, 34.0341479174302], [-118.728334600376, 34.034145634162], [-118.728354667535, 34.034119399623], [-118.728381467407, 34.0341017169017], [-118.728403533232, 34.0340778668069], [-118.728417533185, 34.0340500336267], [-118.728451333314, 34.0340390836052], [-118.728477633056, 34.0340212501218], [-118.728512967365, 34.0340012500359], [-118.728546299693, 34.0339990337643], [-118.72858063285, 34.0339956656206], [-118.728620399842, 34.0339919325869], [-118.728636984375, 34.0339589495656], [-118.728667234392, 34.0339421500727], [-118.728662617224, 34.0339452657725], [-118.728697716866, 34.0339363325914], [-118.728737767142, 34.0339355841999], [-118.728785515686, 34.0339331997146], [-118.728824600064, 34.0339292155635], [-118.728861616255, 34.0339279004273], [-118.728886766943, 34.033942133092], [-118.728922650329, 34.0339658998303], [-118.728957667414, 34.0339668658826], [-118.729006533015, 34.033964317063], [-118.729041084046, 34.0339626831449], [-118.729072850326, 34.033943116393], [-118.729118233983, 34.0339434660088], [-118.729157916672, 34.0339470499602], [-118.729196549538, 34.0339419156382], [-118.729229733177, 34.0339359496455], [-118.729264099941, 34.0339278673168], [-118.729311833523, 34.0339270160291], [-118.72935489985, 34.0339237829657], [-118.729372832523, 34.0339495157605], [-118.729407734311, 34.0339452656576], [-118.729430983415, 34.0339154330684], [-118.729464850295, 34.0339272330235], [-118.729501882704, 34.0339294168866], [-118.729530433531, 34.0339471160451], [-118.729559999934, 34.0339612670938], [-118.729598483995, 34.0339515834137], [-118.729635315526, 34.0339427666359], [-118.729659066737, 34.0339235169217], [-118.729682384279, 34.0338974329071], [-118.729723032601, 34.0339038674059], [-118.729749783236, 34.0339213832431], [-118.729776017493, 34.0339384830956], [-118.729811750406, 34.0339411329042], [-118.729849967136, 34.033932916632], [-118.729882999905, 34.0339268333647], [-118.72990691735, 34.0339061330103], [-118.729930884026, 34.033883584062], [-118.729900466492, 34.0338596667328], [-118.729944984319, 34.033883599772], [-118.729946833332, 34.0338520155572], [-118.72990916733, 34.0338245327876], [-118.729941700363, 34.0338032667552], [-118.729974832823, 34.0337927343809], [-118.730005534439, 34.0337709331035], [-118.730016499037, 34.0337540822629], [-118.730019683479, 34.0337554674395], [-118.730021999467, 34.0337554328618], [-118.730023167469, 34.0337554666238], [-118.730059233163, 34.0337430168217], [-118.730107166244, 34.0337375666707], [-118.730143066552, 34.0337360673754], [-118.730179417026, 34.0337373499507], [-118.730213883676, 34.0337406833367], [-118.730260467402, 34.0337494999827], [-118.730302917376, 34.0337497668303], [-118.730343184149, 34.033748949966], [-118.730380066886, 34.0337466329986], [-118.730421716504, 34.0337433332495], [-118.730459516181, 34.0337388834266], [-118.730495717364, 34.0337343661844], [-118.730530050211, 34.0337271666432], [-118.730578799629, 34.0337188331301], [-118.730612066391, 34.03371408299], [-118.730645449623, 34.0337047171543], [-118.730678882475, 34.0336991339842], [-118.730714684476, 34.0336974828496], [-118.730750684346, 34.0336957167039], [-118.730788733539, 34.0336924497194], [-118.73082698323, 34.0336885673754], [-118.730863699458, 34.0336832001586], [-118.730904783301, 34.0336758169892], [-118.730946983262, 34.0336657667514], [-118.730988616851, 34.0336559833649], [-118.731031332872, 34.0336495343422], [-118.731070099888, 34.033643583149], [-118.731106033619, 34.0336366329786], [-118.731142850317, 34.0336300658887], [-118.731179316866, 34.0336248670883], [-118.731213832531, 34.0336218499985], [-118.731246866054, 34.033618534191], [-118.731279815521, 34.0336159332909], [-118.731316149581, 34.0336133836119], [-118.731351950077, 34.0336096667439], [-118.731386466074, 34.0336071671117], [-118.731420566266, 34.0336018336832], [-118.731458546215, 34.0335963342969], [-118.731468514741, 34.0336030277665], [-118.73150466091, 34.0336108197459], [-118.731550529582, 34.0336193880798], [-118.731586479828, 34.0336101939131], [-118.731622290532, 34.0336143316267], [-118.731657900509, 34.0336131017992], [-118.731698783603, 34.0336159120604], [-118.731730012424, 34.0336307509359], [-118.731775230688, 34.0336230501625], [-118.73180351455, 34.033640201226], [-118.731836617012, 34.0336356941287], [-118.731852367985, 34.0336601598619], [-118.731892728637, 34.0336694700256], [-118.731935480857, 34.0336666950002], [-118.731968450657, 34.0336858807716], [-118.731986256764, 34.0337090251148], [-118.732009256665, 34.0337289482449], [-118.732026729225, 34.0337545871403], [-118.732031441387, 34.0337819502203], [-118.732070082206, 34.0338079861844], [-118.732102785772, 34.0338159758537], [-118.73209979123, 34.0338519785983], [-118.732093348517, 34.0338836622565], [-118.732086669048, 34.0339122860253], [-118.732084845045, 34.0339438498054], [-118.732048883931, 34.0339577592601], [-118.732072617036, 34.033982607742], [-118.732098332357, 34.0340015711477], [-118.732091230472, 34.0340301974227], [-118.732104981469, 34.0340570128931], [-118.732095512276, 34.0340903506024], [-118.732104719306, 34.0341114869274], [-118.732111208571, 34.0341151294261], [-118.732128342144, 34.0341390235723], [-118.732161997195, 34.0341492759554], [-118.732174312088, 34.0341750187756], [-118.732193034726, 34.0341980191061], [-118.732177884775, 34.0342245768177], [-118.732183556904, 34.0342548842981], [-118.732225739509, 34.0342616992155], [-118.732235672072, 34.0342275597483], [-118.732240193871, 34.0341881011395], [-118.732275666647, 34.0341789771761], [-118.732299553083, 34.0341528908606], [-118.732312053506, 34.0341229912395], [-118.73234880264, 34.034118817601], [-118.732378605528, 34.0340952872856], [-118.732396757271, 34.0340626718968], [-118.732429938951, 34.0340504092333], [-118.732451969915, 34.0340800341791], [-118.732464932056, 34.0341120771876], [-118.732468091068, 34.034144854055], [-118.732453547789, 34.0341808463566], [-118.732440550578, 34.0342168657815], [-118.732435429882, 34.0342448000725], [-118.732469965538, 34.0342612532994], [-118.732493564633, 34.0342820521068], [-118.732480366464, 34.034308398972], [-118.732477858349, 34.0343383322885], [-118.732510418984, 34.0343513267036], [-118.732544359656, 34.0343353732836], [-118.73258023694, 34.0343232496714], [-118.73257201101, 34.0342957032737], [-118.732603258698, 34.0342797883835], [-118.732636620517, 34.0342743183509], [-118.732651618176, 34.0342386213952], [-118.732656905376, 34.0342096205783], [-118.732654133943, 34.0341702376635], [-118.732640468599, 34.0341417174328], [-118.73264887794, 34.0341083408402], [-118.732637740813, 34.0340795872859], [-118.732602286712, 34.0340628038242], [-118.732581835161, 34.03403571279], [-118.732548381287, 34.034026487863], [-118.732536713548, 34.0339911252321], [-118.732523710482, 34.0339647319623], [-118.732479736428, 34.033957869263], [-118.732460358154, 34.033933814944], [-118.732441063859, 34.0339078366861], [-118.732449938623, 34.0338792003683], [-118.73246826037, 34.0338557522981], [-118.732507957607, 34.0338398241885], [-118.732529215235, 34.0338128069795], [-118.732568967916, 34.0338090697053], [-118.732589745911, 34.0337836609715], [-118.732624166324, 34.0337709973097], [-118.732640048593, 34.0337442763783], [-118.732670884683, 34.0337270694279], [-118.732701931518, 34.0337398341802], [-118.732738174469, 34.0337466008458], [-118.732776907143, 34.033745345914], [-118.732792648021, 34.0337776767674], [-118.73280786064, 34.0338023716823], [-118.732841761698, 34.0337887320779], [-118.732876950471, 34.0337889171677], [-118.732901341754, 34.0338084670148], [-118.73293686024, 34.033818808427], [-118.732960710508, 34.0337959663439], [-118.732985951025, 34.0337755036615], [-118.73302400111, 34.0337569307484], [-118.733046073486, 34.0337332529376], [-118.733070823818, 34.0337532404031], [-118.733102632187, 34.03376100525], [-118.733134323141, 34.0337430936358], [-118.733135735571, 34.0337136647034], [-118.733129699466, 34.0336858388583], [-118.733092101393, 34.0336653280058], [-118.73311779615, 34.0336395690647], [-118.733149457016, 34.0336246755944], [-118.733184059228, 34.0336241553415], [-118.733219196174, 34.0336188608581], [-118.73325586252, 34.0336128774405], [-118.733294376704, 34.0336144346306], [-118.733319855599, 34.0336339018234], [-118.733359685085, 34.0336508103709], [-118.733393209463, 34.0336596193189], [-118.733410097408, 34.0336837206169], [-118.733446761018, 34.033672577375], [-118.733477642487, 34.0336520574115], [-118.733516924208, 34.0336368978829], [-118.733551025379, 34.0336146222705], [-118.733590277117, 34.0336054461584], [-118.733628790619, 34.0335989467237], [-118.733669939538, 34.0335992321087], [-118.733700012094, 34.0335875439664], [-118.7337318448, 34.0335988539157], [-118.73376888912, 34.0335748438708], [-118.733805591515, 34.0335798400986], [-118.733836449655, 34.0335961384345], [-118.733859609228, 34.0335724500136], [-118.733877238011, 34.0335966893075], [-118.733902725104, 34.0336170715619], [-118.733921860307, 34.0336396930343], [-118.733925408039, 34.0336438869501], [-118.733982666639, 34.0336793325613], [-118.733992000052, 34.0337389999887], [-118.733988333299, 34.0338093328075], [-118.733984666511, 34.0338796674235], [-118.733980999745, 34.0339500002312], [-118.733953750413, 34.0340357501974], [-118.73392649994, 34.0341215001369], [-118.73389925049, 34.0342072500738], [-118.733871999899, 34.0342929999841], [-118.733868749639, 34.0343804998187], [-118.733865500454, 34.0344679996568], [-118.733862250165, 34.0345555003758], [-118.733858999883, 34.0346430001849], [-118.733827999742, 34.0347219997212], [-118.733796999525, 34.0348010001437], [-118.733766000342, 34.0348799996615], [-118.733735000001, 34.0349590000534], [-118.733667170279, 34.0350006451768], [-118.733599340472, 34.0350422911595], [-118.733531510607, 34.0350839361984], [-118.733463681753, 34.035125581207], [-118.733441597352, 34.0352077577432], [-118.73341951071, 34.0352899360464], [-118.733397426217, 34.0353721125592], [-118.733375340566, 34.035454290851], [-118.733353255966, 34.0355364682418], [-118.733331170252, 34.0356186447074], [-118.733309084462, 34.0357008229641], [-118.733286999725, 34.0357830003198], [-118.733255000013, 34.0358619325965], [-118.733223000209, 34.0359408666601], [-118.733191000355, 34.0360197998066], [-118.733159000437, 34.0360987329371], [-118.733127000441, 34.0361776669532], [-118.733095000395, 34.0362566000521], [-118.733063000285, 34.0363355331352], [-118.733031000097, 34.0364144671038], [-118.732998999859, 34.0364934001552], [-118.732966999557, 34.0365723331907], [-118.732935000259, 34.0366512671239], [-118.732902999829, 34.0367302001277], [-118.732871000418, 34.0368091331278], [-118.732838999846, 34.0368880670014], [-118.732807000307, 34.0369669999698], [-118.732742558414, 34.0370110632319], [-118.732678117518, 34.0370551273689], [-118.732712559022, 34.037092563568], [-118.732746999475, 34.037129999743], [-118.732798666768, 34.0371989996952], [-118.732850333068, 34.0372679996067], [-118.732902000527, 34.037337000403], [-118.732874666775, 34.0373940003668], [-118.732847332983, 34.0374510003205], [-118.732820000234, 34.037508000276], [-118.732793250155, 34.0375752503951], [-118.732766500045, 34.0376424996016], [-118.732739749875, 34.0377097496981], [-118.732712999659, 34.0377769997835], [-118.732711500023, 34.0378600000564], [-118.732710000385, 34.0379430003217], [-118.732756499827, 34.0380060004439], [-118.732803000441, 34.0380689996534], [-118.732766000145, 34.0381447502117], [-118.732728999793, 34.0382204998501], [-118.732692000438, 34.0382962503838], [-118.732654999944, 34.0383719999856], [-118.732606250093, 34.0384474998081], [-118.732557500149, 34.0385229996034], [-118.732508750098, 34.038598500273], [-118.732459999967, 34.038674000014], [-118.732419499825, 34.038716500203], [-118.73237899964, 34.0387590003756], [-118.732354332591, 34.0388160000652], [-118.73232966659, 34.038872999758], [-118.732304999456, 34.0389300003312], [-118.732272500321, 34.0389789997047], [-118.732240000048, 34.0390279999555], [-118.732273800164, 34.0390932002152], [-118.732307600351, 34.0391583995587], [-118.732341399497, 34.0392235997769], [-118.732375199781, 34.0392887999924], [-118.732409000121, 34.0393540001932], [-118.732463750518, 34.0394174996766], [-118.732518499907, 34.0394810000186], [-118.732573250466, 34.0395445003418], [-118.732628000045, 34.0396079997209], [-118.732601000027, 34.0396770004265], [-118.732573999975, 34.039746000219], [-118.732546999876, 34.0398149999999], [-118.73251999973, 34.0398839997692], [-118.73246149978, 34.0399345002993], [-118.732402999769, 34.0399849998951], [-118.73247050008, 34.0400430000982], [-118.732538000491, 34.0401010002575], [-118.732605499917, 34.0401590003611], [-118.732673000526, 34.0402170004331], [-118.732743999576, 34.0402604997387], [-118.732814999772, 34.0403039999115], [-118.732797999466, 34.0403656666941], [-118.732781000231, 34.0404273325807], [-118.732763999858, 34.0404890002514], [-118.732744667168, 34.0405483330388], [-118.732725333352, 34.0406076667084], [-118.732705999507, 34.040667000371], [-118.732696799674, 34.0407474002145], [-118.732687599822, 34.0408278000502], [-118.732678399951, 34.0409081998781], [-118.732669200062, 34.0409885996982], [-118.732660000139, 34.0410690004118], [-118.732587749893, 34.0411095000781], [-118.732515499573, 34.0411499996967], [-118.732443250248, 34.0411905001811], [-118.732370999779, 34.0412309997045], [-118.732291999768, 34.04121699982], [-118.732212999785, 34.0412029998806], [-118.732251000045, 34.0411373332175], [-118.732289000227, 34.0410716674384], [-118.732327000376, 34.0410059998391], [-118.732315999971, 34.0409464999159], [-118.732304999582, 34.0408869999877], [-118.732226333117, 34.040924667403], [-118.732147666607, 34.0409623329596], [-118.732068999992, 34.0410000002631], [-118.731990333316, 34.0410376666093], [-118.731911666566, 34.0410753328997], [-118.731832999725, 34.0411130000355], [-118.731827999893, 34.0411789997723], [-118.731823000037, 34.0412450004056], [-118.731850999892, 34.0413049997888], [-118.731878999776, 34.0413650000626], [-118.731906999702, 34.0414250003257], [-118.731864599644, 34.0415037997335], [-118.731822199486, 34.0415826000202], [-118.731779800326, 34.0416614002964], [-118.731737400014, 34.0417401996365], [-118.731694999602, 34.0418189998553], [-118.731625667105, 34.0418313329649], [-118.731556333489, 34.0418436669214], [-118.731486999865, 34.0418559999341], [-118.731413000506, 34.0418573331649], [-118.731339000047, 34.041858667237], [-118.7312649996, 34.0418600003596], [-118.731177332628, 34.0418679997579], [-118.731089666707, 34.0418760000022], [-118.731001999686, 34.0418840001668], [-118.730981500419, 34.041952999746], [-118.73096100002, 34.0420220002056], [-118.731027750251, 34.0420624996002], [-118.731094500537, 34.0421029998552], [-118.731161249808, 34.0421435000573], [-118.731228000231, 34.0421840002306], [-118.731299000255, 34.0422162496496], [-118.731370000322, 34.0422484999247], [-118.731441000448, 34.0422807501544], [-118.731511999548, 34.0423130003266], [-118.731566750013, 34.0423582504422], [-118.731621499473, 34.0424034996158], [-118.731676250063, 34.0424487496742], [-118.731730999634, 34.0424939996921], [-118.731775500089, 34.042568750316], [-118.73181999956, 34.0426435000029], [-118.731864500199, 34.0427182496783], [-118.731908999824, 34.0427930002195], [-118.731935500385, 34.0428695004328], [-118.73196199993, 34.0429459997201], [-118.731998749462, 34.0430142501547], [-118.732035500156, 34.043082499683], [-118.732072249815, 34.0431507500837], [-118.732108999553, 34.043218999566], [-118.732041000212, 34.0432429996414], [-118.731972999746, 34.0432669996634], [-118.731905000322, 34.0432909996563], [-118.731836999774, 34.043314999596], [-118.731756500482, 34.0432986665695], [-118.731676000155, 34.0432823325724], [-118.731595499832, 34.043266000321], [-118.731514999557, 34.0432496671109], [-118.731434500413, 34.0432333329543], [-118.731354000205, 34.0432169996299], [-118.731276750067, 34.0432127501209], [-118.731199499952, 34.0432084996581], [-118.731122249831, 34.0432042500443], [-118.731044999718, 34.043200000378], [-118.7310132505, 34.0432782499403], [-118.730981500122, 34.0433565003764], [-118.730949749695, 34.0434347498955], [-118.730918000274, 34.0435130003125], [-118.730997667505, 34.0435276666712], [-118.731077332601, 34.0435423329499], [-118.731156999878, 34.0435570000981], [-118.731236667184, 34.0435716671904], [-118.731316333451, 34.0435863333133], [-118.731395999733, 34.0436010002816], [-118.731397332801, 34.0436756668211], [-118.731398666954, 34.0437503333667], [-118.731400000027, 34.0438249998939], [-118.731351499552, 34.0438940003459], [-118.731303000091, 34.0439629998825], [-118.731390250436, 34.0439689998011], [-118.731477499712, 34.0439749996408], [-118.731564750069, 34.043981000327], [-118.731652000454, 34.043987000045], [-118.731723199874, 34.0440050002464], [-118.73179440041, 34.0440230004151], [-118.73186559991, 34.0440409996255], [-118.73193680051, 34.0440589997044], [-118.73200800006, 34.0440769997264], [-118.732014332641, 34.0441653328466], [-118.732020667387, 34.0442536668834], [-118.732026999996, 34.0443419999858], [-118.732030599715, 34.044417400317], [-118.732034200539, 34.0444927997526], [-118.732037800272, 34.0445682000712], [-118.732041400011, 34.0446436003834], [-118.732044999772, 34.0447189997878], [-118.732011999896, 34.0447866673967], [-118.731978999991, 34.0448543331883], [-118.731946000016, 34.0449219998667], [-118.73200133289, 34.044949332947], [-118.732056666872, 34.0449766669131], [-118.732111999823, 34.045003999938], [-118.732153000317, 34.0450836671419], [-118.732193999826, 34.0451633334106], [-118.7322350005, 34.0452429996696], [-118.732181333518, 34.0452953332933], [-118.732127666464, 34.0453476668888], [-118.732074000436, 34.0453999995665], [-118.732038332571, 34.0454679998645], [-118.732002666809, 34.0455360001704], [-118.731966999904, 34.0456040004479], [-118.731934332669, 34.045656333324], [-118.731901666459, 34.0457086671011], [-118.731869000221, 34.0457609999644], [-118.731923999804, 34.0458145000121], [-118.731978999462, 34.04586800003], [-118.732002000042, 34.0459245003132], [-118.732024999586, 34.0459809996747], [-118.732008000066, 34.0460513327408], [-118.731991000502, 34.0461216667003], [-118.731973999838, 34.0461919997384], [-118.731940999534, 34.0462609997348], [-118.731908000256, 34.0463299997286], [-118.731846667326, 34.0463669996085], [-118.731785333242, 34.0464040003432], [-118.731724000197, 34.046441000154], [-118.731646250379, 34.0464467500587], [-118.731568499466, 34.0464524998982], [-118.731490749625, 34.0464582496966], [-118.731412999759, 34.0464640003434], [-118.731396000487, 34.0465460004543], [-118.731379000112, 34.0466279996418], [-118.731377750389, 34.0467042500667], [-118.731376499595, 34.0467804995717], [-118.731375249867, 34.0468567499838], [-118.731374000137, 34.0469330003895], [-118.731428999608, 34.046978250376], [-118.731484000224, 34.0470235003457], [-118.731538999821, 34.0470687502746], [-118.73159399948, 34.0471140001747], [-118.731613999852, 34.0471803328746], [-118.731634000227, 34.047246667369], [-118.731653999583, 34.0473130000403], [-118.731577750222, 34.0473549996074], [-118.731501499683, 34.0473970000108], [-118.731425250145, 34.0474390003733], [-118.731349000541, 34.0474809997815], [-118.73132966687, 34.0475446666174], [-118.731310333168, 34.0476083334456], [-118.731291000518, 34.0476720002782], [-118.731349750203, 34.0477222497379], [-118.731408499949, 34.0477725000661], [-118.731467249769, 34.0478227503612], [-118.731525999679, 34.0478729997218], [-118.731586000308, 34.0479223325622], [-118.731645999901, 34.0479716671592], [-118.731705999597, 34.048020999919], [-118.731790666868, 34.0480216667882], [-118.731875333072, 34.048022332681], [-118.731960000331, 34.0480230003257], [-118.732023999717, 34.0479953333642], [-118.732088000127, 34.0479676672795], [-118.732152000507, 34.0479400002565], [-118.732234000037, 34.047905999901], [-118.732315999481, 34.0478720003867], [-118.732397999953, 34.0478379999226], [-118.732480000339, 34.0478040002997], [-118.732542999706, 34.0478180003379], [-118.732518000256, 34.0478874996238], [-118.732492999664, 34.0479569997884], [-118.732536500034, 34.047993500452], [-118.732580000459, 34.0480300001962], [-118.732653999701, 34.0479927496356], [-118.732727999943, 34.0479554999388], [-118.732802000114, 34.0479182501925], [-118.732876000216, 34.0478810003965], [-118.732934000196, 34.047897332842], [-118.732992000172, 34.0479136670606], [-118.733050000186, 34.0479300003479], [-118.733017500087, 34.0479825002491], [-118.732984999946, 34.0480350001381], [-118.732991499465, 34.048111000364], [-118.732998000095, 34.0481869996937], [-118.732936666947, 34.0482106668636], [-118.732875332694, 34.0482343330863], [-118.732813999473, 34.0482580001889], [-118.732776000407, 34.0483170004097], [-118.732738000215, 34.0483759997006], [-118.732699999952, 34.0484349998764], [-118.732740500371, 34.0485082499592], [-118.732780999782, 34.0485815000097], [-118.732821500352, 34.0486547500519], [-118.732861999914, 34.0487280000618], [-118.732877000357, 34.0487986673966], [-118.732891999773, 34.048869332909], [-118.73290700027, 34.0489400002288], [-118.732874000352, 34.0490013334023], [-118.732841000382, 34.0490626665621], [-118.732808000362, 34.0491239997081], [-118.732818499773, 34.0492100003141], [-118.732829000305, 34.0492960000217], [-118.73281199956, 34.0493685002957], [-118.732794999882, 34.049440999672], [-118.732750500477, 34.0495030000216], [-118.732705999918, 34.0495650003375], [-118.732715332676, 34.0496336671112], [-118.732724666547, 34.0497023329896], [-118.732734000419, 34.0497709997635], [-118.732789332727, 34.0498046666462], [-118.732844667262, 34.0498383326234], [-118.732899999649, 34.0498720003512], [-118.732933333396, 34.0499296672503], [-118.732966667206, 34.0499873332346], [-118.732999999968, 34.0500450000949], [-118.73294599952, 34.0501126665978], [-118.732892000064, 34.0501803330822], [-118.7328380005, 34.0502480004374], [-118.732773499504, 34.0503034997527], [-118.732708999486, 34.0503589999416], [-118.732679000135, 34.0504246668055], [-118.732648999665, 34.0504903327433], [-118.732619000214, 34.050555999582], [-118.732583667345, 34.0506063328063], [-118.732548333333, 34.0506566669062], [-118.732513000373, 34.050707000103], [-118.732464332832, 34.050774667079], [-118.732415667387, 34.050842333152], [-118.732366999679, 34.0509100000764], [-118.732332250129, 34.0509709997597], [-118.73229750051, 34.0510320003296], [-118.732262749769, 34.0510929999714], [-118.732228000058, 34.0511539996106], [-118.732175000135, 34.0512124998271], [-118.732122000134, 34.0512710000151], [-118.732058000486, 34.0513299998105], [-118.731990499823, 34.0513194998267], [-118.73192300026, 34.0513089998148], [-118.731876500078, 34.0512424995814], [-118.73182999996, 34.0511760002256], [-118.731742599964, 34.0511776001766], [-118.731655199963, 34.0511792000605], [-118.73156779996, 34.0511807998774], [-118.731480399952, 34.0511823996273], [-118.731392999927, 34.0511840002115], [-118.73131375023, 34.0511782500212], [-118.731234500544, 34.0511724997759], [-118.731155249773, 34.0511667503646], [-118.73107600011, 34.0511610000089], [-118.73100949992, 34.0511005000748], [-118.730942999831, 34.0510400000978], [-118.730875500049, 34.0510324998519], [-118.73080800028, 34.0510249995659], [-118.730735666563, 34.0510773333974], [-118.730663332749, 34.0511296671799], [-118.730590999937, 34.0511820000241], [-118.730538500123, 34.0512342500322], [-118.730486000239, 34.0512865000131], [-118.730433500286, 34.0513387499668], [-118.730381000264, 34.0513909998934], [-118.730322332499, 34.0514190002723], [-118.730263666872, 34.051446999743], [-118.730205000107, 34.0514750000719], [-118.730128750257, 34.0515187502586], [-118.730052500322, 34.0515625003922], [-118.729976250318, 34.0516062495713], [-118.729900000214, 34.0516499995987], [-118.729840499648, 34.0516495002115], [-118.729781000181, 34.0516489999039], [-118.729718499835, 34.0515920004311], [-118.729655999593, 34.0515350000191], [-118.729580249644, 34.0515407501068], [-118.729504499684, 34.0515465001442], [-118.729428749713, 34.0515522501312], [-118.729352999731, 34.0515580000677], [-118.729275200535, 34.0515638001196], [-118.729197400244, 34.0515696001062], [-118.729119599941, 34.0515754000397], [-118.729041799627, 34.05158119992], [-118.728964000385, 34.0515869997592], [-118.728931334853, 34.0515850196541], [-118.728939059723, 34.0516524443569], [-118.728946784635, 34.0517198672515], [-118.728889799685, 34.0517779770702], [-118.728832814636, 34.0518360877581], [-118.728775829504, 34.0518941984138], [-118.728718845385, 34.0519523081479], [-118.728661859016, 34.0520104178258], [-118.728604873617, 34.0520685292862], [-118.728547889246, 34.0521266389238], [-118.728490903694, 34.0521847494185], [-118.728433919141, 34.052242859893], [-118.728376934504, 34.0523009703354], [-118.728377000105, 34.0523009999177], [-118.728452750186, 34.0523347497957], [-118.728528500332, 34.0523684996221], [-118.728604250528, 34.0524022502983], [-118.72867999972, 34.0524360000094], [-118.728749449848, 34.0524589282616], [-118.728818898919, 34.0524818573602], [-118.728888349142, 34.0525047846251], [-118.728948533031, 34.0524989487491], [-118.729008717995, 34.0524931128533], [-118.729068901867, 34.0524872769135], [-118.729064816201, 34.0525485202927], [-118.729060730543, 34.0526097627661], [-118.729060999697, 34.0526100001748], [-118.729118499865, 34.0526614996324], [-118.729176000093, 34.0527129999595], [-118.729192499762, 34.0527957498022], [-118.729209000549, 34.0528784996471], [-118.729225500273, 34.0529612503714], [-118.729242000046, 34.0530440001845], [-118.729210600004, 34.0531215996305], [-118.729179199885, 34.0531991999626], [-118.729147799705, 34.0532768002795], [-118.729116399477, 34.0533543996798], [-118.729085000256, 34.0534319999782], [-118.729013089087, 34.0534842543863], [-118.728941176754, 34.0535365078325], [-118.728869266491, 34.0535887612546], [-118.728797355051, 34.0536410146161], [-118.7287517022, 34.053694454429], [-118.728706048234, 34.0537478924056], [-118.728660395274, 34.0538013312742], [-118.728614742267, 34.05385476922], [-118.728540297558, 34.0538931858575], [-118.728465853875, 34.0539316015554], [-118.728391410091, 34.0539700190058], [-118.728316966263, 34.0540084346032], [-118.728242522333, 34.0540468519531], [-118.728168078331, 34.0540852692528], [-118.728093635368, 34.0541236847114], [-118.728019191221, 34.0541621019106], [-118.727944747002, 34.0542005190594], [-118.727870302724, 34.0542389352566], [-118.727795859442, 34.054277352317], [-118.72772141502, 34.0543157684137], [-118.72764697051, 34.0543541853615], [-118.727566207726, 34.0543878003025], [-118.727485445956, 34.0544214151971], [-118.727404683019, 34.0544550309226], [-118.727323921112, 34.0544886457002], [-118.727243158038, 34.0545222613087], [-118.727162395992, 34.0545558759693], [-118.727081632795, 34.0545894905594], [-118.727000870583, 34.0546231069058], [-118.726920108317, 34.0546567222925], [-118.726839345996, 34.0546903367191], [-118.726758582509, 34.0547239519766], [-118.72667782112, 34.0547575671998], [-118.72659705748, 34.0547911832417], [-118.726516295953, 34.0548247983479], [-118.726435533274, 34.0548584133835], [-118.726354770526, 34.0548920283607], [-118.726274007709, 34.0549256432793], [-118.726193245892, 34.0549592590529], [-118.726112482938, 34.0549928738546], [-118.726031720997, 34.0550264886098], [-118.726031999807, 34.0550270002068], [-118.726070999953, 34.0550990002501], [-118.726110000171, 34.0551710002743], [-118.72615399991, 34.0552333328852], [-118.726197999689, 34.0552956672777], [-118.726241999568, 34.0553579998461], [-118.726240667202, 34.0554361671333], [-118.726239332696, 34.0555143325866], [-118.726238000325, 34.0555924998604], [-118.726236666868, 34.0556706671153], [-118.726235333438, 34.0557488325608], [-118.726233999975, 34.0558269998023], [-118.726201499588, 34.0558895001665], [-118.726169000247, 34.0559519996278], [-118.726175000179, 34.0560309998546], [-118.726110666691, 34.0560853331139], [-118.7260463331, 34.0561396672351], [-118.725982000518, 34.0561940004275], [-118.725917499514, 34.0562495001153], [-118.725852999503, 34.0563049997754], [-118.725785999569, 34.0563593327667], [-118.725718999528, 34.0564136666167], [-118.725652000478, 34.0564680004362], [-118.725593278807, 34.0564485640761], [-118.725588683962, 34.0564514156841], [-118.725585258138, 34.0564539233539], [-118.725560816885, 34.056471817184], [-118.725527417198, 34.0564930339925], [-118.725490165621, 34.0564950496138], [-118.725483533459, 34.0564589825595], [-118.725503167288, 34.0564342327127], [-118.725472309665, 34.0564221482935], [-118.725467932653, 34.0564204341456], [-118.725463223614, 34.0564178814409], [-118.725439332591, 34.056404932832], [-118.725424882725, 34.0563793661829], [-118.725411332823, 34.0563539502439], [-118.725379283888, 34.0563391667302], [-118.72534778349, 34.0563283832422], [-118.725324682793, 34.0563229101456], [-118.725311132735, 34.0563197004403], [-118.725308403081, 34.0563198853676], [-118.72526756676, 34.0563226496646], [-118.725241183359, 34.0562973497392], [-118.725225899953, 34.0562655827412], [-118.72522652517, 34.0562621539041], [-118.725229595538, 34.0562453066084], [-118.725230932842, 34.0562379666715], [-118.725225348975, 34.0562365924185], [-118.725218637591, 34.056234937785], [-118.725192367065, 34.0562284672262], [-118.72518558574, 34.0562147823321], [-118.725178615577, 34.0562007166701], [-118.725177332186, 34.0561990209034], [-118.725158316723, 34.056173899877], [-118.725178700132, 34.0561482172412], [-118.725150484128, 34.056170167224], [-118.725125832784, 34.0561482332309], [-118.725104232861, 34.0561237666496], [-118.725092532642, 34.0560930999604], [-118.725060883246, 34.0560774003327], [-118.725070333174, 34.0560478827303], [-118.725048116772, 34.0560130332128], [-118.725028116668, 34.0559886503322], [-118.725037600154, 34.0559618828552], [-118.725020399575, 34.0559346003421], [-118.725023983173, 34.0559049665923], [-118.72500023258, 34.0558787836888], [-118.724976565851, 34.055851233154], [-118.724969195926, 34.0558501778818], [-118.724948366899, 34.0558471949891], [-118.724941883221, 34.0558462668375], [-118.724909816869, 34.0558362657477], [-118.724878699692, 34.0558103663899], [-118.724852699556, 34.055791734059], [-118.724829066373, 34.0557660672193], [-118.72479691661, 34.0557525166319], [-118.724764166899, 34.0557474664161], [-118.724726366876, 34.0557550166187], [-118.724693233411, 34.0557594329488], [-118.724689283347, 34.0557297671495], [-118.724676917247, 34.055703717036], [-118.724663058892, 34.0557001530925], [-118.724641600351, 34.0556946342257], [-118.724639007295, 34.0557041292488], [-118.724633283538, 34.0557250831787], [-118.724609616555, 34.0557535832972], [-118.724584532662, 34.0557794665523], [-118.724554667512, 34.0557941331813], [-118.724515732606, 34.055797299856], [-118.72448131677, 34.0557854160298], [-118.724461632919, 34.0558131159575], [-118.724423567037, 34.0558127167545], [-118.724395632763, 34.0557937173633], [-118.724359382571, 34.0557840668527], [-118.72433511739, 34.0557643331943], [-118.72429706742, 34.0557728000445], [-118.724278149896, 34.0557425834465], [-118.724292884313, 34.0557091167513], [-118.724321167476, 34.0556893828484], [-118.724335816783, 34.0556622504389], [-118.72431473291, 34.0556346331161], [-118.724312346124, 34.0556237976109], [-118.724310944266, 34.0556174376497], [-118.724309565644, 34.0556111816278], [-118.724308416094, 34.0556059667657], [-118.724302205745, 34.0556022053374], [-118.724275999761, 34.0555863338377], [-118.724248315845, 34.0555704160282], [-118.724223499743, 34.055593133233], [-118.724189299528, 34.0555870830052], [-118.724171050505, 34.0555608172835], [-118.724156983761, 34.0555489070255], [-118.724142783455, 34.0555368825748], [-118.72413449513, 34.055522283676], [-118.724128250197, 34.055511283242], [-118.724129784509, 34.0554781672722], [-118.724132782994, 34.0554460828548], [-118.72413555045, 34.0554174325877], [-118.724097082789, 34.0554197172191], [-118.724076466833, 34.0554453673274], [-118.724058216725, 34.0554738333519], [-118.724022399496, 34.0554642831434], [-118.723998065769, 34.0554455169096], [-118.723961649471, 34.055446082664], [-118.72393978355, 34.0554674336404], [-118.723935016145, 34.0555051338756], [-118.723929783482, 34.0555393164277], [-118.723928450221, 34.0555678998097], [-118.723930983392, 34.0556057827978], [-118.723895315755, 34.0555947502627], [-118.723858516668, 34.0555947328965], [-118.723822882995, 34.0556102660226], [-118.723784283835, 34.0556190664374], [-118.723733466881, 34.0556980767042], [-118.723759082477, 34.0557042328377], [-118.723790232809, 34.0557153329086], [-118.723829732883, 34.0557153327731], [-118.723854851589, 34.0557092122157], [-118.723869883, 34.0557055498908], [-118.72390961693, 34.0557039502794], [-118.723942566992, 34.0556947331304], [-118.723973799753, 34.0556750170277], [-118.724008632756, 34.0556791171256], [-118.723983549667, 34.0557036001422], [-118.723954999631, 34.0557264332325], [-118.723929249798, 34.0557445834386], [-118.723913712348, 34.05575133515], [-118.723895499856, 34.0557592496531], [-118.723870449549, 34.0557883327577], [-118.723861959265, 34.05579044105], [-118.723838699617, 34.0557962173049], [-118.723863882661, 34.0558177329129], [-118.723889533309, 34.0558380673034], [-118.723905369616, 34.055836482164], [-118.723927983165, 34.0558342174374], [-118.723953183228, 34.0558582999495], [-118.723996484253, 34.0558567168252], [-118.723986446842, 34.0558691513664], [-118.723977500518, 34.0558802331706], [-118.723952974341, 34.0558870897519], [-118.723943815923, 34.0558896503602], [-118.723919599658, 34.0559142503535], [-118.723942597083, 34.0559236173115], [-118.723953932758, 34.0559282340503], [-118.723990099478, 34.0559190673465], [-118.724023615554, 34.0559226829744], [-118.724043332979, 34.055945032563], [-118.724015933104, 34.05596848259], [-118.723975100127, 34.0559821670261], [-118.723991399569, 34.0560090158733], [-118.723981333547, 34.0560406334302], [-118.723941750422, 34.0560440171362], [-118.723906417025, 34.0560573159811], [-118.723899132614, 34.0560926331269], [-118.72389313088, 34.0560977399305], [-118.723875999998, 34.0561123173335], [-118.723856467408, 34.0561347997293], [-118.723869579914, 34.0561495175943], [-118.723877716188, 34.0561586495585], [-118.723897883592, 34.0561827162645], [-118.723893682959, 34.0562131661843], [-118.723878366561, 34.0562398673183], [-118.723845182644, 34.0562319828919], [-118.723808182651, 34.0562260842073], [-118.723781315867, 34.0562420833652], [-118.723758183489, 34.0562179500638], [-118.723735982977, 34.0561929328526], [-118.723770533505, 34.0561757332678], [-118.723787816921, 34.056149183106], [-118.723750816485, 34.0561363496179], [-118.723716566482, 34.0561302842713], [-118.723688082805, 34.0561525500491], [-118.723663432906, 34.0561786326937], [-118.723633633128, 34.0561542164001], [-118.723616784024, 34.0561235829192], [-118.72357986696, 34.0561059332878], [-118.723566066713, 34.0560738671266], [-118.723575449931, 34.0560465658241], [-118.723558917142, 34.0560192166425], [-118.723523933179, 34.0560155339426], [-118.723494166251, 34.0559944501317], [-118.723454899562, 34.0559800170289], [-118.723441617074, 34.0559460841145], [-118.723422483924, 34.0559146830185], [-118.723406682862, 34.0558893831366], [-118.723371066854, 34.0558853326823], [-118.723335299945, 34.0558926834265], [-118.723296767132, 34.0558960327002], [-118.723263083752, 34.0558967334438], [-118.72323836685, 34.0559183840979], [-118.723226683702, 34.0559078626982], [-118.723212416614, 34.0558950160679], [-118.723179666623, 34.0558813501089], [-118.723151516577, 34.0558631828349], [-118.723116300332, 34.0558594667516], [-118.723087449744, 34.0558420155593], [-118.72304931713, 34.0558488844089], [-118.723035616522, 34.0558203831461], [-118.722999317184, 34.0558277665838], [-118.722971599966, 34.055843766843], [-118.72296226733, 34.0558726166454], [-118.722952917332, 34.0559012670073], [-118.722914233375, 34.0559177672821], [-118.722875800091, 34.0559110173791], [-118.722843683843, 34.0558919328542], [-118.72280793307, 34.0558936660083], [-118.722787915577, 34.0558653156742], [-118.722794567182, 34.0558375330208], [-118.722760433513, 34.0558303832113], [-118.722727700087, 34.0558559837525], [-118.722694367032, 34.0558585995584], [-118.722676032786, 34.0558310001421], [-118.722644466509, 34.0558413828305], [-118.722606582679, 34.0558377674021], [-118.722588307255, 34.0558477527711], [-118.722576384129, 34.055854267152], [-118.722554386884, 34.055851650276], [-118.722541632911, 34.0558501332749], [-118.722509366507, 34.0558414662727], [-118.722519983422, 34.0558149325843], [-118.722526577963, 34.0558138291045], [-118.722560517411, 34.0558081503437], [-118.722584382477, 34.0557821159214], [-118.722556699741, 34.0557636661399], [-118.722514916368, 34.0557552169729], [-118.72254936749, 34.0557317841649], [-118.722512933322, 34.05570233369], [-118.722497682855, 34.0556761671391], [-118.722519821452, 34.0556705192275], [-118.722520100412, 34.0556655340358], [-118.722542999773, 34.055645616678], [-118.722534750295, 34.0556182655592], [-118.722501417037, 34.0556211003846], [-118.722453117463, 34.0555978169054], [-118.722418199734, 34.0555875829822], [-118.722373482802, 34.0555770002288], [-118.722335534304, 34.0555858155664], [-118.722294583198, 34.055585783581], [-118.722251299748, 34.0555650166301], [-118.722236599699, 34.0555386497562], [-118.722225982512, 34.0555009825686], [-118.722206433188, 34.0554759839522], [-118.722196067033, 34.0554476335728], [-118.72217329951, 34.0554262997454], [-118.722153367168, 34.0554549169967], [-118.722147317468, 34.0554940831411], [-118.722123783627, 34.0555159163292], [-118.722100066303, 34.0554894843411], [-118.722063583528, 34.0554938172565], [-118.722055449802, 34.0555222657323], [-118.722023417158, 34.0555321498672], [-118.722010333922, 34.0555726327047], [-118.722002534343, 34.0556069342322], [-118.721973467454, 34.0556379670171], [-118.721932833326, 34.0556510669465], [-118.721894349904, 34.055650032925], [-118.721853633492, 34.0556317666983], [-118.721821267112, 34.0556243326085], [-118.721822619484, 34.0556423609134], [-118.721824314136, 34.0556649387141], [-118.721824399582, 34.05566608375], [-118.721790817048, 34.0556776156058], [-118.72174881747, 34.0556815159763], [-118.721724898187, 34.0556589285959], [-118.721723050205, 34.0556571831781], [-118.721694517377, 34.0556398001028], [-118.721717517074, 34.0556184496551], [-118.721684132669, 34.0556049825955], [-118.721689267144, 34.0555756503207], [-118.721652116781, 34.0555640171321], [-118.72161431704, 34.0555705331234], [-118.721591466375, 34.0555411671678], [-118.721617817107, 34.0555229998824], [-118.721656467075, 34.0555075328441], [-118.721642316443, 34.0554750829308], [-118.721659167492, 34.0554451663024], [-118.721686083425, 34.055422667044], [-118.721660782944, 34.0553991499629], [-118.721643932622, 34.0553750001485], [-118.72161121734, 34.055368982936], [-118.721632700231, 34.0553329326973], [-118.721649332941, 34.055302717003], [-118.721672833349, 34.0552768003737], [-118.721689733327, 34.0552459331398], [-118.721713484264, 34.0552212670692], [-118.72171576616, 34.0551920172682], [-118.721856561381, 34.0550450617645], [-118.721887916573, 34.0546469326882], [-118.721854317044, 34.0546626169608], [-118.721833116944, 34.0546386329178], [-118.72185876583, 34.054619566947], [-118.721877716054, 34.0545956655768], [-118.72189566552, 34.0545710831159], [-118.72189536562, 34.0545364328337], [-118.721869139737, 34.0545314702965], [-118.721853183256, 34.0545284504431], [-118.721850203042, 34.0545087981742], [-118.721848833853, 34.0544997663176], [-118.721862068656, 34.0544880376793], [-118.721872283275, 34.0544789843369], [-118.721898416716, 34.0544617665786], [-118.721889417497, 34.0544309666114], [-118.721886832968, 34.054401733403], [-118.721916666285, 34.0543791333724], [-118.721941834535, 34.0543472670561], [-118.721938817224, 34.0543179334252], [-118.72194266622, 34.0542830168428], [-118.721910266651, 34.0542618831937], [-118.721874116961, 34.0542656833574], [-118.721837217248, 34.0542725169552], [-118.72182311731, 34.0542670377381], [-118.721800933978, 34.0542584169377], [-118.721749982498, 34.0542460329619], [-118.721730500391, 34.0542177830535], [-118.72174426692, 34.0541849332471], [-118.721729966907, 34.0541560995776], [-118.721712654064, 34.0541372448162], [-118.721708633481, 34.0541328668022], [-118.721693166225, 34.0541034673714], [-118.721693067374, 34.0540689166945], [-118.721686571291, 34.0540522505895], [-118.721681067365, 34.0540381326068], [-118.721719483111, 34.0540220327117], [-118.721752434201, 34.0539986166307], [-118.72173498353, 34.053964333734], [-118.72173659974, 34.0539296328049], [-118.721740083747, 34.0538945155778], [-118.721714233586, 34.053863300187], [-118.721698900144, 34.0538389500831], [-118.721676666933, 34.0538162328045], [-118.721645049501, 34.0537900996783], [-118.721610732638, 34.0537764661269], [-118.721566083654, 34.0537701833249], [-118.721527650376, 34.053756016706], [-118.721482034254, 34.0537540000163], [-118.721442083744, 34.0537427500148], [-118.721408965591, 34.0537361674335], [-118.721366683526, 34.0537530830154], [-118.721332899786, 34.0537479327322], [-118.721299350333, 34.0537630169766], [-118.721261667113, 34.0537643330629], [-118.721225783625, 34.0537565996474], [-118.721198933453, 34.0537282831416], [-118.721232567261, 34.0537098659041], [-118.72125726732, 34.0536905829421], [-118.721285833283, 34.053658682764], [-118.721274683484, 34.0536322663031], [-118.72122713313, 34.0536268830088], [-118.721205283159, 34.0535943672694], [-118.721171666572, 34.0535888672046], [-118.721152317312, 34.0535613327], [-118.72111743289, 34.053538483185], [-118.721070134465, 34.0535332667363], [-118.721036549503, 34.0535252831875], [-118.720992867523, 34.0535328661924], [-118.720958917214, 34.0535317168529], [-118.720919667282, 34.0535295171793], [-118.720879283857, 34.0535310173891], [-118.720844166486, 34.0535184664005], [-118.720830633907, 34.0534908330728], [-118.720823649815, 34.0534599825858], [-118.720806867228, 34.0534335001112], [-118.720782083251, 34.0534097172042], [-118.720750017433, 34.0533884174522], [-118.720709516566, 34.05338994964], [-118.720676433256, 34.0534062172812], [-118.720636117337, 34.0533920670734], [-118.720600532657, 34.0533966503238], [-118.720571599617, 34.0534141672311], [-118.720532265782, 34.053419416976], [-118.720493466103, 34.0534112998615], [-118.720452482496, 34.0534091995579], [-118.720426032775, 34.0534264170574], [-118.720396316134, 34.0534493660349], [-118.720370649491, 34.0534722667389], [-118.720340365476, 34.0534877173606], [-118.720318666549, 34.053511234215], [-118.720341616986, 34.0535345837086], [-118.720334016083, 34.0535634825822], [-118.720345732866, 34.0535891842621], [-118.720320782927, 34.0536085670014], [-118.72028366745, 34.0536122169704], [-118.720262282878, 34.053589233963], [-118.720230865972, 34.0536040668797], [-118.720194366554, 34.0536157503322], [-118.720173932817, 34.0535915834236], [-118.720139050465, 34.0535751671644], [-118.720101816727, 34.0535716167864], [-118.720054500309, 34.0535707172859], [-118.72001418362, 34.0535878663218], [-118.719988632597, 34.0536163840563], [-118.719972416641, 34.0536462670668], [-118.719940082755, 34.0536644668435], [-118.719902233157, 34.0536721663616], [-118.719859767123, 34.0536654836862], [-118.719817900467, 34.0536832165736], [-118.71977688347, 34.0536837671425], [-118.719739266717, 34.0537019498614], [-118.719698850155, 34.0537041497934], [-118.719667165634, 34.0537126343656], [-118.719651700144, 34.0537377168418], [-118.719618099779, 34.0537292837257], [-118.71957556705, 34.0537184331837], [-118.71953929972, 34.0537240830897], [-118.719508283509, 34.0537429827416], [-118.719470982948, 34.0537470171353], [-118.71944728294, 34.0537723333785], [-118.719416516988, 34.0537946996125], [-118.719384849759, 34.0538033159282], [-118.719346083076, 34.0538135166981], [-118.719303717284, 34.0538258831074], [-118.719263616813, 34.0538368342779], [-118.719223133737, 34.0538325826309], [-118.719192805765, 34.053827362381], [-118.719198549848, 34.0538193174338], [-118.719219049747, 34.0537942158948], [-118.719174100297, 34.0538220672541], [-118.719171887842, 34.0538237616519], [-118.719160683518, 34.0538218325466], [-118.719155524446, 34.0538289401364], [-118.719144516829, 34.0538224342171], [-118.719109833872, 34.05382103357], [-118.719072684405, 34.0538267671704], [-118.719050449602, 34.0538487658374], [-118.719043632702, 34.0538763833043], [-118.719047615786, 34.0539090167901], [-118.719054516702, 34.0539454173484], [-118.719038717428, 34.0539773658719], [-118.71902695051, 34.0540046166308], [-118.71900991718, 34.0540433156756], [-118.718975299848, 34.054057416248], [-118.718938182566, 34.0540703004387], [-118.718908182465, 34.0540895827934], [-118.718885482918, 34.0541211156022], [-118.718876433356, 34.0541532004147], [-118.718858966461, 34.0541797000567], [-118.718834783723, 34.0542002342707], [-118.718798300097, 34.0542128496643], [-118.718772483235, 34.0542344167036], [-118.718739899994, 34.0542571328485], [-118.718713234388, 34.0542819999531], [-118.718674916506, 34.0543037671439], [-118.718654884338, 34.0543334672827], [-118.718639317469, 34.054369233755], [-118.718619683405, 34.0544027672881], [-118.718584165762, 34.0544289331014], [-118.71855326745, 34.0544586173658], [-118.718523817474, 34.054486833046], [-118.718520166817, 34.0545237171534], [-118.71852469951, 34.0545598503628], [-118.718537583417, 34.054590767334], [-118.718514182969, 34.0546228168775], [-118.718485649657, 34.0546542163453], [-118.718478483448, 34.0546868497103], [-118.718445184131, 34.0547077500801], [-118.71844503402, 34.0547394670541], [-118.718470116464, 34.0547662659059], [-118.718486117522, 34.0547972828568], [-118.718463134267, 34.0548247842025], [-118.718436233593, 34.0548486334297], [-118.718400217016, 34.0548582156907], [-118.718360000537, 34.0548705328982], [-118.718326166704, 34.0548740496616], [-118.718295116533, 34.0548589174278], [-118.718255616623, 34.0548627328433], [-118.718220900207, 34.0548767671522], [-118.718190366894, 34.0548926336092], [-118.718153482565, 34.0549075495695], [-118.718111799771, 34.0549114341333], [-118.718068349917, 34.0549199328104], [-118.718027567056, 34.0549235002051], [-118.717990766343, 34.054925533772], [-118.717952617228, 34.0549278830232], [-118.717914965598, 34.0549278829882], [-118.717869734513, 34.0549326660503], [-118.717835632785, 34.0549385327226], [-118.717800266838, 34.0549512667564], [-118.717769084539, 34.0549652658787], [-118.717738416752, 34.0549863326975], [-118.71769873259, 34.0549819497712], [-118.717663316815, 34.054987682594], [-118.71762203345, 34.0549825171159], [-118.717577617214, 34.0549876833827], [-118.717567150093, 34.0550234998906], [-118.71758313268, 34.0550610332249], [-118.71759129996, 34.0550917331057], [-118.717582783279, 34.0551267168909], [-118.717570016896, 34.0551571666726], [-118.717562132858, 34.0551883502924], [-118.717555284165, 34.055221816594], [-118.717543966946, 34.0552486160445], [-118.717511583072, 34.0552669497848], [-118.717481516593, 34.0552864672087], [-118.717481351746, 34.0552871451282], [-118.717448642163, 34.0552913937336], [-118.717404582814, 34.0552971184102], [-118.717393433309, 34.05527061596], [-118.717369333337, 34.0552448998999], [-118.717335399532, 34.0552264334316], [-118.717300616818, 34.0552299328958], [-118.717282916159, 34.0552003337353], [-118.717298900518, 34.055176183353], [-118.717333550028, 34.0551662164077], [-118.717350982466, 34.055138283153], [-118.717342334264, 34.0551099841017], [-118.717317400264, 34.0550828666267], [-118.717286283033, 34.0550701333157], [-118.717256116673, 34.0550857340878], [-118.717215883161, 34.0550943497994], [-118.717182467205, 34.0551101997516], [-118.717147733244, 34.0551164332454], [-118.717113249811, 34.0551211828791], [-118.71707066687, 34.0551299830447], [-118.717032533457, 34.0551196337044], [-118.716989782684, 34.0551219001532], [-118.71696156606, 34.0551035331242], [-118.716935616847, 34.0551212657162], [-118.71690808251, 34.0550957831393], [-118.716871499603, 34.0550842169745], [-118.7168283998, 34.0550836332086], [-118.716792484239, 34.0550891167103], [-118.716764432866, 34.0550709831934], [-118.716731299568, 34.0550688500911], [-118.716692517371, 34.0550738171299], [-118.716671000247, 34.0550986497874], [-118.716641917204, 34.055121566134], [-118.716640616217, 34.0551512001535], [-118.716638633815, 34.0551825674058], [-118.716642199999, 34.0552149338888], [-118.716608016092, 34.0552315665892], [-118.71658998349, 34.0552598166285], [-118.716619883129, 34.0552853331392], [-118.716617182578, 34.0553128327213], [-118.716588600268, 34.0553306662923], [-118.716557799804, 34.0553545333406], [-118.716534216429, 34.0553805832307], [-118.716498000427, 34.0553983325708], [-118.716470499697, 34.0554177325854], [-118.716465066654, 34.0554500499556], [-118.716488617547, 34.0554698827544], [-118.716520399933, 34.0554834162421], [-118.716556767477, 34.0555050333697], [-118.716592282686, 34.0555318996747], [-118.716576817094, 34.0555623667082], [-118.716552716784, 34.0555813001784], [-118.716565584404, 34.0556119160409], [-118.716583717482, 34.0556354328488], [-118.716613049533, 34.0556491667944], [-118.716624466332, 34.0556825331856], [-118.716624099607, 34.0557155342154], [-118.71663576563, 34.0557470326765], [-118.716671383475, 34.0557639342758], [-118.716691132644, 34.0557868670275], [-118.716708316526, 34.0558135330796], [-118.716736433341, 34.055835917277], [-118.716761832783, 34.0558556671542], [-118.716792316808, 34.0558671168552], [-118.716830583322, 34.0558728328509], [-118.716857932579, 34.0559028499793], [-118.716887550053, 34.0559294171416], [-118.716866984351, 34.0559592172996], [-118.716829634261, 34.0559740166843], [-118.716800482788, 34.0559905330204], [-118.716763817321, 34.0559862829546], [-118.716719850508, 34.0559945499025], [-118.716686383834, 34.05600116717], [-118.716645132577, 34.0560091166803], [-118.71664483281, 34.0560399330753], [-118.716674334174, 34.0560605171417], [-118.716670382938, 34.0560897155726], [-118.716661216799, 34.0561274326769], [-118.716685066829, 34.056152733132], [-118.71670433288, 34.0561802655872], [-118.716690832805, 34.0562131664263], [-118.716666517265, 34.0562337996261], [-118.716704933291, 34.0562308001786], [-118.716687649687, 34.056254615764], [-118.716653917528, 34.0562590329333], [-118.716616333332, 34.0562693659935], [-118.716598400196, 34.0562942173497], [-118.716575749521, 34.056322050196], [-118.716552366922, 34.0563427326479], [-118.716536634365, 34.0563745498816], [-118.716552867457, 34.0564002667047], [-118.716563299999, 34.0564278159508], [-118.716579234365, 34.0564545166087], [-118.71657433322, 34.0564857003712], [-118.716568765787, 34.0565203503281], [-118.716599234313, 34.0565325671209], [-118.716630983906, 34.0565425498528], [-118.716626349462, 34.0565142500296], [-118.716635100476, 34.0564762172291], [-118.716640233511, 34.0565047002771], [-118.716676066999, 34.0565238167095], [-118.716717683982, 34.0565430172162], [-118.71675953354, 34.0565331333671], [-118.716790233318, 34.0565144157563], [-118.716824216928, 34.0565263826852], [-118.716860649879, 34.0565188341243], [-118.716875900522, 34.0564883998229], [-118.716906367486, 34.0565193662145], [-118.716946167419, 34.0565493828951], [-118.716987467261, 34.0565528502512], [-118.717018982603, 34.056564917342], [-118.717038033537, 34.0565943667195], [-118.71704864955, 34.056626433882], [-118.717043566328, 34.0566587659938], [-118.717008732565, 34.056663966035], [-118.716974966674, 34.0566677166681], [-118.716936966823, 34.0566614330478], [-118.716897883205, 34.0566681674208], [-118.716867233238, 34.0566477174452], [-118.716838016721, 34.0566317832821], [-118.716803466602, 34.0566485173789], [-118.716768800402, 34.0566580674473], [-118.71672666699, 34.0566668833619], [-118.716696249922, 34.0566838668364], [-118.71666335008, 34.0566727343022], [-118.716625234147, 34.0566625996185], [-118.716643132629, 34.056688034062], [-118.716674583405, 34.0567081333977], [-118.716673583989, 34.0567456666055], [-118.716664282985, 34.0567792827821], [-118.716693633297, 34.0567963833066], [-118.716721566385, 34.0568135670289], [-118.716706866735, 34.0568460170793], [-118.716739482527, 34.0568411167052], [-118.716772817397, 34.0568340327358], [-118.716805100137, 34.0568225003403], [-118.716835033495, 34.0568094827512], [-118.716869817301, 34.0568182166739], [-118.716910583134, 34.0568069673258], [-118.71693128291, 34.0568348828031], [-118.716972067214, 34.0568200328205], [-118.717010166946, 34.0568142502046], [-118.717020233923, 34.0567846843122], [-118.717038517184, 34.0568093828433], [-118.717067916809, 34.0568323169022], [-118.717088883728, 34.0568542003323], [-118.717103716907, 34.0568815502429], [-118.717103182744, 34.0569157998033], [-118.717167316989, 34.0569257170459], [-118.717169384135, 34.0569620830042], [-118.717161115752, 34.0569892340521], [-118.717120382568, 34.05700593377], [-118.717154533687, 34.0570054826239], [-118.717188049769, 34.0569960502147], [-118.717186182951, 34.0570239170643], [-118.717221633513, 34.0570224329218], [-118.71725223319, 34.0569977502667], [-118.717272684158, 34.0569724827115], [-118.71730578379, 34.0569824669263], [-118.717308525283, 34.0569836887531], [-118.717303416747, 34.0569862655807], [-118.717325965663, 34.0570086662385], [-118.717334979464, 34.0570232187951], [-118.717340497105, 34.057032127003], [-118.717342700145, 34.0570356841103], [-118.717376616749, 34.0570331332347], [-118.717407200048, 34.0570209170884], [-118.717442515686, 34.0570280655719], [-118.717473283775, 34.0570403341774], [-118.717481766501, 34.057068032659], [-118.717481349505, 34.0570966172446], [-118.717468999829, 34.0571282671098], [-118.717437900269, 34.0571449167263], [-118.717469017236, 34.0571614500178], [-118.717509083038, 34.0571580830053], [-118.717477349753, 34.0571705332569], [-118.717448533166, 34.0572007499665], [-118.717432383231, 34.0572253339081], [-118.717407884521, 34.0572438997152], [-118.717398784503, 34.0572385132298], [-118.717399516568, 34.0572659170862], [-118.717415015641, 34.0572908339246], [-118.717408082778, 34.05731946685], [-118.717389933257, 34.0573477670258], [-118.717367832603, 34.0573772830867], [-118.717344583327, 34.0574069502926], [-118.717325599578, 34.0574401166822], [-118.717291915847, 34.0574598502333], [-118.717271999681, 34.0574833333101], [-118.71727323247, 34.0575165172701], [-118.717267833747, 34.0575479343335], [-118.717245883099, 34.0575707498816], [-118.717251999544, 34.0575987327559], [-118.717258249747, 34.0576293496807], [-118.717264115627, 34.0576612172433], [-118.717236816607, 34.0576819665986], [-118.71719410018, 34.0576856336376], [-118.717163534418, 34.057675100038], [-118.717150366728, 34.0576752294314], [-118.717126300168, 34.0576754668831], [-118.717099032507, 34.0576960173147], [-118.717076066948, 34.057719217181], [-118.717066316423, 34.05775256684], [-118.717094582541, 34.0577670170731], [-118.717097416778, 34.0577684662389], [-118.717121667104, 34.0578008338521], [-118.717147015499, 34.0578248338569], [-118.71714621709, 34.0578526829614], [-118.717112632502, 34.0578492502726], [-118.717084183768, 34.057863816388], [-118.717072717, 34.0578934503327], [-118.717063532489, 34.0579261004412], [-118.717048100527, 34.0579526830343], [-118.71703232356, 34.0579694365778], [-118.717024666577, 34.0579775671263], [-118.717000233522, 34.0580034001177], [-118.716999050016, 34.0580040314011], [-118.716972416285, 34.0580182329642], [-118.716943633147, 34.0580397670116], [-118.716955434279, 34.0580673829717], [-118.716969216468, 34.0581012158355], [-118.71696584836, 34.0581182723087], [-118.71695035038, 34.0581195330319], [-118.716912845492, 34.0581402584089], [-118.716913231171, 34.0581409235937], [-118.716909575893, 34.0581420643629], [-118.716905017455, 34.0581445833558], [-118.716904889342, 34.0581444674152], [-118.716878549824, 34.058168884196], [-118.716855083614, 34.0581886172946], [-118.71684009993, 34.0582219999315], [-118.716857117312, 34.0582458168938], [-118.716861067521, 34.0582763664414], [-118.716871315634, 34.0583082166485], [-118.716906183135, 34.0583270326808], [-118.716930633441, 34.0583598326085], [-118.716895083195, 34.0583584161383], [-118.716893149492, 34.0583945837173], [-118.716919396637, 34.0584316727511], [-118.716925949589, 34.0584280159205], [-118.716956682814, 34.058407817416], [-118.716997066775, 34.0583977835516], [-118.717035999878, 34.0583874331148], [-118.717078232821, 34.0583979998635], [-118.71709097876, 34.0583974987943], [-118.717118066311, 34.058396434383], [-118.71715446649, 34.0583942838822], [-118.717169903511, 34.0583925112624], [-118.717189449678, 34.0583902674204], [-118.717215199677, 34.0584133000373], [-118.717195365596, 34.0584353162706], [-118.717173717122, 34.0584629170408], [-118.717172866942, 34.0584667003124], [-118.717171999569, 34.0584843330916], [-118.717171371821, 34.0584970893486], [-118.71718570041, 34.0585155171263], [-118.717200316746, 34.0585404339345], [-118.717212415613, 34.0585762663768], [-118.717229783627, 34.0586005172626], [-118.717256267135, 34.058621416929], [-118.717259100029, 34.0586540671134], [-118.717248633127, 34.0586855668095], [-118.717268499607, 34.0587118671075], [-118.71727561657, 34.0587456158399], [-118.717252233305, 34.0587775669221], [-118.717208467373, 34.0587783173389], [-118.717194765593, 34.0588108832015], [-118.717191650164, 34.0588410502289], [-118.717173933819, 34.0588694669989], [-118.717177966501, 34.058900616976], [-118.717145665896, 34.0589129327105], [-118.717114766763, 34.0589296674152], [-118.717090651396, 34.0589558005916], [-118.717089283958, 34.0589572826753], [-118.717077132908, 34.0589858838122], [-118.71708464067, 34.0589931979358], [-118.717099099506, 34.0590072843883], [-118.717131966764, 34.0590216169111], [-118.717158149498, 34.0590416332842], [-118.717186917404, 34.0590558339792], [-118.717201167071, 34.0590880501415], [-118.717183865904, 34.059113449568], [-118.71716926671, 34.059151033284], [-118.717153315554, 34.059183083353], [-118.717178683065, 34.0592097331952], [-118.717183000391, 34.0592432998287], [-118.717166832576, 34.0592734830407], [-118.71713971716, 34.0592911664185], [-118.7171073162, 34.0593001831202], [-118.717096282572, 34.0593300833517], [-118.71712761615, 34.0593493337096], [-118.717164483444, 34.059372582563], [-118.717178032821, 34.059397900246], [-118.717157799772, 34.0594223840228], [-118.717138883498, 34.0594506998075], [-118.71714771568, 34.0594817000625], [-118.717153666742, 34.0595107331344], [-118.717144732925, 34.0595388827502], [-118.71712073409, 34.0595653670331], [-118.717117067198, 34.0595959326221], [-118.717096882853, 34.059568716372], [-118.717067433055, 34.0595550669488], [-118.717027616738, 34.05956513337], [-118.716995032803, 34.0595766669219], [-118.716960016896, 34.0595775329239], [-118.716926300373, 34.0595835668375], [-118.716878632629, 34.0595818002206], [-118.716823333516, 34.0595803839768], [-118.716776617377, 34.0595869169311], [-118.716757133422, 34.059621483045], [-118.716649000489, 34.0595589997637], [-118.716575333206, 34.0595459997495], [-118.71650166703, 34.0595329996997], [-118.716427999796, 34.05951999959], [-118.716364170074, 34.0594650076646], [-118.716364000108, 34.0594650003401], [-118.716362116509, 34.0594638476641], [-118.716329240889, 34.0594582157398], [-118.716269587527, 34.0594716699945], [-118.71618599952, 34.0594910003869], [-118.7161250004, 34.0594576667258], [-118.716064000247, 34.0594243330186], [-118.716003000132, 34.059391000179], [-118.715941999907, 34.059385500114], [-118.715880999691, 34.0593800000163], [-118.71579899954, 34.0593699997007], [-118.715798574771, 34.0593700057309], [-118.715633623335, 34.0593721661444], [-118.715622185461, 34.0593833417882], [-118.715606215373, 34.0593989452574], [-118.715585934592, 34.0594247336742], [-118.715563250871, 34.0594542526752], [-118.71553990051, 34.0594835279469], [-118.715524101526, 34.059518296787], [-118.715526135131, 34.0595468990113], [-118.715559025876, 34.0595616487634], [-118.715575964651, 34.0595898889273], [-118.715552299068, 34.0596158330042], [-118.715546432869, 34.0596441721532], [-118.715507471416, 34.0596487608204], [-118.715471074453, 34.0596342401829], [-118.715435874043, 34.0596371862284], [-118.715404836667, 34.0596235815805], [-118.715379223158, 34.0596509894181], [-118.715354650942, 34.0596706664382], [-118.715309716531, 34.0596735522607], [-118.715272904781, 34.0596806461697], [-118.715233785338, 34.0596860200192], [-118.71521496807, 34.0597217140251], [-118.715188879568, 34.0597420942501], [-118.715155046641, 34.0597609834019], [-118.715152533767, 34.0597886922965], [-118.715118532543, 34.0597990219802], [-118.715109185743, 34.0598295333594], [-118.715115763137, 34.0598610402532], [-118.715133387857, 34.0598854052151], [-118.715089781042, 34.0598776098799], [-118.715071217371, 34.0598506324329], [-118.715034455924, 34.0598485120406], [-118.714993084068, 34.0598645961155], [-118.714979664573, 34.0598942627648], [-118.715004333682, 34.0599160710617], [-118.715032664649, 34.0599388032791], [-118.715000976809, 34.059948902078], [-118.714962199993, 34.0599653562001], [-118.714951776803, 34.0599919102166], [-118.714927865908, 34.0600272410803], [-118.71491034437, 34.0600507480016], [-118.714882577351, 34.0600831792292], [-118.714840076081, 34.0601103279061], [-118.714815105522, 34.0601315636048], [-118.714800371434, 34.0601566643478], [-118.714774037576, 34.0601734697441], [-118.714742950785, 34.0601847707123], [-118.714720011338, 34.0602205109738], [-118.714703032539, 34.0602527239831], [-118.714670240815, 34.0602599496017], [-118.71463790309, 34.0602739528102], [-118.714608046554, 34.0602883356117], [-118.714588925636, 34.0603212961627], [-118.714616183892, 34.060352153799], [-118.714613835489, 34.060381856957], [-118.714586678275, 34.0604184700819], [-118.714570106901, 34.0604543290404], [-118.714556605201, 34.0604798493499], [-118.714546288804, 34.0605229083728], [-118.71452049411, 34.0605423838821], [-118.714494661145, 34.0605644067455], [-118.714451251062, 34.0605902602975], [-118.714426699025, 34.0606212320008], [-118.71439678058, 34.0606389380748], [-118.714355818153, 34.0606558577638], [-118.714332418608, 34.0606775979163], [-118.714315395912, 34.0607079017694], [-118.714311375653, 34.0607388743634], [-118.714283404483, 34.0607627293437], [-118.714256648907, 34.0607817269402], [-118.714240232791, 34.0608127651793], [-118.714222651746, 34.0608393681451], [-118.714251230499, 34.0608578714354], [-118.714274278001, 34.0608824662983], [-118.714268780557, 34.0609139370006], [-118.714234956179, 34.0609317251624], [-118.714187527907, 34.0609376188332], [-118.714148020295, 34.0609442987883], [-118.714107467644, 34.0609557388582], [-118.71407444382, 34.060969206747], [-118.714041217295, 34.060968922741], [-118.713999561731, 34.0609785030387], [-118.713962490688, 34.0609883658733], [-118.713925492281, 34.0609954337975], [-118.713896301554, 34.0609819749251], [-118.713862878777, 34.0609783114309], [-118.713828234529, 34.0609924226949], [-118.713811654001, 34.0610170525701], [-118.713778067029, 34.0610180770803], [-118.713752389109, 34.0610364817801], [-118.713721883957, 34.0610538736181], [-118.713690219477, 34.0610657573873], [-118.713701981049, 34.061096422209], [-118.713724667135, 34.0611224465674], [-118.71375287471, 34.0611468374394], [-118.713774804355, 34.061180454244], [-118.713805819296, 34.0611914021773], [-118.71385015154, 34.0611882297607], [-118.713864591307, 34.0612158360744], [-118.713838315909, 34.0612354673701], [-118.713804806545, 34.0612339188297], [-118.713769199528, 34.0612505264238], [-118.71373912979, 34.0612683847747], [-118.713701422175, 34.0612594717937], [-118.713669486482, 34.0612704428255], [-118.713634956202, 34.0612761591467], [-118.713602407654, 34.0612704985918], [-118.713596654621, 34.0612410862559], [-118.71355919372, 34.0612365115844], [-118.713522577443, 34.0612277100382], [-118.713487718853, 34.0612421992318], [-118.713446974927, 34.0612607690962], [-118.713405376342, 34.061281256815], [-118.713362394095, 34.0612957768346], [-118.713327372476, 34.0613251740303], [-118.713334498877, 34.0613597831175], [-118.713303000132, 34.0613772366435], [-118.713262590778, 34.0614025862953], [-118.713227921484, 34.061416288687], [-118.71319582277, 34.061428146676], [-118.713158829369, 34.0614205443293], [-118.713123170459, 34.061426372161], [-118.713087853051, 34.0614407523695], [-118.713051688364, 34.0614441123228], [-118.713016883526, 34.061447857264], [-118.712973112451, 34.0614412574482], [-118.712928200851, 34.0614564893709], [-118.712928890114, 34.0614886817152], [-118.712900695542, 34.0615091881554], [-118.712866215285, 34.0615152149434], [-118.712861261938, 34.0615451725929], [-118.712832712236, 34.0615664602561], [-118.712805456732, 34.061543949745], [-118.712787141685, 34.0615188887777], [-118.712757451639, 34.0615356332319], [-118.712723269338, 34.0615337558183], [-118.712689613556, 34.0615440949838], [-118.712657328558, 34.0615323056743], [-118.712624321588, 34.0615393326325], [-118.712584984475, 34.061550275616], [-118.71255225928, 34.0615607478687], [-118.712513089694, 34.0615685273664], [-118.712494863532, 34.0615945178189], [-118.712494397712, 34.0616257162185], [-118.712497137305, 34.0616552730528], [-118.712504278481, 34.0616867656804], [-118.712488293667, 34.0617110378556], [-118.712451283903, 34.061715187746], [-118.712417633354, 34.0617228096079], [-118.712382058624, 34.0617234677513], [-118.712338367319, 34.0617257804506], [-118.712298048822, 34.0617187848544], [-118.712251527394, 34.0617237070816], [-118.712267203244, 34.0617501600477], [-118.712285319644, 34.0617824727454], [-118.712308482423, 34.0618037678002], [-118.712309638841, 34.0618328117861], [-118.712288371033, 34.0618632782894], [-118.712270819781, 34.061889129375], [-118.712240167055, 34.0619117382303], [-118.712243755477, 34.0619467653645], [-118.712256009134, 34.0619749340635], [-118.712228716038, 34.0619926250533], [-118.712211991427, 34.0620174099183], [-118.712180275578, 34.0620272921354], [-118.712158300882, 34.0620480949857], [-118.712175671777, 34.0620851297109], [-118.712186271451, 34.0621159320846], [-118.712207912752, 34.0621391149332], [-118.712203391594, 34.0621682633202], [-118.712173865284, 34.0621808614208], [-118.712149734576, 34.062200206425], [-118.712156882673, 34.0622274203652], [-118.712171879392, 34.0622533373419], [-118.712161377084, 34.0622811442163], [-118.712169747179, 34.0623106853516], [-118.71220404216, 34.0623143078027], [-118.712238062739, 34.062318214737], [-118.712205360533, 34.0623396671557], [-118.71219366046, 34.0623715607523], [-118.712191383095, 34.0624020291255], [-118.712208101766, 34.0624363499965], [-118.712176151978, 34.0624456201159], [-118.712186215042, 34.0624722647614], [-118.712223399396, 34.0624628843187], [-118.712220614889, 34.0624919666797], [-118.712251837832, 34.0625038630968], [-118.712283952302, 34.062523000935], [-118.712314174042, 34.0625365674127], [-118.712332023554, 34.0625638707356], [-118.712369911685, 34.0625713112523], [-118.71240522065, 34.062593332263], [-118.712413296394, 34.0626251176123], [-118.712387566935, 34.0626492832204], [-118.712359906129, 34.0626681835644], [-118.712378746611, 34.0626925229534], [-118.712334499397, 34.0626973329825], [-118.712298733461, 34.0626870449991], [-118.712287833658, 34.0626523211173], [-118.712255140423, 34.0626387032576], [-118.712223994482, 34.0626260684412], [-118.71218720353, 34.0626190432732], [-118.712157503458, 34.0626061056331], [-118.712129440865, 34.0625845117583], [-118.712093582488, 34.0625828108522], [-118.712064006468, 34.0625551756774], [-118.712025918378, 34.0625620422391], [-118.711990665221, 34.0625727751426], [-118.711973923887, 34.0626070657393], [-118.711991803983, 34.0626344803512], [-118.712002941113, 34.062663087209], [-118.712023799944, 34.0626886809977], [-118.712057281395, 34.0627163963931], [-118.71206560466, 34.0627535181459], [-118.712098656331, 34.0627672798509], [-118.712064700497, 34.0627811621393], [-118.712028543698, 34.0628032425925], [-118.712025553951, 34.0628371269905], [-118.712031882188, 34.0628651881251], [-118.712060715817, 34.0628804365934], [-118.712092209218, 34.0628978067238], [-118.712105771475, 34.0629287769001], [-118.712133945909, 34.0629504288333], [-118.712147836079, 34.0629794977299], [-118.712119413217, 34.0629960246248], [-118.712095075464, 34.0629726228758], [-118.712072827674, 34.0629512732405], [-118.712040589631, 34.0629447403595], [-118.712004452538, 34.0629549250448], [-118.711985824088, 34.0629311388458], [-118.711961637123, 34.0629055389834], [-118.711930394821, 34.0629043761548], [-118.7119357579, 34.0628768213468], [-118.711902223663, 34.0628853810807], [-118.711872418696, 34.0628994995694], [-118.711855813111, 34.0629250709587], [-118.711824874349, 34.0629356398256], [-118.7118339343, 34.0629669188441], [-118.71183698533, 34.0629969633082], [-118.711800159236, 34.0629955317531], [-118.71177003591, 34.0630200532299], [-118.71175082339, 34.0630513443199], [-118.711717840698, 34.0630489455598], [-118.711734281212, 34.0630742225676], [-118.71174207521, 34.0631024156856], [-118.711725029464, 34.0631281993479], [-118.71175517365, 34.0631434717242], [-118.711720375106, 34.0631390852455], [-118.711722009717, 34.0631673619748], [-118.711675673742, 34.0631802449668], [-118.71164039321, 34.0631838110124], [-118.711637127045, 34.0632808486759], [-118.711648570444, 34.0633085448385], [-118.711640262043, 34.0634067164167], [-118.711631433712, 34.0634242121625], [-118.711619740271, 34.0634473832292], [-118.711603425161, 34.0634733328992], [-118.711574832275, 34.063496869097], [-118.711573564933, 34.0635306196756], [-118.711539832078, 34.0635412380011], [-118.711550002387, 34.0635739152646], [-118.711517288521, 34.0635800517746], [-118.711510599878, 34.0636100834403], [-118.7115248147, 34.063635121622], [-118.711557803081, 34.0636256443601], [-118.711593815819, 34.0636254845679], [-118.711613550776, 34.0636486549446], [-118.71157949437, 34.0636606399802], [-118.711583661253, 34.0636961893001], [-118.711611760588, 34.0637318677319], [-118.71157272913, 34.063840174144], [-118.711462793371, 34.0639579382516], [-118.711325211058, 34.0640229634193], [-118.711259526067, 34.0640737728972], [-118.711134934494, 34.064112076758], [-118.711037967862, 34.0641643542396], [-118.710938960952, 34.0641831537958], [-118.710873781536, 34.0641021583942], [-118.710852357581, 34.0641769818184], [-118.710697513219, 34.0642258471253], [-118.710601663628, 34.0642853204338], [-118.710509502222, 34.0643206431867], [-118.71021772883, 34.0644579272732], [-118.710181110548, 34.0644697206038], [-118.709895263192, 34.0646167554049], [-118.709848415061, 34.064617558279], [-118.709808620852, 34.0646182408741], [-118.709721979578, 34.064619727191], [-118.7096353383, 34.064621213442], [-118.709548697048, 34.0646226978244], [-118.70946205468, 34.0646241839314], [-118.709406291355, 34.0646623883435], [-118.709350526907, 34.0647005918132], [-118.709294763474, 34.0647387961676], [-118.709239000001, 34.0647769995917], [-118.709175150158, 34.0647414222193], [-118.709111300388, 34.0647058439083], [-118.709036553224, 34.0647335851058], [-118.708961804925, 34.0647613262412], [-118.708887057656, 34.064789067339], [-118.708931705289, 34.0648400448277], [-118.708868401157, 34.0648776406168], [-118.708662661231, 34.0649349968401], [-118.708523635015, 34.064909949951], [-118.708416510657, 34.0649132631231], [-118.708243700547, 34.0649431817792], [-118.70822206189, 34.0649488406828], [-118.708202999799, 34.064966000128], [-118.708166724477, 34.0650019384218], [-118.708158379383, 34.0650695899113], [-118.70818925081, 34.0651351995993], [-118.708156559601, 34.0651393006016], [-118.707557257545, 34.0654738339916], [-118.707618348936, 34.0655240879402], [-118.707679441489, 34.0655743418656], [-118.707720719628, 34.0656081710491], [-118.707761999969, 34.065642000241], [-118.707742157431, 34.0657147231893], [-118.707720422923, 34.0657945387985], [-118.707698690523, 34.0658743553226], [-118.707676955928, 34.0659541709096], [-118.70765522344, 34.0660339874115], [-118.707633488756, 34.0661138029763], [-118.707611756195, 34.0661936185546], [-118.707590022491, 34.0662734350108], [-118.707568288759, 34.0663532505547], [-118.707581227479, 34.0664347071639], [-118.707594168407, 34.0665161628876], [-118.707607107195, 34.066597618578], [-118.707620047078, 34.0666790751733], [-118.707590615387, 34.0667619984531], [-118.707561182566, 34.0668449208041], [-118.707531751849, 34.0669278431645], [-118.707502319973, 34.067010766399], [-118.707502064494, 34.0670108193967], [-118.70750199978, 34.0670109998738], [-118.707432999466, 34.0670253333345], [-118.70736400021, 34.0670396667653], [-118.707294999846, 34.067054000142], [-118.707294929686, 34.0670539840196], [-118.707294815531, 34.0670540079677], [-118.707211255472, 34.0670350369639], [-118.707127696552, 34.0670160650095], [-118.707044137657, 34.0669970938947], [-118.706974702952, 34.066981342875], [-118.706905267191, 34.0669655918005], [-118.706835832542, 34.0669498406956], [-118.706766396822, 34.0669340904373], [-118.706695429156, 34.0669804592976], [-118.706624461391, 34.0670268290126], [-118.706553492475, 34.0670731977674], [-118.706618062766, 34.0670991083668], [-118.706682634182, 34.0671250189411], [-118.706747203475, 34.0671509294535], [-118.706816357854, 34.0671786319608], [-118.706885512282, 34.0672063344254], [-118.706954666759, 34.067234036847], [-118.707023821284, 34.0672617392259], [-118.707023806369, 34.067261922071], [-118.707024000113, 34.0672619999999], [-118.707016726592, 34.0673492729942], [-118.707009455237, 34.0674365451031], [-118.707002181684, 34.0675238180799], [-118.706994909199, 34.0676110910603], [-118.706987635614, 34.0676983640195], [-118.706980364194, 34.0677856360932], [-118.706973090577, 34.067872909035], [-118.706965818027, 34.0679601819802], [-118.706958545461, 34.0680474549167], [-118.706951272894, 34.0681347269431], [-118.706944000296, 34.068221999862], [-118.706944999916, 34.0682249998373], [-118.70697249968, 34.0682655002249], [-118.706999999487, 34.0683059997027], [-118.707025666943, 34.0683910003958], [-118.707051333386, 34.0684760001615], [-118.707076999884, 34.0685609999136], [-118.707026999498, 34.0686026672734], [-118.706977000171, 34.0686443328189], [-118.706926999678, 34.068686000131], [-118.706909069072, 34.0687029341365], [-118.706952185055, 34.0687575154019], [-118.706995301127, 34.0688120948451], [-118.707038417229, 34.0688666760714], [-118.707000611876, 34.0689297817493], [-118.706962806447, 34.0689928883116], [-118.706925000973, 34.0690559939557], [-118.706912000796, 34.0691219955999], [-118.7068989995, 34.069187998127], [-118.706886000363, 34.0692539997711], [-118.706843560406, 34.0693094536364], [-118.706801121443, 34.0693649092976], [-118.706758681367, 34.0694203631246], [-118.706736451619, 34.0694495697277], [-118.706710410401, 34.0695307054056], [-118.706684368075, 34.0696118392554], [-118.706658326765, 34.0696929740057], [-118.706632285415, 34.0697741078415], [-118.706616084978, 34.0698247341709], [-118.706635788703, 34.0699061177233], [-118.706655493551, 34.0699875012773], [-118.706645597372, 34.0700486021003], [-118.706635698997, 34.0701097037953], [-118.706625801704, 34.0701708045961], [-118.70661740144, 34.0702234018784], [-118.706609000067, 34.070276000046], [-118.706568499545, 34.0703549998003], [-118.706528000011, 34.0704340004469], [-118.70648750041, 34.070513000171], [-118.706446999645, 34.0705919998616], [-118.706392026191, 34.0706498093734], [-118.706337051572, 34.0707076188428], [-118.706282077957, 34.0707654282943], [-118.706227105344, 34.070823237728], [-118.706172130484, 34.0708810471069], [-118.706117156612, 34.0709388573693], [-118.706062182689, 34.0709966657988], [-118.706003716504, 34.071058241761], [-118.705945250241, 34.0711198167877], [-118.705886783873, 34.0711813926817], [-118.705828317399, 34.0712429694429], [-118.705769850863, 34.0713045443672], [-118.705711385305, 34.0713661201711], [-118.705652917503, 34.0714276950149], [-118.705594451762, 34.0714892707505], [-118.705597890532, 34.0715738061755], [-118.705601328241, 34.071658340679], [-118.705604765927, 34.0717428769774], [-118.705608203636, 34.0718274123665], [-118.70561164245, 34.0719119468585], [-118.705615080174, 34.0719964822318], [-118.705561352414, 34.0720556685587], [-118.705507624558, 34.0721148557577], [-118.705453896622, 34.0721740429276], [-118.705400169688, 34.0722332300807], [-118.705346441591, 34.0722924171922], [-118.705292714496, 34.072351604287], [-118.705238987321, 34.0724107913526], [-118.705185260065, 34.072469978389], [-118.705139463923, 34.0725114888112], [-118.705093667718, 34.0725530001145], [-118.705029112437, 34.072611667331], [-118.704964556006, 34.0726703326922], [-118.704900000533, 34.072728999828], [-118.70489300017, 34.0728120001855], [-118.70483550025, 34.0728802497418], [-118.704778000216, 34.0729485001655], [-118.704720500097, 34.0730167496537], [-118.704662999863, 34.0730850000091], [-118.704603500151, 34.0731340003904], [-118.704544000379, 34.0731829998366], [-118.704494750138, 34.0732372500758], [-118.70444549983, 34.0732915002906], [-118.704396249469, 34.0733457495795], [-118.704347000108, 34.0733999997576], [-118.70432666654, 34.0734683326694], [-118.704306332907, 34.0735366673751], [-118.704286000352, 34.0736050002818], [-118.704255304436, 34.0736178146319], [-118.704234499725, 34.073626499702], [-118.704183000138, 34.0736480000121], [-118.704026637313, 34.0735463216812], [-118.704000000278, 34.0735290002818], [-118.703846572603, 34.0734487243416], [-118.703838500313, 34.0734444998405], [-118.70376238407, 34.0733525095779], [-118.703748999501, 34.0733363332827], [-118.703599643454, 34.073223809132], [-118.703577333421, 34.0732070002509], [-118.703495666689, 34.0731930004326], [-118.703392394082, 34.0731508014387], [-118.703352499761, 34.0731345001162], [-118.703310947756, 34.0731195105918], [-118.703285141467, 34.0731102023693], [-118.703277595293, 34.0730992222392], [-118.703271069437, 34.0730893193447], [-118.703253866285, 34.0730632123006], [-118.703219331474, 34.0730672593551], [-118.703188720608, 34.0730849201883], [-118.703154696889, 34.073071390241], [-118.703142759274, 34.0730773415884], [-118.703128503355, 34.0730844511752], [-118.703126215683, 34.0730855917336], [-118.703087944306, 34.0730905933252], [-118.703073756943, 34.0730883267335], [-118.703061044726, 34.0730862960062], [-118.703053302625, 34.0730850593137], [-118.703015390928, 34.0730755663553], [-118.702986580932, 34.0730914427442], [-118.702965785937, 34.0730683023171], [-118.702923071376, 34.0730622760822], [-118.702888478555, 34.0730558148883], [-118.702877169987, 34.0730583024273], [-118.702869306008, 34.0730424701505], [-118.702842499523, 34.0729884996984], [-118.702805807064, 34.0729146232976], [-118.702805000518, 34.0729130003522], [-118.702755856147, 34.0728475603502], [-118.702752153543, 34.072842630025], [-118.70277020012, 34.0728323947156], [-118.702746061499, 34.0728123499377], [-118.702729053758, 34.0728065261546], [-118.70271613823, 34.0728021030806], [-118.702709226312, 34.0727997362651], [-118.702677610184, 34.072809607002], [-118.702673288732, 34.0728112743365], [-118.702632404176, 34.0727953148823], [-118.70263218516, 34.0727949283308], [-118.702601329076, 34.0727779570258], [-118.702570525593, 34.0727711611333], [-118.702568017084, 34.0727701814401], [-118.702561058156, 34.0727636904192], [-118.702555556976, 34.0727585583961], [-118.70254301151, 34.0727468550428], [-118.702537262533, 34.0727319537737], [-118.702530182322, 34.0727136015615], [-118.702524882358, 34.0727100044523], [-118.702499858151, 34.0726930165859], [-118.702468593999, 34.0726830059227], [-118.702439731688, 34.0726759805687], [-118.70243416838, 34.0726746262016], [-118.7023988574, 34.0726655953894], [-118.702364342095, 34.0726589798483], [-118.702336102132, 34.0726399439761], [-118.702301951774, 34.0726222769398], [-118.702270870216, 34.0726117084419], [-118.702256536711, 34.072593831652], [-118.702250096154, 34.0725858012683], [-118.702249158635, 34.0725846321061], [-118.702217290536, 34.0725703709258], [-118.702192214835, 34.0725514485896], [-118.702207070135, 34.0725258210175], [-118.702166966548, 34.0725332040456], [-118.702157198664, 34.0725598686386], [-118.702151680155, 34.0725598751976], [-118.702142450493, 34.0725598863634], [-118.702119853094, 34.0725599138455], [-118.702087186358, 34.0725525736992], [-118.702052294296, 34.0725426514146], [-118.702018665243, 34.0725442102453], [-118.701987204405, 34.0725308831307], [-118.701949703123, 34.072535518973], [-118.701916679259, 34.0725303266943], [-118.701911892508, 34.0725028544026], [-118.701894078851, 34.0724768113966], [-118.701887530584, 34.0724640042847], [-118.701882922203, 34.0724549931373], [-118.701878949995, 34.072447224353], [-118.701853402705, 34.0724208191584], [-118.701855670799, 34.072389858026], [-118.701837720907, 34.07236564359], [-118.701811581176, 34.0723450853598], [-118.701794680388, 34.0723201985967], [-118.701791419013, 34.0723120331139], [-118.701783443559, 34.0722920631907], [-118.701770341658, 34.0722712559208], [-118.701765281682, 34.0722632195996], [-118.701766854771, 34.0722340662544], [-118.701737228514, 34.0722060575827], [-118.701704638612, 34.0722186152813], [-118.701691487789, 34.0721915660511], [-118.70167382782, 34.0721679778538], [-118.701644716583, 34.072151603144], [-118.701618460237, 34.0721254981346], [-118.70159501478, 34.0721469717034], [-118.70156429849, 34.0721614917389], [-118.70155387182, 34.0721662277329], [-118.701534177834, 34.0721751738069], [-118.701500845278, 34.0721748561425], [-118.701498017331, 34.0721763673577], [-118.701467388764, 34.0721927311235], [-118.70143453084, 34.0721773378141], [-118.70141433351, 34.072155319095], [-118.701383404213, 34.0721660582816], [-118.701349627204, 34.0721612782715], [-118.701316045968, 34.0721559271005], [-118.701279186839, 34.0721514464118], [-118.701253530021, 34.0721743552066], [-118.701217202376, 34.0721824093196], [-118.70121273816, 34.0721698467979], [-118.701205203542, 34.0721486458369], [-118.70120988236, 34.0721316572758], [-118.701213233615, 34.072119487663], [-118.701218416619, 34.0720914221614], [-118.701215732398, 34.0720622906073], [-118.701180061538, 34.0720509248116], [-118.701155339861, 34.0720303997149], [-118.70112124074, 34.0720234053763], [-118.701086770455, 34.0720236200545], [-118.701051592314, 34.0720090494343], [-118.701017147329, 34.0720147683098], [-118.700980507518, 34.0720254639211], [-118.700950808833, 34.0720087830189], [-118.700916233545, 34.0720119526132], [-118.700881890351, 34.0720076086655], [-118.700860307833, 34.0719910238856], [-118.700846550088, 34.071980450569], [-118.700842526971, 34.0719773592781], [-118.700802927533, 34.0719710486055], [-118.700762627606, 34.0719656260668], [-118.700762240641, 34.0719655035519], [-118.700730331342, 34.0719554192287], [-118.70070313647, 34.0719350055668], [-118.700667340299, 34.0719236246553], [-118.700631365466, 34.0719155918353], [-118.700596848228, 34.071926881307], [-118.700559146109, 34.071935170166], [-118.700535406583, 34.0719572478111], [-118.700502267031, 34.0719608736084], [-118.700465603306, 34.0719507881758], [-118.700430991144, 34.0719593529479], [-118.700401015067, 34.0719461009166], [-118.700380269916, 34.071967743881], [-118.700343939851, 34.0719610826758], [-118.70031625919, 34.0719347789964], [-118.700270538474, 34.0719419818881], [-118.700229954543, 34.0719484058256], [-118.700195915719, 34.0719442688914], [-118.700168810981, 34.0719665911558], [-118.700137764039, 34.0719765731709], [-118.700109634076, 34.0719538677898], [-118.700075143312, 34.0719493434084], [-118.700040692762, 34.071941524329], [-118.700016020746, 34.0719226079015], [-118.699979260264, 34.0719352942303], [-118.699939715018, 34.0719283960676], [-118.699911319464, 34.0719049798922], [-118.699910396878, 34.0718862749301], [-118.699909661786, 34.0718713802326], [-118.69992682769, 34.0718452311578], [-118.699923766698, 34.0718241974454], [-118.699922565719, 34.0718159409161], [-118.699942328054, 34.0718166595566], [-118.699964949117, 34.0718174847387], [-118.69998492926, 34.071849233428], [-118.700018074879, 34.0718541139267], [-118.700043001703, 34.0718343587884], [-118.700056526154, 34.0718091120643], [-118.700070288395, 34.0717789690556], [-118.700103057726, 34.0717838010613], [-118.700128997513, 34.0717646425627], [-118.700157788859, 34.0717783752002], [-118.70018870769, 34.0717881959554], [-118.700220447601, 34.0717983596404], [-118.700255593977, 34.0718030726687], [-118.700288884366, 34.0718195522143], [-118.700327241041, 34.0718163186604], [-118.700360447965, 34.0717954480296], [-118.700394379684, 34.0717892465801], [-118.70043538406, 34.0717964280865], [-118.700471169964, 34.0717992190364], [-118.700453421634, 34.0717727347661], [-118.700433881333, 34.07174157177], [-118.700411999652, 34.0717107327642], [-118.70038030428, 34.0716863576835], [-118.700346958723, 34.0716699406407], [-118.700315270557, 34.0716615049397], [-118.700286196151, 34.071648118009], [-118.700239954861, 34.0716408938351], [-118.700199651503, 34.0716418071129], [-118.700166846232, 34.0716234443343], [-118.700131416507, 34.0716182439145], [-118.700129969178, 34.071618031767], [-118.700097006725, 34.0716153892203], [-118.700066548052, 34.0716046730439], [-118.700032299781, 34.0716151612383], [-118.699995154275, 34.071607892889], [-118.699959570348, 34.0716029773473], [-118.699925575201, 34.0715994214224], [-118.699891298645, 34.0715799382833], [-118.699855118759, 34.071562140941], [-118.699826157142, 34.0715459279313], [-118.699801732855, 34.0715173830661], [-118.699772890675, 34.0714917565671], [-118.699771568976, 34.0714605876837], [-118.699781218449, 34.0714274749534], [-118.699754370531, 34.0714106883188], [-118.699714599956, 34.071408208678], [-118.69969426719, 34.0713862962675], [-118.699672054259, 34.0713784670735], [-118.699663006412, 34.0713752787242], [-118.699633647938, 34.0713604044346], [-118.699611643191, 34.0713391590015], [-118.699600787696, 34.0713690520609], [-118.699586787369, 34.0713700552632], [-118.699563557623, 34.0713717203377], [-118.699531045342, 34.0713825266091], [-118.699498509871, 34.0713723942134], [-118.699470352796, 34.0713546432395], [-118.699433874074, 34.0713600427175], [-118.699425674876, 34.0713559192166], [-118.699405525083, 34.0713457839268], [-118.699406933305, 34.0713368016761], [-118.699409973761, 34.071317408077], [-118.69941407059, 34.071282048444], [-118.699381560282, 34.0712648734263], [-118.699359510761, 34.0712374121747], [-118.699386086366, 34.0712095918291], [-118.699398753297, 34.0711808310679], [-118.69936646537, 34.0711746168697], [-118.699333226664, 34.0711859151518], [-118.699297084811, 34.0711788401382], [-118.699272619888, 34.0711569832483], [-118.69928607019, 34.0711855886801], [-118.699291261463, 34.0712145551044], [-118.699275134698, 34.0712403021559], [-118.699238519829, 34.0712441042816], [-118.699210581953, 34.071282977315], [-118.699188558193, 34.07130540335], [-118.699166662617, 34.0713318165767], [-118.6991520695, 34.07133979092], [-118.699134673022, 34.0713492956328], [-118.699137789161, 34.0713721619499], [-118.699138854368, 34.071379973382], [-118.699149461005, 34.0714166260064], [-118.699135004058, 34.0714473533027], [-118.699105241692, 34.0714616383595], [-118.699075629267, 34.0714771458128], [-118.699064966779, 34.0714808033471], [-118.699044089657, 34.0714879648543], [-118.699009471253, 34.0714829175944], [-118.699006540886, 34.0714824910602], [-118.698965124127, 34.0714771398713], [-118.698961925855, 34.071507802775], [-118.698959339904, 34.0715344499743], [-118.698947396463, 34.0715467269704], [-118.698923078785, 34.0715571298909], [-118.698894230953, 34.0715741660329], [-118.698825228571, 34.0715801378253], [-118.698590744974, 34.0716292868913], [-118.698580780233, 34.0716557325971], [-118.698558168683, 34.0716788955653], [-118.698525622687, 34.0716689412807], [-118.698491062102, 34.0716752936641], [-118.698466518152, 34.071695792111], [-118.698432202591, 34.0716983914378], [-118.698399204644, 34.0716998707611], [-118.698391421451, 34.0717268768886], [-118.698357774499, 34.0717200807141], [-118.698352541962, 34.0716889059039], [-118.698328666997, 34.0716682708452], [-118.698322886521, 34.0716376685639], [-118.698306932391, 34.071611170185], [-118.698294112915, 34.071583422012], [-118.698256357316, 34.0715710469825], [-118.698219264821, 34.0715765968305], [-118.698209879125, 34.0716106897199], [-118.698174876636, 34.0716089564073], [-118.698138191078, 34.0716172903431], [-118.698104349836, 34.0716148517458], [-118.698064565623, 34.0716347269958], [-118.698036420769, 34.0716492033531], [-118.698044560006, 34.0716809180639], [-118.698054699144, 34.0717144875657], [-118.698022179623, 34.0717211813757], [-118.697997234868, 34.071740812363], [-118.697964037511, 34.0717515481519], [-118.697939915281, 34.0717741888686], [-118.697927900233, 34.0718005723187], [-118.697892315521, 34.0717962313089], [-118.697857517289, 34.0717998418901], [-118.697822579095, 34.0717755687703], [-118.697788622814, 34.0717800950061], [-118.697752415162, 34.0717857260375], [-118.697725279098, 34.0718064281984], [-118.697706558509, 34.0718323265824], [-118.697692677947, 34.0718588176053], [-118.697679506308, 34.07188627417], [-118.697665909443, 34.0719123158553], [-118.697689759667, 34.0719328029123], [-118.697691020235, 34.0719634905908], [-118.697708005591, 34.0719883573174], [-118.697684042675, 34.0720080337133], [-118.697652263993, 34.072016573234], [-118.697648195533, 34.0720470142793], [-118.697608569721, 34.0720507787621], [-118.697576460283, 34.0720252757456], [-118.697538646204, 34.0720230638361], [-118.69750555648, 34.0720300917642], [-118.69747172964, 34.0720345797175], [-118.697436971497, 34.0720214507398], [-118.697403902545, 34.0720179686631], [-118.697377837665, 34.0720375046649], [-118.697396557459, 34.0720627113147], [-118.697390786926, 34.0720924161631], [-118.697354924936, 34.072099150905], [-118.697332669989, 34.07212063632], [-118.697284022635, 34.0721358219952], [-118.697250264862, 34.0721563311272], [-118.697210273096, 34.0721745728047], [-118.697181494537, 34.0721896087722], [-118.697135469166, 34.0721948929454], [-118.697098905623, 34.0722024417936], [-118.697061548692, 34.0722018712588], [-118.697028382444, 34.0721849251906], [-118.696998777184, 34.0721673572005], [-118.6969617876, 34.0721764932612], [-118.696932591982, 34.0722001783271], [-118.696903062989, 34.072225546363], [-118.696881808152, 34.0722568591483], [-118.696863714197, 34.0722814663276], [-118.696852855097, 34.0723077024006], [-118.69685280162, 34.0723078568547], [-118.696783675913, 34.0723304252491], [-118.696703450267, 34.0723566170607], [-118.696623224582, 34.0723828079137], [-118.696542999912, 34.0724089996231], [-118.696458166471, 34.0724006670799], [-118.696373333077, 34.0723923326707], [-118.696288499672, 34.072384000001], [-118.696203667368, 34.0723756672805], [-118.696118832945, 34.0723673326692], [-118.696033999594, 34.0723589998097], [-118.696058666977, 34.0723009999349], [-118.696083333241, 34.0722430000386], [-118.696107999469, 34.0721850001334], [-118.696031666985, 34.0721790003828], [-118.695955333444, 34.0721729996673], [-118.6958789999, 34.0721669998019], [-118.695808750457, 34.0721625002793], [-118.695738499954, 34.0721579997996], [-118.695668250527, 34.0721535001904], [-118.69559800004, 34.072148999624], [-118.695558332539, 34.0720756672757], [-118.695518667307, 34.0720023331297], [-118.695478999968, 34.0719289998406], [-118.695438667058, 34.0718796670673], [-118.695398333131, 34.0718303333632], [-118.695358000337, 34.0717809996547], [-118.695303999526, 34.0717327499438], [-118.695249999865, 34.0716845002171], [-118.695196000284, 34.071636249561], [-118.695141999672, 34.0715879997657], [-118.695064499506, 34.0715830002221], [-118.694987000448, 34.0715779997368], [-118.694951037957, 34.0715611427254], [-118.694925000147, 34.0715649997069], [-118.694851250347, 34.0715534995556], [-118.69477749947, 34.0715420002454], [-118.694703749713, 34.0715304999983], [-118.694629999977, 34.0715189997034], [-118.694575666843, 34.0714726670135], [-118.694521332705, 34.0714263333815], [-118.694466999713, 34.0713799997338], [-118.694421500511, 34.0713105001784], [-118.694376000321, 34.0712409996857], [-118.694354679836, 34.0711950622968], [-118.694333360474, 34.0711491240126], [-118.69434368464, 34.0710895906048], [-118.694330266812, 34.0710111501537], [-118.69431685011, 34.0709327088053], [-118.694303432336, 34.0708542683377], [-118.694253890075, 34.0707959538061], [-118.694204348971, 34.0707376392618], [-118.6941486147, 34.0706973856197], [-118.694083591803, 34.0706729594226], [-118.694018567863, 34.0706485331752], [-118.693953545062, 34.0706241060012], [-118.693884788109, 34.0706225433884], [-118.693816031159, 34.0706209807341], [-118.693747274197, 34.0706194189397], [-118.693678517253, 34.0706178562024], [-118.693613778921, 34.0706236267054], [-118.693549041633, 34.0706293989867], [-118.69348430435, 34.0706351703298], [-118.693413403931, 34.0706378120101], [-118.693342504576, 34.07064045456], [-118.693271605217, 34.0706430970658], [-118.693214999737, 34.0706450001221], [-118.69316162145, 34.0706376497243], [-118.693108242091, 34.070630299289], [-118.693052506955, 34.0706168823419], [-118.692996772952, 34.070603463577], [-118.692921943537, 34.0705575350088], [-118.692847116376, 34.0705116064141], [-118.692796625145, 34.0704638852252], [-118.692746133991, 34.0704161631102], [-118.692695643966, 34.070368441884], [-118.692645152934, 34.0703207197192], [-118.692583927344, 34.0702549146222], [-118.692522701842, 34.070189110389], [-118.692461476457, 34.0701233052167], [-118.692443999528, 34.0701089999339], [-118.692382883555, 34.0700708518448], [-118.692321768725, 34.0700327037338], [-118.692247800566, 34.0700134379266], [-118.692173832459, 34.0699941711697], [-118.692099864372, 34.0699749052657], [-118.692056453863, 34.0699553896808], [-118.692013045511, 34.0699358759065], [-118.691947049646, 34.0698862390213], [-118.691881054963, 34.0698366012063], [-118.691835959193, 34.0697926189064], [-118.691790863488, 34.0697486356852], [-118.69174576672, 34.0697046542344], [-118.691708135199, 34.0696632882301], [-118.691670503732, 34.0696219213101], [-118.691632314683, 34.0695940540666], [-118.691594126743, 34.069566186822], [-118.691538393154, 34.0695347084077], [-118.691482658557, 34.0695032281498], [-118.691417636408, 34.0694929069148], [-118.691352612124, 34.0694825847162], [-118.691287588911, 34.0694722642957], [-118.69121157187, 34.0694775342426], [-118.691135555918, 34.0694828032499], [-118.691059538856, 34.0694880730953], [-118.690983522883, 34.0694933420011], [-118.690965699858, 34.069490906795], [-118.690878183486, 34.0694828078642], [-118.690790668231, 34.0694747079771], [-118.69072711382, 34.0694510341494], [-118.69066356053, 34.0694273602982], [-118.690600006195, 34.0694036863984], [-118.690539931165, 34.0693448199307], [-118.690479857308, 34.06928595344], [-118.690419782458, 34.0692270869013], [-118.690359706613, 34.0691682203148], [-118.690299631942, 34.0691093537053], [-118.690239558444, 34.0690504870728], [-118.690179482854, 34.0689916212812], [-118.690116050916, 34.0689367900642], [-118.690052617999, 34.0688819578947], [-118.689989186238, 34.0688271266005], [-118.689921775694, 34.0687877778005], [-118.689854366316, 34.0687484280699], [-118.689786955907, 34.0687090791867], [-118.68971954558, 34.0686697293606], [-118.689652136389, 34.0686303804067], [-118.689602649955, 34.0686177160596], [-118.689553164636, 34.0686050508019], [-118.689524257795, 34.0685685778972], [-118.689465999982, 34.068560000296], [-118.689390750066, 34.0685397495713], [-118.689315500174, 34.0685194996979], [-118.689240250321, 34.0684992497743], [-118.689165000506, 34.0684789998006], [-118.689091332854, 34.0684439996951], [-118.689017667433, 34.0684089995656], [-118.688943999897, 34.0683740002636], [-118.68888719964, 34.0683279995735], [-118.688830400518, 34.0682819997668], [-118.688773600379, 34.0682359999169], [-118.688716800307, 34.0681900000363], [-118.6886600003, 34.0681440001252], [-118.688636182609, 34.0681140081884], [-118.688566000218, 34.0681309996635], [-118.688481000098, 34.0681423327873], [-118.68839599994, 34.0681536667489], [-118.688310999772, 34.0681649997456], [-118.688263209814, 34.0681483397333], [-118.688215420975, 34.0681316788117], [-118.688186209967, 34.0681668392111], [-118.688157000017, 34.0682019996141], [-118.688096000508, 34.0681724999182], [-118.688034999961, 34.0681430001762], [-118.687977332839, 34.0680933332447], [-118.687919666858, 34.0680436671951], [-118.687861999882, 34.0679940001997], [-118.687782259694, 34.0679635380058], [-118.687702519583, 34.0679330748537], [-118.687637680098, 34.0679553833407], [-118.687572839493, 34.0679776917778], [-118.687507999935, 34.06800000019], [-118.687441000239, 34.0680540002194], [-118.687369599964, 34.0680953999275], [-118.687298199614, 34.0681367995891], [-118.687226800258, 34.0681782001179], [-118.687155399758, 34.0682195996862], [-118.687084000251, 34.0682610001217], [-118.687003333345, 34.068251000015], [-118.686922667543, 34.0682409998636], [-118.686841999595, 34.0682309996299], [-118.686773000019, 34.0682280000408], [-118.686704000449, 34.06822500041], [-118.686634999816, 34.0682219998234], [-118.686566000256, 34.0682190001089], [-118.686484499921, 34.0682180001186], [-118.686402999589, 34.0682170000701], [-118.686321500341, 34.0682159999757], [-118.686240000013, 34.0682149998106], [-118.686158499687, 34.0682139995871], [-118.68607700043, 34.0682130002192], [-118.685995500108, 34.0682119998792], [-118.685913999773, 34.0682110003822], [-118.685829332467, 34.0682100003588], [-118.685744667329, 34.0682090002975], [-118.685660000027, 34.0682080001483], [-118.685582800397, 34.0682033996505], [-118.685505599678, 34.0681987999893], [-118.685428400051, 34.0681942002882], [-118.685351200449, 34.0681895996334], [-118.685273999757, 34.0681849998152], [-118.685196231911, 34.0681753600431], [-118.685118464099, 34.0681657193164], [-118.685051232, 34.0681878598847], [-118.684983999863, 34.0682100004127], [-118.684913749476, 34.0682044996848], [-118.684843500166, 34.0681989998274], [-118.684773249783, 34.0681934999142], [-118.684703000493, 34.0681879999702], [-118.684630000002, 34.068187000314], [-118.684556999528, 34.0681859997096], [-118.684484000125, 34.0681849999724], [-118.68441099964, 34.0681840001759], [-118.684371500459, 34.0681540002515], [-118.684332000225, 34.0681240003], [-118.684285500361, 34.0681229999182], [-118.684239000482, 34.0681220004189], [-118.68420750009, 34.0680679997688], [-118.684175999726, 34.0680140000082], [-118.684123000065, 34.0679565000319], [-118.684070000481, 34.0678990000273], [-118.683998999554, 34.0678469997833], [-118.683927999789, 34.0677950004059], [-118.683874499497, 34.0677584997521], [-118.683821000322, 34.0677219999855], [-118.683792500256, 34.0676859999646], [-118.683764000216, 34.0676499999351], [-118.683738666882, 34.0675896666507], [-118.683713332504, 34.0675293333443], [-118.683688000331, 34.0674690000532], [-118.683643666948, 34.0673926673578], [-118.683599332599, 34.0673163328236], [-118.683555000471, 34.0672400000935], [-118.683529666763, 34.0671836669128], [-118.683504333106, 34.0671273328216], [-118.683478999471, 34.0670709996228], [-118.683438999989, 34.0670226668011], [-118.683398999489, 34.066974333049], [-118.683359000106, 34.0669260001942], [-118.683302000289, 34.0668630000358], [-118.683240667497, 34.0668303329712], [-118.683179332575, 34.0667976667487], [-118.683117999885, 34.0667649996157], [-118.68307547534, 34.0667529411626], [-118.68299923706, 34.066749970992], [-118.682922999884, 34.0667469998815], [-118.682836500292, 34.0667280003823], [-118.682749999673, 34.0667089999032], [-118.682705332753, 34.0666546670951], [-118.682660666991, 34.0666003333774], [-118.682616000209, 34.0665459996264], [-118.682596177352, 34.0665033821174], [-118.682576354532, 34.0664607637016], [-118.682559000335, 34.0664439997008], [-118.682488500334, 34.0663890002257], [-118.682418000446, 34.0663339998022], [-118.682347499558, 34.0662790002206], [-118.682276999867, 34.0662239997033], [-118.68220783874, 34.0661865507252], [-118.682138677694, 34.0661491008023], [-118.68207578527, 34.0661687339498], [-118.682012892815, 34.0661883670622], [-118.681950000328, 34.0662080001394], [-118.681863613351, 34.0662232241304], [-118.681777226341, 34.0662384480556], [-118.681734613039, 34.0662732237322], [-118.681691999685, 34.0663080002929], [-118.681623730417, 34.0662774888133], [-118.681555460118, 34.0662469772792], [-118.681545999757, 34.066254999805], [-118.68147119964, 34.0662556000704], [-118.681396399522, 34.0662562002867], [-118.681321600501, 34.0662567995651], [-118.68124680038, 34.0662573996832], [-118.681172000258, 34.0662579997521], [-118.681129455717, 34.0662334321826], [-118.681087999734, 34.0662349996948], [-118.681030499586, 34.0662250002426], [-118.680972999468, 34.0662149998599], [-118.680961999938, 34.0661720000593], [-118.680927000099, 34.0661749999992], [-118.680889000391, 34.0661176666221], [-118.680850999655, 34.0660603332163], [-118.680813000058, 34.0660029998067], [-118.680818000006, 34.0659267502356], [-118.68082299996, 34.0658504997566], [-118.680827999888, 34.0657742501723], [-118.680832999823, 34.0656979996802], [-118.680857825298, 34.0656503353029], [-118.680835377676, 34.065644953659], [-118.680773225215, 34.065630449226], [-118.68072424228, 34.0656224667382], [-118.680675259325, 34.0656144860319], [-118.680629629192, 34.0656072428368], [-118.68058400015, 34.0655999996359], [-118.680582402009, 34.0655819311222], [-118.680522999489, 34.0655749998947], [-118.680451999994, 34.0655235003407], [-118.680380999524, 34.0654719998258], [-118.680385500506, 34.0654120003629], [-118.680390000413, 34.065351999982], [-118.680375346483, 34.0652897249], [-118.680360693643, 34.0652274507259], [-118.680346040842, 34.0651651756442], [-118.680291595152, 34.0651392798155], [-118.680237149499, 34.0651133839599], [-118.680161469833, 34.0650715550406], [-118.680085792414, 34.0650297260942], [-118.680010112925, 34.0649878961691], [-118.6799344335, 34.0649460670933], [-118.679918151509, 34.0649370837699], [-118.679847228183, 34.0649420769748], [-118.679776302666, 34.0649470710119], [-118.679705379322, 34.0649520641285], [-118.679643930635, 34.0649100553812], [-118.679582482028, 34.0648680456976], [-118.679521033471, 34.0648260368802], [-118.679557054212, 34.0647700387006], [-118.679593074917, 34.0647140396048], [-118.679592999741, 34.0647139999666], [-118.679636634831, 34.0646577329909], [-118.679671765187, 34.064612330337], [-118.679706895533, 34.0645669258673], [-118.679643421854, 34.0645214442822], [-118.679579948262, 34.0644759617582], [-118.679516474729, 34.0644304800979], [-118.679453001269, 34.0643849983999], [-118.679376999689, 34.0643834989496], [-118.679301000263, 34.0643820003751], [-118.679265999926, 34.0644140001155], [-118.67923099956, 34.064445999844], [-118.679159000275, 34.0644540003538], [-118.679086999908, 34.0644619999041], [-118.679030000073, 34.0644434999363], [-118.678973000265, 34.0644249999397], [-118.678910500142, 34.0643957500003], [-118.678848000067, 34.0643665000255], [-118.678785500037, 34.0643372500156], [-118.678723000054, 34.0643079999705], [-118.678644000411, 34.0642800001074], [-118.678564999742, 34.064252000176], [-118.678504500244, 34.0642215002145], [-118.67844399971, 34.0641910002072], [-118.678363961517, 34.0641815466127], [-118.678283999966, 34.0642080000946], [-118.678216999552, 34.0642624998217], [-118.678150000113, 34.0643170004201], [-118.678137999722, 34.0643630000717], [-118.678126000399, 34.0644089997323], [-118.678070433524, 34.0644187931839], [-118.678082999734, 34.0644600003215], [-118.678004000423, 34.0644662501005], [-118.677925000015, 34.0644724998121], [-118.67784599958, 34.0644787503703], [-118.677767000231, 34.0644849999848], [-118.677703333411, 34.0644779997434], [-118.677639666586, 34.0644710003677], [-118.677575999788, 34.0644640000549], [-118.677542864491, 34.0644600578863], [-118.677506000412, 34.0644760003979], [-118.67744350005, 34.0644930003277], [-118.677380999661, 34.0645100002228], [-118.677313999859, 34.0645289997848], [-118.677268999585, 34.0645550001693], [-118.67722400038, 34.0645809996465], [-118.677142999519, 34.0645600004295], [-118.677100000302, 34.0645189996704], [-118.677114115068, 34.0645056276203], [-118.677107999984, 34.0645070000027], [-118.67703624956, 34.0645129997094], [-118.676964500193, 34.0645190002848], [-118.676892749748, 34.064524999901], [-118.676821000359, 34.0645310003859], [-118.676732499529, 34.064530000416], [-118.676643999784, 34.06452900039], [-118.676623499462, 34.0644460003873], [-118.676603000266, 34.0643630003861], [-118.676571000503, 34.064302999787], [-118.676538999691, 34.0642430000638], [-118.676489999752, 34.0641919996118], [-118.676440999861, 34.0641410000372], [-118.676469499504, 34.0640815002983], [-118.676498000203, 34.0640219996597], [-118.676520999499, 34.0639765002718], [-118.676543999866, 34.0639309999882], [-118.676477333241, 34.0639453328782], [-118.676410666577, 34.0639596666304], [-118.676343999888, 34.0639740003433], [-118.676261500051, 34.0639640000716], [-118.676179000234, 34.0639539997401], [-118.676094333098, 34.0639469997838], [-118.67600966706, 34.0639399997771], [-118.675924999954, 34.0639329996948], [-118.675870500372, 34.0639139997713], [-118.675815999732, 34.0638949998087], [-118.67580000007, 34.0638440003412], [-118.675784000444, 34.0637929999671], [-118.675812500458, 34.06373350037], [-118.675841000443, 34.0636739998605], [-118.675908500359, 34.0636154998706], [-118.675976000174, 34.063556999837], [-118.675993499542, 34.0634925003218], [-118.676010999979, 34.0634279999107], [-118.676034500238, 34.0633594995939], [-118.676058000441, 34.0632910001685], [-118.676085552699, 34.0632204246572], [-118.676113105977, 34.0631498500478], [-118.676108999707, 34.0631170000923], [-118.676049999927, 34.0630974998617], [-118.675991000177, 34.0630779996001], [-118.675941499906, 34.0630214998345], [-118.675891999706, 34.0629650000439], [-118.675893000297, 34.0629089997484], [-118.675893999789, 34.0628530003382], [-118.675837999692, 34.0628273330435], [-118.675781999617, 34.0628016666219], [-118.675725999577, 34.0627760001721], [-118.675669499475, 34.062794000206], [-118.67561300043, 34.0628120002242], [-118.675540000084, 34.0628160001254], [-118.67546699973, 34.0628199999798], [-118.67546699965, 34.062793999975], [-118.675420000292, 34.0627989999035], [-118.67536600053, 34.0627869997959], [-118.675311999701, 34.06277499965], [-118.675319499972, 34.0627170004377], [-118.675327000246, 34.0626590003199], [-118.675408999615, 34.062626000217], [-118.675482476897, 34.0626140388847], [-118.675511737528, 34.0625405199002], [-118.675541000286, 34.062467000026], [-118.675583104764, 34.0624143688599], [-118.675598000397, 34.062380999585], [-118.675598999526, 34.0623200001007], [-118.675599999753, 34.0622589997234], [-118.675642333495, 34.0621816667081], [-118.67568466717, 34.0621043327692], [-118.675726999663, 34.0620269996968], [-118.67573599986, 34.0620219996982], [-118.67571300047, 34.0619919998686], [-118.675708994553, 34.0619850031923], [-118.675650999475, 34.0620080003123], [-118.675614499529, 34.0620345001143], [-118.675577999559, 34.0620609999039], [-118.675488249541, 34.0620571345856], [-118.675464352141, 34.0620561057425], [-118.675445530003, 34.0620552945781], [-118.675398499518, 34.0620532700979], [-118.675387274298, 34.0620602537712], [-118.675358281578, 34.0621064000758], [-118.675352094742, 34.0621162488789], [-118.67531970352, 34.0621678073742], [-118.675297194348, 34.0621741720854], [-118.675234567476, 34.06219188159], [-118.675149433546, 34.0622159557668], [-118.675064298466, 34.0622400307681], [-118.675012516825, 34.0622074538813], [-118.674960737408, 34.0621748760936], [-118.674946701126, 34.0621089487031], [-118.674932665951, 34.0620430213188], [-118.6749083005, 34.0619849759989], [-118.674837582367, 34.0619697627441], [-118.674766863148, 34.0619545512354], [-118.67469614507, 34.0619393378924], [-118.674621769316, 34.0619650207991], [-118.674547392401, 34.0619907054466], [-118.674473015467, 34.0620163882421], [-118.674435842748, 34.062074263976], [-118.674398671057, 34.0621321397067], [-118.674361498214, 34.0621900163105], [-118.674324326415, 34.0622478920096], [-118.674298728518, 34.0622971870201], [-118.674273132756, 34.0623464820475], [-118.674223923366, 34.0623846240704], [-118.674174712845, 34.0624227660578], [-118.674111434902, 34.0624317429954], [-118.674048155847, 34.0624407207866], [-118.673984877875, 34.0624496976537], [-118.673918737619, 34.0624784583056], [-118.673852598413, 34.0625072180295], [-118.673786459159, 34.0625359777142], [-118.673720318759, 34.0625647382482], [-118.673651216502, 34.0625563056652], [-118.673582115344, 34.0625478730528], [-118.673508887735, 34.0625554734331], [-118.673435660126, 34.0625630728649], [-118.673362432489, 34.062570673151], [-118.67328920592, 34.0625782734026], [-118.673206253346, 34.0626080549511], [-118.673123300709, 34.0626378364384], [-118.673081196123, 34.0626711093609], [-118.673039091501, 34.0627043822666], [-118.672987134669, 34.0626903663996], [-118.672935177886, 34.0626763487059], [-118.672908988482, 34.0627165010206], [-118.672897011416, 34.0627348632613], [-118.672882799052, 34.0627566533274], [-118.672871613647, 34.0627670469054], [-118.672849112079, 34.0627803432968], [-118.672848000297, 34.0627810002022], [-118.672837781169, 34.062798484062], [-118.672824925047, 34.0628104295863], [-118.672767050948, 34.0628642067139], [-118.672677223123, 34.0628635009504], [-118.672587396399, 34.0628627942272], [-118.672555832517, 34.0628997617396], [-118.672524270771, 34.062936729267], [-118.672529455086, 34.0629862265706], [-118.672534639392, 34.0630357247727], [-118.672484713802, 34.0630587935659], [-118.672434788183, 34.0630818623367], [-118.672363926657, 34.0631174982328], [-118.672293067248, 34.0631531332072], [-118.672245332404, 34.0631398171396], [-118.672197596494, 34.063126501039], [-118.672136882942, 34.0631331140379], [-118.672076170463, 34.0631397270171], [-118.672015455808, 34.0631463399386], [-118.671966116807, 34.0631499958007], [-118.671918270425, 34.0631535410208], [-118.671916778885, 34.063153651654], [-118.671867815922, 34.0631935319166], [-118.67182586145, 34.0632110820567], [-118.671783905892, 34.063228631267], [-118.671716428509, 34.0632076415459], [-118.671692338457, 34.06320014821], [-118.671648952246, 34.063186651797], [-118.671659013083, 34.0631431346387], [-118.671663171837, 34.0631251438706], [-118.671677392504, 34.0630636350497], [-118.671697157199, 34.0629968969197], [-118.671716921861, 34.0629301587813], [-118.671660604123, 34.0628913887914], [-118.671604286455, 34.0628526178705], [-118.6715403705, 34.0628452073482], [-118.67147645349, 34.0628377958759], [-118.671412536476, 34.062830385269], [-118.671369045856, 34.0628760459275], [-118.6713255552, 34.0629217056656], [-118.671255025134, 34.0629220740162], [-118.671184495083, 34.0629224414219], [-118.671133206395, 34.0629335381761], [-118.671081917692, 34.0629446349071], [-118.67107413431, 34.0628745462847], [-118.671066349888, 34.0628044558409], [-118.671098586837, 34.0627573495492], [-118.671130823747, 34.062710243246], [-118.671107199895, 34.0627231944331], [-118.671031403261, 34.0627407552211], [-118.670955605509, 34.0627583159457], [-118.670934138981, 34.0628095110975], [-118.670912673523, 34.0628607053535], [-118.670856871354, 34.0628859515641], [-118.670854828737, 34.0628868761714], [-118.670853001513, 34.0628770098442], [-118.670844745199, 34.0628793089556], [-118.670789872512, 34.0628946551552], [-118.670766169819, 34.0629012836286], [-118.670734999818, 34.0629100004266], [-118.670735027906, 34.0629098123288], [-118.670734954983, 34.0629098322138], [-118.670745235891, 34.0628398434454], [-118.670755517894, 34.0627698528806], [-118.670686000146, 34.0627919998986], [-118.670629499934, 34.0628144998243], [-118.67057299969, 34.0628369997213], [-118.670488499821, 34.0628454998072], [-118.670403999934, 34.0628539998303], [-118.670367332927, 34.0627973327135], [-118.670330667025, 34.0627406673968], [-118.670294000123, 34.0626840002494], [-118.670283000018, 34.0626469999415], [-118.670222491548, 34.0626152340927], [-118.670161984224, 34.0625834673219], [-118.670133999832, 34.0625839998368], [-118.670132958022, 34.0625837181094], [-118.670084811638, 34.062584637326], [-118.67003666635, 34.0625855556334], [-118.670012951627, 34.0625512566841], [-118.670012000395, 34.0625510003552], [-118.669974000534, 34.0625400003768], [-118.669904333226, 34.0625269997399], [-118.66983466701, 34.0625139999743], [-118.669764999733, 34.0625010001534], [-118.669716193624, 34.0624709502008], [-118.669667388651, 34.0624408993376], [-118.669623000212, 34.0624430000081], [-118.669606905744, 34.0624036582854], [-118.669535999468, 34.0623599998865], [-118.669525999832, 34.0623140000964], [-118.669496749471, 34.0622472496943], [-118.669467500227, 34.0621805001939], [-118.669438249965, 34.0621137497671], [-118.669408999737, 34.0620470002293], [-118.669388000497, 34.0619730002492], [-118.669367000212, 34.0618990002465], [-118.669345999967, 34.0618250002341], [-118.669335999889, 34.061760667193], [-118.669325999843, 34.0616963332452], [-118.669315999798, 34.0616320001934], [-118.669249858522, 34.0615754012541], [-118.669183719508, 34.0615188022983], [-118.669117578407, 34.0614622041766], [-118.669051438499, 34.0614056051243], [-118.669011000182, 34.0613780002445], [-118.668966500015, 34.0613490000601], [-118.668921999881, 34.0613199998573], [-118.668906500182, 34.0612500001887], [-118.668891000525, 34.0611799996112], [-118.66887500008, 34.0611235003402], [-118.668858999674, 34.0610670001622], [-118.668899230867, 34.0610023992795], [-118.668939462024, 34.0609377965753], [-118.668879852729, 34.0609091589339], [-118.668820244574, 34.0608805203718], [-118.668758968088, 34.0608511103804], [-118.668697690549, 34.0608217012439], [-118.668636414154, 34.0607922911847], [-118.66855400672, 34.0608025497884], [-118.668471601416, 34.0608128092591], [-118.668389193939, 34.0608230677434], [-118.668300283425, 34.0608305391585], [-118.668211370743, 34.0608380095774], [-118.668135839514, 34.0608643662816], [-118.668060306069, 34.0608907229097], [-118.667984772588, 34.0609170785855], [-118.667909241207, 34.0609434351371], [-118.667821323946, 34.0609543076591], [-118.667733407713, 34.0609651819285], [-118.667645491471, 34.0609760552286], [-118.667557575221, 34.0609869275593], [-118.667485287277, 34.0609959640338], [-118.667413000416, 34.0610049995737], [-118.667365094823, 34.0609937061146], [-118.667317190358, 34.060982410845], [-118.667241889641, 34.0609648267209], [-118.667166591094, 34.0609472443749], [-118.667147548503, 34.0609432133907], [-118.667070999788, 34.0609600000494], [-118.667019000509, 34.0609635000255], [-118.666967000143, 34.0609669999651], [-118.666907269464, 34.0609669997214], [-118.666833788062, 34.0610124223022], [-118.666760306591, 34.0610578439319], [-118.666760055347, 34.0610579663084], [-118.666759998489, 34.0610579971975], [-118.666688998248, 34.0610924983734], [-118.666617999042, 34.061126998615], [-118.666546998691, 34.0611614987984], [-118.66647600043, 34.0611959998631], [-118.666442000246, 34.0612475001512], [-118.666408000018, 34.0612990004264], [-118.666344332967, 34.0612960003001], [-118.666280667004, 34.0612930001509], [-118.666216999962, 34.0612899999535], [-118.666202867163, 34.0612651452707], [-118.666187740022, 34.0612390618375], [-118.666137369729, 34.0612510308057], [-118.666087000503, 34.0612629997642], [-118.665998500339, 34.0612574998449], [-118.665910000186, 34.0612519998569], [-118.665882327205, 34.0612025588006], [-118.665854655357, 34.0611531168461], [-118.665798000155, 34.0611429995731], [-118.66577299995, 34.0610679999054], [-118.665747999792, 34.0609930002262], [-118.665722999697, 34.0609179996339], [-118.665679000543, 34.0608609997368], [-118.665642333439, 34.0608076666976], [-118.665605667482, 34.0607543327547], [-118.665569000476, 34.0607009996857], [-118.665532666947, 34.0606349999761], [-118.665496333479, 34.0605690002502], [-118.665460000087, 34.0605029996065], [-118.665462999563, 34.0604840000943], [-118.665462000278, 34.0604830002774], [-118.665460499572, 34.06041499961], [-118.665458999937, 34.0603469998517], [-118.665485667367, 34.0602909998612], [-118.665512332593, 34.0602349998357], [-118.665538999948, 34.060178999826], [-118.665593999929, 34.0601433328203], [-118.665648999846, 34.0601076666881], [-118.665703999728, 34.0600719996265], [-118.665759000006, 34.060015999635], [-118.665802500085, 34.0599825004217], [-118.665846000142, 34.0599490002893], [-118.665917999773, 34.0599479997964], [-118.665990000469, 34.059947000172], [-118.666037499569, 34.0599630001289], [-118.666084999771, 34.0599790000784], [-118.666137999749, 34.0600319995572], [-118.666199870989, 34.0600729146728], [-118.666254999714, 34.0600530000279], [-118.666315666957, 34.0600196673527], [-118.666376333096, 34.0599863328286], [-118.666437000236, 34.0599530000864], [-118.666439091394, 34.0599488178822], [-118.666457999569, 34.0598989998794], [-118.666393793828, 34.05989672282], [-118.666329589174, 34.0598944457371], [-118.666317021359, 34.0598940479678], [-118.666255811688, 34.0598818679979], [-118.666200999837, 34.0598709998449], [-118.666142000305, 34.0598485002754], [-118.666082999739, 34.0598259997606], [-118.666033770767, 34.0598308768512], [-118.665984541804, 34.0598357530191], [-118.665928008484, 34.0598416110748], [-118.665871474073, 34.0598474690897], [-118.665871163769, 34.0598469840219], [-118.665870999909, 34.0598470001341], [-118.665861999955, 34.0598329998707], [-118.665813000427, 34.059845000084], [-118.665768999964, 34.0598169997542], [-118.665724999517, 34.059789000308], [-118.665703542356, 34.0597513468134], [-118.665663999702, 34.0597469997264], [-118.665602499465, 34.0597180000742], [-118.665541000356, 34.0596890004006], [-118.66554566661, 34.0596266670076], [-118.665550332872, 34.0595643327088], [-118.665555000179, 34.059502000221], [-118.665527999587, 34.0594550001657], [-118.665501000111, 34.0594080001143], [-118.665462500216, 34.0593489998728], [-118.665424000378, 34.0592899996145], [-118.665385499499, 34.0592310002281], [-118.665346999777, 34.0591719999361], [-118.665299333436, 34.0591153327556], [-118.665251667134, 34.0590586673544], [-118.665203999847, 34.0590020001143], [-118.665142999642, 34.058935999616], [-118.665081999524, 34.0588699999817], [-118.665128500511, 34.0587954997394], [-118.665175000311, 34.0587210003608], [-118.665131836604, 34.0586806680564], [-118.665090123943, 34.0586643856895], [-118.66504837015, 34.058625757597], [-118.665004000414, 34.058584999993], [-118.664964433267, 34.0585605619416], [-118.664924867227, 34.0585361238885], [-118.664901752567, 34.0585219427765], [-118.664860413381, 34.0584703477817], [-118.664819072098, 34.0584187518423], [-118.664777731937, 34.058367156799], [-118.664734994742, 34.0583107364253], [-118.664696497184, 34.0582603683341], [-118.664657999674, 34.058210000227], [-118.664646500139, 34.0581569995724], [-118.664634999521, 34.0581039998022], [-118.664634915986, 34.0581027267174], [-118.664578958088, 34.0580568636604], [-118.664523000271, 34.0580109996722], [-118.664493999836, 34.0579576666971], [-118.664465000538, 34.0579043328229], [-118.664436000181, 34.0578509998268], [-118.664391999916, 34.0578034998734], [-118.664347999703, 34.0577559999006], [-118.66431133287, 34.0576993331472], [-118.664274667158, 34.0576426672925], [-118.664238000446, 34.0575859996071], [-118.66427266674, 34.0575273329385], [-118.664307332967, 34.057468667157], [-118.664342000256, 34.057409999571], [-118.664320178754, 34.0573640605663], [-118.664298358361, 34.0573181215678], [-118.664255011949, 34.0572811017636], [-118.664211665578, 34.0572440819413], [-118.664164999771, 34.0572389998489], [-118.66409340028, 34.0572176000337], [-118.664021799745, 34.0571962001602], [-118.663950200333, 34.057174800254], [-118.663878599876, 34.0571534002895], [-118.663806999457, 34.0571320002796], [-118.663802500423, 34.0570665002541], [-118.663798000313, 34.0570010002111], [-118.663840122459, 34.0569588782484], [-118.663882244575, 34.0569167553667], [-118.663875000361, 34.05689999957], [-118.663925796219, 34.0568587276067], [-118.663905000261, 34.056831000401], [-118.66398956579, 34.0567759383697], [-118.664043384867, 34.0567331411989], [-118.664068209912, 34.056730722237], [-118.664077380525, 34.0567725433741], [-118.664141565826, 34.0567706283612], [-118.664155082375, 34.0567924451523], [-118.664176671657, 34.056780679568], [-118.664145251712, 34.0567215922151], [-118.664218167979, 34.0566928975959], [-118.664234340861, 34.0566555893681], [-118.664218864637, 34.0566337063282], [-118.6641674555, 34.0566215778751], [-118.664097724958, 34.0565877854124], [-118.66408613338, 34.0565611777299], [-118.664088334198, 34.0565405405777], [-118.66411224154, 34.0565194439459], [-118.664128135199, 34.0565062411954], [-118.664162150025, 34.0564972890564], [-118.664189763466, 34.0564841191508], [-118.664163219917, 34.0564764556218], [-118.664172516367, 34.0564354740194], [-118.664176761939, 34.0564124996429], [-118.664302137091, 34.0563520737769], [-118.664282105801, 34.0563339536511], [-118.664322138496, 34.0563119371283], [-118.664312337073, 34.056290095388], [-118.664267484517, 34.0562697016714], [-118.664231562458, 34.056292005293], [-118.664210243044, 34.0562878397976], [-118.664182262693, 34.056302657976], [-118.664166634547, 34.0562554580943], [-118.66413741115, 34.0562500233537], [-118.664134836837, 34.0562209339201], [-118.664116292995, 34.0562419699474], [-118.664093121544, 34.0562411076822], [-118.664072702513, 34.056230920348], [-118.66407744135, 34.0562064542551], [-118.664071646786, 34.0561822676293], [-118.664098087478, 34.0561708555644], [-118.664105915527, 34.0561409090203], [-118.664097325184, 34.0561232980795], [-118.664063045382, 34.0561358804009], [-118.664032830947, 34.0561270468293], [-118.664021212672, 34.0561133447182], [-118.664017524364, 34.0560874139184], [-118.664026798845, 34.0560204137808], [-118.664023238992, 34.0559660410011], [-118.664096685577, 34.0559609457263], [-118.664123325422, 34.0559567692478], [-118.664150663499, 34.0559357308609], [-118.664125934182, 34.0559254091396], [-118.664120769513, 34.0559025371655], [-118.664129003725, 34.0558656190615], [-118.664078242317, 34.0558304938042], [-118.664093164335, 34.0557860566396], [-118.664153298412, 34.0557835630944], [-118.664166228484, 34.0557622060768], [-118.664129042077, 34.0557552264268], [-118.664111604095, 34.0557249682391], [-118.664068432587, 34.0557027549477], [-118.664053427241, 34.055658194893], [-118.664099836979, 34.0556404689455], [-118.664097192131, 34.0556205376695], [-118.664104453267, 34.0555989257453], [-118.6641249754, 34.0555918817656], [-118.664149957673, 34.0555608967188], [-118.66412935279, 34.0555495396782], [-118.664099676677, 34.0555467375928], [-118.664082244089, 34.0555343980757], [-118.664069625359, 34.0555147203692], [-118.664070355893, 34.0554901937258], [-118.664064418052, 34.0554674983926], [-118.664060946086, 34.0554450420429], [-118.664061116199, 34.0554253349071], [-118.664059194523, 34.0553977551078], [-118.664038344158, 34.0553927097365], [-118.664024588583, 34.0553756846189], [-118.664005928174, 34.0553545458287], [-118.664028347668, 34.0553545058446], [-118.66402523067, 34.0553346303295], [-118.664019941963, 34.0553158887573], [-118.66401932119, 34.0552947794235], [-118.664024403853, 34.0552708618866], [-118.664022285938, 34.0552503300265], [-118.664029707474, 34.0552177091534], [-118.663994928593, 34.055195173217], [-118.664001569383, 34.0551772486315], [-118.663997931669, 34.0551586328033], [-118.663999924616, 34.0551359403172], [-118.664027607493, 34.0551469846129], [-118.664023358582, 34.0551235193048], [-118.664035869152, 34.0551008942733], [-118.664026859714, 34.0550844982094], [-118.664017614602, 34.0550658346462], [-118.664006224203, 34.0550398360219], [-118.664012686129, 34.0550206381268], [-118.664028952024, 34.0549973349828], [-118.664010067489, 34.0549827199932], [-118.664008368454, 34.0549613780231], [-118.664021985092, 34.0549408612019], [-118.664033768286, 34.0549241491233], [-118.664043250896, 34.0549046665952], [-118.664066911747, 34.0549161406428], [-118.664045099342, 34.0548926181035], [-118.664036870058, 34.0548698787493], [-118.664060808717, 34.0548740939396], [-118.664083655679, 34.0548807891526], [-118.664097178311, 34.0548589765692], [-118.664071433786, 34.0548463817852], [-118.664079412523, 34.0548231392132], [-118.664070410814, 34.0548028971557], [-118.664066596632, 34.0547831234442], [-118.664067702526, 34.0547744948992], [-118.664061218876, 34.0547631808329], [-118.664062985698, 34.0547398302454], [-118.664061660657, 34.0547175126539], [-118.664053721537, 34.0546937597324], [-118.664058826469, 34.0546747938437], [-118.664050254233, 34.0546574030637], [-118.664036059078, 34.0546380683727], [-118.664011395093, 34.0546290952153], [-118.66398404184, 34.0546270001176], [-118.663963615919, 34.0546379084181], [-118.6639376971, 34.0546250564122], [-118.663897619466, 34.0546332026033], [-118.663872072676, 34.0546442482655], [-118.66385335402, 34.0546751769259], [-118.663836755831, 34.0546598927102], [-118.663816266114, 34.0546405364468], [-118.663791182568, 34.0546260831056], [-118.663762348539, 34.0546321072238], [-118.663740665305, 34.0546279598987], [-118.66371685342, 34.0546345577138], [-118.663687260133, 34.0546328347594], [-118.66366973119, 34.0546435326683], [-118.663643287982, 34.0546467412629], [-118.663615494917, 34.054644518304], [-118.663611598074, 34.054668389347], [-118.663586648545, 34.0546657237142], [-118.663552466302, 34.0546541603802], [-118.663529219582, 34.0546436359215], [-118.663508715442, 34.0546298042331], [-118.663489316505, 34.0546562467725], [-118.663477083262, 34.0546361479616], [-118.663462107531, 34.0546201190991], [-118.663444664392, 34.0546311218086], [-118.663418785401, 34.05461630744], [-118.663412360633, 34.0545969836039], [-118.663401911471, 34.0545765081262], [-118.663377427949, 34.0545795881905], [-118.66337788737, 34.0545552188217], [-118.663366609528, 34.0545300743186], [-118.663337631514, 34.0545201073526], [-118.663334628688, 34.0544884532651], [-118.663309442236, 34.0544921669819], [-118.663295827098, 34.0544721141392], [-118.663270179345, 34.0544682087017], [-118.663267165789, 34.0544899398671], [-118.663247565481, 34.0545105540818], [-118.663218483154, 34.0545189570889], [-118.663191061982, 34.0545056572314], [-118.663169331886, 34.0544955841487], [-118.663162831968, 34.0544725801186], [-118.663175498242, 34.0544380247526], [-118.663156077619, 34.0544213089777], [-118.663138235184, 34.0544047307276], [-118.663126720557, 34.0543809078184], [-118.663104874332, 34.0543683567541], [-118.663092654956, 34.0543521149605], [-118.663067356392, 34.054346975723], [-118.663041660106, 34.0543423574253], [-118.663031798556, 34.0543253138566], [-118.663021019156, 34.0543086084201], [-118.663021895242, 34.0542875932565], [-118.662995850034, 34.0542856034286], [-118.662975606921, 34.054276899208], [-118.662947147, 34.0542821377397], [-118.662944609972, 34.0542754246434], [-118.662936014497, 34.0542925346669], [-118.662943535279, 34.0543125052046], [-118.662939548698, 34.0543353960803], [-118.662938034237, 34.0543392334046], [-118.662931366436, 34.0543561208273], [-118.662930335295, 34.0543587331855], [-118.662922362008, 34.0543764590676], [-118.662909534852, 34.0543914809726], [-118.662886773039, 34.0543937102276], [-118.662869706315, 34.054375724678], [-118.662843850625, 34.0543715633624], [-118.66282667977, 34.0543599145999], [-118.662810694613, 34.0543392830157], [-118.662784744363, 34.0543295804463], [-118.662773923394, 34.05431315759], [-118.662762580892, 34.0542902436374], [-118.662755662741, 34.0542689782983], [-118.662752958423, 34.0542501497768], [-118.6627600915, 34.0542241556846], [-118.662768879333, 34.0542004277227], [-118.662786496906, 34.0541772154309], [-118.662799227163, 34.0541575556383], [-118.662823128505, 34.0541517479339], [-118.66284029965, 34.0541326956331], [-118.662843904346, 34.0541127159414], [-118.66285761763, 34.0540976918195], [-118.66287422418, 34.0540936719298], [-118.662889350309, 34.0540900106135], [-118.662900265506, 34.0540685921821], [-118.662917232155, 34.0540406380965], [-118.662917321115, 34.0540199193192], [-118.662936334995, 34.0539972156465], [-118.662930347242, 34.0539900842862], [-118.662919138375, 34.0539767357369], [-118.662929870012, 34.053951189573], [-118.662943963238, 34.0539176417851], [-118.66295420742, 34.0539060930422], [-118.662968813931, 34.0538848928325], [-118.662967228283, 34.0538795712005], [-118.66296421074, 34.0538694436344], [-118.662954504163, 34.0538368669577], [-118.662959550978, 34.0538083023274], [-118.662963071921, 34.0537859748616], [-118.662997133239, 34.0537865558762], [-118.66296933941, 34.0537562056379], [-118.662994951482, 34.0537308142894], [-118.663007080853, 34.0537097851438], [-118.663027699897, 34.0537035836519], [-118.663042784859, 34.0537211420299], [-118.663033690523, 34.0536994211049], [-118.663041174799, 34.0536774971735], [-118.663062848858, 34.0536660582293], [-118.663090449413, 34.0536700317178], [-118.663112225104, 34.0536745228553], [-118.663116840288, 34.0536782689411], [-118.66312411304, 34.0536841712119], [-118.663127598661, 34.0536825297952], [-118.663151523545, 34.0536749389962], [-118.663173729448, 34.0536769919224], [-118.663200654406, 34.0536866986384], [-118.663211550531, 34.05370341716], [-118.663237867515, 34.0537136513614], [-118.663264313952, 34.0537103626594], [-118.663277352, 34.0536899157428], [-118.663259104145, 34.0536609578211], [-118.663246796321, 34.0536505165808], [-118.663237991265, 34.0536430483436], [-118.663232788251, 34.0536235503854], [-118.663233210581, 34.05360635974], [-118.663233238472, 34.0536052249934], [-118.663234194354, 34.0535832045996], [-118.663254253939, 34.0535674380793], [-118.663255712863, 34.053557797606], [-118.663257051019, 34.0535489554059], [-118.663260586113, 34.0535274494201], [-118.663261589826, 34.0535213395533], [-118.663258553918, 34.0534946472697], [-118.663255440229, 34.0534688376089], [-118.66328447588, 34.0534410431171], [-118.663299635496, 34.0534112907626], [-118.663276306734, 34.0534085097392], [-118.663239849235, 34.053413436313], [-118.663211323151, 34.0533937638128], [-118.663190684306, 34.053387968843], [-118.663195244192, 34.0533642885798], [-118.663208858749, 34.053350156701], [-118.663209996496, 34.0533257781303], [-118.663184146225, 34.0533118538665], [-118.663154316158, 34.053288779756], [-118.663157623842, 34.0532665669735], [-118.66314710828, 34.0532459328861], [-118.663125327106, 34.0532392788255], [-118.663108430021, 34.0532242073428], [-118.663094163051, 34.0532235241992], [-118.663085665204, 34.0532231179287], [-118.663060407539, 34.053210663835], [-118.663054418722, 34.0531922186829], [-118.66305558192, 34.0532105161381], [-118.663049168448, 34.0531896425862], [-118.66301277603, 34.053189263221], [-118.66298778436, 34.0531808665848], [-118.663016282223, 34.0531808449603], [-118.663017512464, 34.0531593858484], [-118.663022941323, 34.0531367192307], [-118.663032551456, 34.0531189187683], [-118.66305310033, 34.0531210045631], [-118.663054393703, 34.0531211351442], [-118.663078967152, 34.0531330519898], [-118.663061000948, 34.0531114577253], [-118.663069086252, 34.0531016876625], [-118.663077461706, 34.0530961466551], [-118.663125627982, 34.0530980670246], [-118.663147250519, 34.0531002717885], [-118.663173640678, 34.0531015714298], [-118.663195837482, 34.0530828611309], [-118.663183144052, 34.0530671168337], [-118.663172502144, 34.0530374457434], [-118.663162607428, 34.05301814785], [-118.663177848456, 34.0530048789266], [-118.663208240536, 34.0530034072242], [-118.663237823601, 34.0530180370459], [-118.663269606418, 34.0530041715599], [-118.663291871068, 34.0530091399267], [-118.663315368672, 34.0530067434207], [-118.663326837874, 34.0530234560475], [-118.66334815493, 34.0530171553998], [-118.663369303486, 34.0530116569697], [-118.663391548703, 34.0530083090227], [-118.663409446297, 34.0530380499042], [-118.663428529151, 34.0530267274355], [-118.663445529758, 34.0530324273845], [-118.663454113641, 34.0530517982252], [-118.663479613185, 34.0530588627919], [-118.663464676474, 34.0530748887146], [-118.663502484611, 34.0531014273209], [-118.663521055013, 34.0531183756101], [-118.663517674748, 34.0531244152238], [-118.663521514606, 34.0531233468402], [-118.66353148845, 34.0531448860243], [-118.66354265567, 34.0531664482244], [-118.663545172094, 34.0531451520558], [-118.663557732811, 34.0531725096557], [-118.663582663014, 34.0531750732008], [-118.663574040769, 34.0531515051232], [-118.663600450756, 34.05312982663], [-118.663597118225, 34.0531297866301], [-118.663598504362, 34.0531049340358], [-118.66362300934, 34.0531049727006], [-118.663640288971, 34.0531165216614], [-118.663661880918, 34.053113945854], [-118.663676742784, 34.0531005461982], [-118.663656954027, 34.0530901650889], [-118.663675544178, 34.0530742892892], [-118.663683202481, 34.0530924763122], [-118.663675498121, 34.053066903102], [-118.663654713645, 34.0530440623575], [-118.663664659869, 34.0530276433811], [-118.663658947996, 34.0530096604058], [-118.663657181323, 34.0529752430456], [-118.663639052286, 34.0529629358183], [-118.663605541583, 34.0529280125982], [-118.663635007529, 34.0529403500581], [-118.663629592391, 34.0529203898151], [-118.66361616024, 34.0529009927578], [-118.663591209721, 34.0528957964001], [-118.663575286432, 34.0528817506706], [-118.663571848611, 34.0528787180305], [-118.663546813837, 34.0528765138815], [-118.663555999108, 34.0528690782271], [-118.663556206689, 34.0528689102661], [-118.66355564913, 34.0528681238677]]], [[[-118.694824573092, 34.0449436485646], [-118.694771274172, 34.0450980847295], [-118.69470577839, 34.0454215465793], [-118.694748690892, 34.0454244239245], [-118.695106277098, 34.0454499760105], [-118.695584958013, 34.0454268523314], [-118.695518046514, 34.0453164251354], [-118.695406723178, 34.045293695361], [-118.695566730082, 34.0452469612448], [-118.695614627637, 34.0453145506702], [-118.695662527409, 34.045382141898], [-118.695736022654, 34.0453883037164], [-118.695809520061, 34.0453944664136], [-118.695883016426, 34.0454006272481], [-118.695930503282, 34.0454046086584], [-118.695956512788, 34.0454067889366], [-118.696030009161, 34.0454129505776], [-118.696159384378, 34.0455025639071], [-118.696226111527, 34.0454508806413], [-118.696378755777, 34.0452261558014], [-118.696409241709, 34.045114460106], [-118.696246831668, 34.0447168696345], [-118.696119639517, 34.0444412616832], [-118.696037229037, 34.0444021753791], [-118.695898438611, 34.0447646123621], [-118.69586785149, 34.0446808640003], [-118.695867722687, 34.0446796787611], [-118.695837226619, 34.0446235213414], [-118.695806730623, 34.0445673621073], [-118.695776234656, 34.0445112037629], [-118.695806865958, 34.044456741622], [-118.695837496121, 34.0444022803587], [-118.695831821295, 34.0443501937402], [-118.69581903042, 34.0442745694185], [-118.695806515414, 34.0442017845956], [-118.695794000432, 34.0441289997655], [-118.695791307592, 34.0441117083181], [-118.695755122713, 34.04406304899], [-118.695718937894, 34.0440143887463], [-118.69573391474, 34.043927211359], [-118.695748890499, 34.0438400321462], [-118.69574009411, 34.0437548562678], [-118.695731295603, 34.0436696785531], [-118.695722499252, 34.0435845026575], [-118.695756091867, 34.0435199920954], [-118.695789685525, 34.0434554806299], [-118.695823279114, 34.0433909700513], [-118.695856887808, 34.0433264596318], [-118.695857000464, 34.0433260002177], [-118.695865593209, 34.043326702664], [-118.695911000447, 34.0433039998602], [-118.695927000438, 34.0432960003794], [-118.695993333013, 34.043277332761], [-118.69605966661, 34.0432586669189], [-118.69612600019, 34.0432400001363], [-118.696126999618, 34.0432449999849], [-118.696204599741, 34.0432541999527], [-118.696282199882, 34.0432633998676], [-118.69635980004, 34.0432725997296], [-118.696437400203, 34.0432818004399], [-118.696515000398, 34.043291000196], [-118.696595869017, 34.0433039003964], [-118.696676737692, 34.0433167987364], [-118.69676554239, 34.0433028118477], [-118.69685434704, 34.0432888257909], [-118.696943150592, 34.043274838751], [-118.697031956277, 34.0432608516663], [-118.697095013236, 34.043250905623], [-118.697158071231, 34.0432409613598], [-118.69721210341, 34.0432380443631], [-118.697276551164, 34.0432345216113], [-118.69734099998, 34.0432309997368], [-118.697415274776, 34.043204060039], [-118.697488748017, 34.0431773166844], [-118.697562221178, 34.0431505750845], [-118.69763569432, 34.0431238316336], [-118.697638695204, 34.0430359832587], [-118.697641696111, 34.0429481330726], [-118.697643999781, 34.0428770000008], [-118.69763928049, 34.0428552199099], [-118.697630612526, 34.042817272721], [-118.697547871629, 34.0428036449995], [-118.697465130747, 34.0427900181193], [-118.697382389907, 34.0427763902772], [-118.697334165515, 34.0427597023387], [-118.69728594221, 34.0427430152932], [-118.697219294499, 34.0427606766101], [-118.697152646758, 34.0427783378876], [-118.697086000055, 34.0427960000396], [-118.696999666899, 34.0427916666216], [-118.696913332669, 34.0427873331257], [-118.696826999532, 34.0427829995768], [-118.696745384312, 34.0427999898831], [-118.696663766906, 34.0428169792044], [-118.696582150533, 34.0428339693806], [-118.696563218407, 34.0428568717749], [-118.696563153272, 34.0428568151318], [-118.696562999665, 34.0428569999997], [-118.696545263178, 34.0428419426803], [-118.696545000115, 34.0428420000751], [-118.696475500114, 34.0428560003805], [-118.696406000102, 34.0428699997418], [-118.6963494998, 34.0429309999541], [-118.696293000493, 34.0429920001466], [-118.696219000146, 34.0429915001575], [-118.696144999799, 34.0429910001204], [-118.696109333045, 34.0429150002321], [-118.696073667443, 34.0428390003386], [-118.696037999744, 34.0427630004028], [-118.696104666608, 34.0427126669463], [-118.696171333386, 34.0426623334479], [-118.69623800008, 34.0426119999078], [-118.696246000079, 34.0425879996193], [-118.696198999529, 34.0425479996719], [-118.696123585529, 34.0425011911961], [-118.696059608762, 34.0424617568612], [-118.695995633127, 34.0424223234024], [-118.69599229192, 34.0424201484156], [-118.69594296747, 34.0424102839198], [-118.695893644115, 34.0424004194149], [-118.695810307721, 34.0423924581079], [-118.695726973524, 34.0423844958633], [-118.695643637149, 34.0423765353357], [-118.695560300805, 34.0423685738455], [-118.695476965562, 34.0423606123068], [-118.695393630334, 34.042352650707], [-118.695310295124, 34.0423446890461], [-118.695226958833, 34.0423367282133], [-118.695139539485, 34.0423435550488], [-118.695052120137, 34.0423503809158], [-118.694964699675, 34.0423572076047], [-118.694877281365, 34.0423640342512], [-118.694789860873, 34.0423708608058], [-118.694702442532, 34.042377687318], [-118.69461502201, 34.0423845137383], [-118.694527602556, 34.0423913401038], [-118.694440183072, 34.0423981673035], [-118.694352763603, 34.0424049926334], [-118.694265344089, 34.0424118196989], [-118.694177924574, 34.0424186457958], [-118.694090505029, 34.042425472727], [-118.694003085485, 34.0424322986897], [-118.693915665895, 34.042439126388], [-118.693827498946, 34.0424490946487], [-118.693739333059, 34.0424590628535], [-118.693651166051, 34.0424690318788], [-118.693563000118, 34.0424789999469], [-118.693487936761, 34.0424799961214], [-118.69341287447, 34.0424809931604], [-118.693337811109, 34.042481989236], [-118.693295583634, 34.042515352578], [-118.693253357206, 34.0425487159155], [-118.693279277661, 34.0426182208897], [-118.693305199244, 34.0426877258651], [-118.693334598808, 34.0427658627361], [-118.693363999513, 34.0428439996052], [-118.693405273434, 34.0429210907082], [-118.693446545269, 34.0429981817648], [-118.693487818268, 34.0430752728124], [-118.693529091348, 34.0431523638385], [-118.693570364508, 34.0432294548431], [-118.693611635598, 34.0433065449001], [-118.693652908919, 34.0433836358618], [-118.693694182322, 34.043460726802], [-118.693735454721, 34.0435378177083], [-118.693776727202, 34.0436149085931], [-118.693817999748, 34.0436920003579], [-118.693888949414, 34.0437365511521], [-118.693959898078, 34.0437811018876], [-118.694030846821, 34.0438256525767], [-118.694060690035, 34.0438443922777], [-118.694024452471, 34.043996046021], [-118.693936361553, 34.044181281048], [-118.693682539162, 34.04437578842], [-118.693604751772, 34.0444791928526], [-118.693732654338, 34.0445924070796], [-118.693852225387, 34.0446682762294], [-118.694012248553, 34.0447334341099], [-118.694190108102, 34.0448025224526], [-118.694183538044, 34.0449290918872], [-118.694220269422, 34.0454137482212], [-118.694452560628, 34.0454387601872], [-118.694614049316, 34.0448744275835], [-118.694767219465, 34.0448990441751], [-118.694824573092, 34.0449436485646]]], [[[-118.715881104064, 34.0439540299119], [-118.715808133065, 34.0437632390513], [-118.715649306183, 34.0436236268061], [-118.715430981027, 34.0435652924473], [-118.715322499214, 34.0435320396553], [-118.71527958654, 34.0435188858312], [-118.715219426568, 34.0428822956817], [-118.715118515818, 34.042747657082], [-118.714987767791, 34.0426865835651], [-118.714815690445, 34.0427013300252], [-118.714771690643, 34.0427651994221], [-118.714709384475, 34.0428979956215], [-118.714652805646, 34.0430308573081], [-118.714568669278, 34.0432730678454], [-118.714411935927, 34.0435764409371], [-118.714349900336, 34.0436925527156], [-118.714374622342, 34.0437571976229], [-118.714483163341, 34.0437751108511], [-118.7145486734, 34.0437973049222], [-118.714663405838, 34.0437866801166], [-118.714979280784, 34.0437354154367], [-118.715226013741, 34.0436702520941], [-118.715216544897, 34.043697003974], [-118.715068628657, 34.0438476619719], [-118.714718010415, 34.0439833392569], [-118.71444466125, 34.0440564170822], [-118.714211504459, 34.0441826772489], [-118.714117303147, 34.044276330015], [-118.714031831906, 34.0444101145887], [-118.713988029505, 34.0445785471995], [-118.713988273887, 34.0447074420028], [-118.714028997781, 34.0448719460453], [-118.714055114435, 34.0449069811051], [-118.714016091028, 34.0449871273028], [-118.713965599753, 34.0450647791772], [-118.713825076908, 34.0451749383303], [-118.713684492956, 34.0452888218955], [-118.713718829684, 34.0453786065872], [-118.713863263356, 34.0455776560453], [-118.713891973445, 34.0457381493725], [-118.713781638677, 34.0459412980893], [-118.71362411858, 34.0459610008114], [-118.713518902228, 34.046010587874], [-118.713439218868, 34.0460770629377], [-118.713382929757, 34.046147707808], [-118.713375760206, 34.0462276960171], [-118.713440190608, 34.0462333058196], [-118.713441741511, 34.0462821459722], [-118.713599830472, 34.0465153506415], [-118.713821775811, 34.0468615682019], [-118.714065865422, 34.0472168227675], [-118.714196767037, 34.0473188758309], [-118.714358674739, 34.0473900312987], [-118.71438292536, 34.0474137403623], [-118.71441950387, 34.047472739765], [-118.714474313837, 34.047492887235], [-118.714554089148, 34.0474928111937], [-118.714613212938, 34.0474641847208], [-118.714637939669, 34.0474586053835], [-118.714708268394, 34.0474623282173], [-118.715239877251, 34.047451726237], [-118.715388981015, 34.0474208037285], [-118.715662769321, 34.047316614756], [-118.715874216227, 34.047171196842], [-118.716097239775, 34.0468423471907], [-118.716191699025, 34.0468457956733], [-118.716443196503, 34.0467032118225], [-118.716717678646, 34.0465561179821], [-118.716978305829, 34.0463802606504], [-118.717031323308, 34.0462902692254], [-118.717035775535, 34.0461925785905], [-118.717105550874, 34.0459525890467], [-118.717279343452, 34.0456565573706], [-118.717420628726, 34.0454221403378], [-118.717474497313, 34.0452797121473], [-118.717446907886, 34.0452150357655], [-118.717413164637, 34.0451765131089], [-118.717279238625, 34.0451344775527], [-118.717231256396, 34.0450910269766], [-118.717204015948, 34.045004899809], [-118.717159168399, 34.0449447964543], [-118.717122717098, 34.0448967072974], [-118.717048691906, 34.0448696504352], [-118.716942858172, 34.0448613069953], [-118.716040774795, 34.044855908745], [-118.71597166324, 34.0448789689186], [-118.715894193352, 34.0448876314158], [-118.71581738287, 34.0448557739446], [-118.715525696305, 34.0446834440762], [-118.715545062867, 34.0446521697534], [-118.715572653238, 34.0446076151848], [-118.715786588662, 34.044262128901], [-118.715874084007, 34.044110395748], [-118.715881104064, 34.0439540299119]]], [[[-118.689591339198, 34.0424668629443], [-118.68954833256, 34.0424739999458], [-118.689470000211, 34.0424870000033], [-118.689173601036, 34.0423719947048], [-118.689152743313, 34.0423770270547], [-118.689131375228, 34.0423823330149], [-118.68910530883, 34.0423962310014], [-118.689079593867, 34.042402665278], [-118.689054580901, 34.0424133288051], [-118.689024542209, 34.0424022858485], [-118.689001778479, 34.0424014981997], [-118.688966457469, 34.0424036232388], [-118.688945585475, 34.042409839155], [-118.688927494188, 34.0423829163151], [-118.688899110956, 34.0423968804465], [-118.688875782557, 34.0423989181205], [-118.688844061995, 34.042392427643], [-118.68881710817, 34.0423939583548], [-118.688800583004, 34.0424116941303], [-118.688809153248, 34.0423847338135], [-118.688780269343, 34.0423858717487], [-118.688754266072, 34.0423893833316], [-118.688747157113, 34.0424071418597], [-118.688746956494, 34.042433816265], [-118.688719932994, 34.0424418203647], [-118.688699216263, 34.0424590273259], [-118.688691300296, 34.0424801141898], [-118.688670925495, 34.0424891928725], [-118.688649222016, 34.0425057483442], [-118.688620839487, 34.0425183609521], [-118.688593355656, 34.0425291654236], [-118.688567247618, 34.0425349369085], [-118.688549205704, 34.0425464992246], [-118.688525259652, 34.0425613239701], [-118.688510328028, 34.0425458649184], [-118.688493160575, 34.0425310094175], [-118.688487767549, 34.0425027370215], [-118.688470176188, 34.0424905137428], [-118.688480006831, 34.0425181286035], [-118.688460492714, 34.0425055928747], [-118.68844212183, 34.0424952403996], [-118.68840685577, 34.0424913839458], [-118.688378977074, 34.0424925144226], [-118.68835560241, 34.0424827363118], [-118.68833577299, 34.0424908006325], [-118.688326604361, 34.0425100266185], [-118.688303820697, 34.0424884122092], [-118.688281739754, 34.0424776283996], [-118.688260423763, 34.04246239781], [-118.688276800034, 34.042477997051], [-118.688247943492, 34.0424856310176], [-118.688223026433, 34.0424914287632], [-118.688202625618, 34.042500309618], [-118.688177123227, 34.0425129751242], [-118.688137230613, 34.042518209075], [-118.688114079188, 34.0425232797283], [-118.688089983526, 34.0425186935451], [-118.688061514496, 34.0425230826505], [-118.688033870408, 34.0425331629798], [-118.688032219474, 34.0425106379349], [-118.68801299705, 34.0424898127977], [-118.68799015064, 34.0424912608032], [-118.687977692167, 34.0425106372928], [-118.68795705221, 34.0425162453348], [-118.687934092008, 34.0425145698625], [-118.687907355386, 34.0425326729165], [-118.68790486151, 34.0425528340653], [-118.687921314326, 34.0425701454283], [-118.687934940042, 34.0425868156561], [-118.687944396235, 34.0426045648174], [-118.687922112338, 34.0426053367972], [-118.68791214093, 34.0426260654421], [-118.687890789288, 34.0426350633102], [-118.687881922048, 34.0426125101242], [-118.687859133852, 34.0426298661696], [-118.687837210124, 34.0426307333415], [-118.687856809749, 34.0426468512184], [-118.687855315429, 34.0426651972881], [-118.687862496979, 34.0426944811483], [-118.687865794243, 34.0427165482255], [-118.687868954624, 34.0427390960678], [-118.687881770525, 34.0427628460547], [-118.687872116743, 34.042779192189], [-118.687878760881, 34.0427863406905], [-118.687885008123, 34.0427930617802], [-118.687890183848, 34.0427986291308], [-118.687890462401, 34.0428010278251], [-118.687892515896, 34.0428187521076], [-118.687917922057, 34.0428393726145], [-118.687938628185, 34.0428523945893], [-118.687945879826, 34.0428727103762], [-118.68795000793, 34.042891517005], [-118.687952515478, 34.0429130069847], [-118.687967202139, 34.0429309498257], [-118.687958538128, 34.042911674417], [-118.687968527896, 34.0429337500636], [-118.687961876335, 34.0429574037934], [-118.687954311221, 34.0429748324417], [-118.687967979126, 34.0429924876631], [-118.687981593522, 34.0430114071757], [-118.687986563725, 34.0430294021663], [-118.687997160586, 34.0430515767615], [-118.688012028046, 34.043068614692], [-118.68801721277, 34.0430922091278], [-118.688013329627, 34.0431123479518], [-118.688025419896, 34.0431262632888], [-118.688028481798, 34.0431297867531], [-118.688043657602, 34.0431429379345], [-118.688055598001, 34.0431708196393], [-118.68807187931, 34.0431889449164], [-118.688077004876, 34.0432100404011], [-118.688081737639, 34.0432280515812], [-118.688082474849, 34.0432469038858], [-118.688082116609, 34.043265976178], [-118.688088538422, 34.0432908010791], [-118.688103914948, 34.043310058222], [-118.688113385173, 34.0433319223017], [-118.68812257386, 34.0433449215607], [-118.688101487188, 34.0433579723882], [-118.688132860205, 34.0433603046031], [-118.688160316102, 34.0433525048748], [-118.688184405987, 34.0433463126455], [-118.688215033471, 34.04335224886], [-118.688254177736, 34.0433486633571], [-118.68828020247, 34.0433483770675], [-118.68830713452, 34.0433382722556], [-118.688324940352, 34.0433246354482], [-118.688345581968, 34.0433065576833], [-118.688367068559, 34.043300526568], [-118.688388487889, 34.043292220903], [-118.688410704267, 34.0433036030815], [-118.688432154887, 34.0433125737409], [-118.688449542812, 34.0433251219412], [-118.688453784765, 34.0433448422453], [-118.688462539496, 34.0433697480813], [-118.688458944009, 34.0433990439116], [-118.688466460501, 34.0434172512136], [-118.688485297126, 34.0434372621926], [-118.68850328063, 34.0434442815739], [-118.688510299266, 34.0434470211375], [-118.688514117545, 34.0434455071848], [-118.688521444456, 34.0434426019338], [-118.688533860945, 34.0434376789625], [-118.68854019252, 34.0434484562631], [-118.688543676926, 34.0434543881744], [-118.688534282414, 34.043472212313], [-118.688539041483, 34.0434915806399], [-118.688550578739, 34.0435145359429], [-118.688574916868, 34.0435265159183], [-118.688587323528, 34.0435485156412], [-118.688605443378, 34.043565581916], [-118.688612445158, 34.0435686196999], [-118.688626699287, 34.0435748036356], [-118.688648137007, 34.0435921821836], [-118.688660003181, 34.0436094910938], [-118.688681254455, 34.0436298778445], [-118.688706623359, 34.0436513343836], [-118.688732478878, 34.0436704929969], [-118.688748709831, 34.0436887960963], [-118.688766506355, 34.0437049218841], [-118.688787236178, 34.0437181693544], [-118.688806200611, 34.0437291939511], [-118.688825105295, 34.0437393820973], [-118.688847041887, 34.0437487098809], [-118.688861707368, 34.0437651458119], [-118.688871451498, 34.0437824050229], [-118.688898707064, 34.0437976840105], [-118.688918142231, 34.0438110833426], [-118.688940763926, 34.0438235736011], [-118.6889604893, 34.0438344356306], [-118.688964108522, 34.0438364282979], [-118.688979966799, 34.0438593701761], [-118.68900360548, 34.0438677591472], [-118.689026337306, 34.0438875741403], [-118.689045959715, 34.0438997458572], [-118.689070295062, 34.0438991911055], [-118.68909402718, 34.0439005876239], [-118.689114272027, 34.0439127169064], [-118.68914305942, 34.0439189869055], [-118.689166406264, 34.0439278629391], [-118.689194129937, 34.0439426802247], [-118.689233272156, 34.043946992148], [-118.689265296325, 34.0439391563778], [-118.689289190008, 34.043942303768], [-118.689320527463, 34.0439347287486], [-118.6893653997, 34.0439273536504], [-118.689390409763, 34.0439268038898], [-118.689413531342, 34.0439249846144], [-118.6894320873, 34.0439179603036], [-118.689438325289, 34.0439155996375], [-118.68947636311, 34.0439042348252], [-118.689498315804, 34.0438977301271], [-118.689531518851, 34.0438899962011], [-118.68956008692, 34.0438883423431], [-118.689589170377, 34.0438941350969], [-118.689610593672, 34.0438874187274], [-118.689636262813, 34.0438853357062], [-118.689658038552, 34.0438881818687], [-118.689682554897, 34.0438858583775], [-118.68970043405, 34.0438747132567], [-118.689723437893, 34.0438596962275], [-118.68975111253, 34.0438534006584], [-118.689776540125, 34.0438495558563], [-118.689795586934, 34.0438380157399], [-118.689820252339, 34.0438312798282], [-118.68984162051, 34.0438224666219], [-118.689865327635, 34.0438211273171], [-118.689893550008, 34.0438171334213], [-118.689926458438, 34.0438109611236], [-118.689948362033, 34.0438031692281], [-118.689970996585, 34.0437993012716], [-118.689993845472, 34.043797659057], [-118.690020249803, 34.0437914786381], [-118.69004621985, 34.0437892096551], [-118.690069933488, 34.043788390591], [-118.690094642741, 34.0437849485738], [-118.690125054674, 34.0437764178392], [-118.690150003904, 34.0437727432591], [-118.690170810539, 34.0437675442537], [-118.690193882506, 34.0437574207543], [-118.690215936265, 34.0437567628855], [-118.690242293383, 34.0437512715763], [-118.690264569192, 34.0437350163182], [-118.69029477796, 34.0437216913366], [-118.690315082925, 34.0437300759597], [-118.69033671276, 34.0437178261648], [-118.690356212979, 34.0437044772015], [-118.69039305053, 34.0437139922572], [-118.690418333839, 34.0437066322194], [-118.690444157301, 34.0436921775904], [-118.690466909207, 34.0436972905611], [-118.690492106931, 34.0436683918229], [-118.690481120939, 34.043645077928], [-118.690472765335, 34.0436266267119], [-118.690464349827, 34.0436079999006], [-118.690463570706, 34.0435845896868], [-118.69046475552, 34.0435622758283], [-118.690452735591, 34.0435438311616], [-118.690445079029, 34.04351987305], [-118.690444476118, 34.0434925024415], [-118.690438257366, 34.0434735402542], [-118.690430278954, 34.0434493314077], [-118.690437675195, 34.0434229904102], [-118.690435184127, 34.0434022931784], [-118.690425682746, 34.0433829199923], [-118.690412115163, 34.0433681242244], [-118.690409753639, 34.0433401437601], [-118.690404102467, 34.0433222258059], [-118.690415916543, 34.043306863587], [-118.690402122213, 34.0432834109972], [-118.690384914998, 34.0432564318717], [-118.690383238186, 34.043233597349], [-118.690380025403, 34.0432139015761], [-118.690360078261, 34.0431994967526], [-118.690335765066, 34.043194292775], [-118.69032031414, 34.0431787694029], [-118.690346381183, 34.0431598097181], [-118.690362373958, 34.0431398127753], [-118.690372144359, 34.0431207837955], [-118.690398295298, 34.0431066872541], [-118.690419865265, 34.0431197673864], [-118.690443753307, 34.0431266361743], [-118.690458683519, 34.043145016042], [-118.690460160133, 34.0431698641842], [-118.690480062716, 34.0431838871122], [-118.690500571785, 34.0431898208712], [-118.690525926945, 34.0431877151077], [-118.690543231983, 34.0431987491918], [-118.690548432026, 34.0432240774038], [-118.690563891558, 34.0432437850492], [-118.690559356246, 34.043261555228], [-118.690540943544, 34.0432767370131], [-118.690539412023, 34.0433062387512], [-118.690511982596, 34.0433176808134], [-118.690516039599, 34.0433421808583], [-118.690526741362, 34.0433633006647], [-118.690517219941, 34.0433871685594], [-118.690515138211, 34.0434053113452], [-118.690500819187, 34.0434255493353], [-118.690490673481, 34.0434555759143], [-118.690491494875, 34.0434795068255], [-118.690500865817, 34.043502629954], [-118.690513705276, 34.0435201851695], [-118.690518229454, 34.0435422500192], [-118.690524941921, 34.0435610294478], [-118.690560183114, 34.043564395394], [-118.690581502432, 34.043570461966], [-118.690610369099, 34.0435811574335], [-118.690635615928, 34.0435839558638], [-118.69066850595, 34.04357705557], [-118.690693251647, 34.0435746100814], [-118.69073118803, 34.043572144924], [-118.690763439114, 34.0435641274203], [-118.690773491498, 34.0435610027182], [-118.690788272322, 34.0435564069059], [-118.690812414861, 34.0435597623979], [-118.690814572899, 34.0435600621844], [-118.690836956435, 34.0435570197171], [-118.690870955925, 34.0435613918759], [-118.690894418204, 34.0435577649548], [-118.690921953109, 34.0435489764464], [-118.690943712493, 34.0435500632057], [-118.690974745521, 34.0435397957388], [-118.690987778013, 34.0435242392054], [-118.691025236003, 34.0435116951653], [-118.691050563307, 34.0435028506001], [-118.691080983146, 34.0434979440287], [-118.691107618843, 34.0434963487177], [-118.691135575677, 34.0434979700725], [-118.691160079303, 34.0434870649363], [-118.691177230545, 34.0434714637523], [-118.691210895568, 34.04345910326], [-118.69123443538, 34.0434562191554], [-118.691251592277, 34.0434530759755], [-118.691256889709, 34.0434521054477], [-118.691264301761, 34.0434515054231], [-118.691292676088, 34.0434521821794], [-118.691329385082, 34.0434482223351], [-118.691351809294, 34.0434444220105], [-118.691365236439, 34.043443335724], [-118.691377627808, 34.0434423331017], [-118.691394174175, 34.043430285251], [-118.691398075125, 34.043428223995], [-118.691402035091, 34.0434261309603], [-118.691414510486, 34.0434195386386], [-118.691433163127, 34.0434079720804], [-118.69145827937, 34.0434073437488], [-118.691466493245, 34.0434128646941], [-118.691479343201, 34.0434215033534], [-118.69150192874, 34.0434182935806], [-118.691508788097, 34.043417319348], [-118.691544568133, 34.0434183002067], [-118.691571748791, 34.043420743789], [-118.691593915384, 34.0434168016148], [-118.691621664548, 34.0434184042366], [-118.691647255753, 34.0434251246403], [-118.691670464678, 34.04341671811], [-118.691697899018, 34.0434124189993], [-118.691730118215, 34.043411279866], [-118.69175783309, 34.0434027988566], [-118.691779738203, 34.0434013654281], [-118.691804189744, 34.0434045709924], [-118.691831264803, 34.043394175787], [-118.691864927798, 34.0433868296335], [-118.691898214901, 34.0433805312897], [-118.691922722432, 34.0433799670889], [-118.691930964936, 34.0433797768577], [-118.691959269515, 34.0433753812933], [-118.691964167549, 34.0434014452526], [-118.69197295179, 34.0434203250227], [-118.691984606565, 34.0434580094305], [-118.691994690191, 34.043479787354], [-118.692015732217, 34.0435038296598], [-118.692021818141, 34.0435229867736], [-118.692051238287, 34.0435582633312], [-118.692073989402, 34.0435682634038], [-118.692107873361, 34.043564122107], [-118.692131765975, 34.0435396897457], [-118.692155590715, 34.0435260177854], [-118.692178561354, 34.0435072835922], [-118.692197199078, 34.0434961540031], [-118.692222300904, 34.0434779662839], [-118.692230371155, 34.0434607207823], [-118.692236474535, 34.0434332739255], [-118.692235901144, 34.0434148031067], [-118.692236528668, 34.0433887674459], [-118.692250807317, 34.0433537492754], [-118.692270182815, 34.0433217576064], [-118.692267871847, 34.0433016016272], [-118.692259636947, 34.0432828372762], [-118.692254022628, 34.0432548276198], [-118.692253357626, 34.0432324077524], [-118.692261658319, 34.0432108625783], [-118.692267211921, 34.0431824717629], [-118.69225763929, 34.0431569807305], [-118.692253298954, 34.0431385000114], [-118.692254220327, 34.0431133593737], [-118.692257482187, 34.0430954167313], [-118.692255054096, 34.0430743551229], [-118.692254472592, 34.0430470929524], [-118.692250849766, 34.04301995634], [-118.692258690463, 34.0429918541384], [-118.692267330503, 34.0429727056335], [-118.692260146348, 34.0429507338179], [-118.692258135577, 34.0429220064024], [-118.692259016531, 34.0428942065515], [-118.6922754173, 34.0428706681326], [-118.692288763478, 34.0428543955885], [-118.692311653873, 34.0428377448764], [-118.692324804952, 34.0428171659706], [-118.692155249619, 34.0427010003689], [-118.692158500302, 34.0426239999395], [-118.69216174988, 34.0425470003925], [-118.692164999467, 34.0424699999374], [-118.692168021157, 34.0424668097025], [-118.692222244048, 34.042397598147], [-118.692276465776, 34.0423283856465], [-118.692330688477, 34.0422591740289], [-118.692384912195, 34.0421899605898], [-118.692439133623, 34.0421207488975], [-118.692493357121, 34.0420515371991], [-118.692548800497, 34.0420206753595], [-118.692604244927, 34.041989812603], [-118.692631623222, 34.0419444070982], [-118.692659000433, 34.0418989997692], [-118.692738500368, 34.0418790002742], [-118.692818000279, 34.0418589998219], [-118.692888249525, 34.0418477502224], [-118.69295849985, 34.0418364996904], [-118.693028750139, 34.0418252500164], [-118.693099000408, 34.0418140002989], [-118.693169499966, 34.0418030004303], [-118.693239999519, 34.0417919996165], [-118.69331050012, 34.0417809996729], [-118.693380999619, 34.041769999673], [-118.693367333351, 34.0417096672285], [-118.693353667134, 34.0416493329755], [-118.693339999839, 34.0415889996059], [-118.693301999981, 34.0415170001558], [-118.693264000207, 34.041444999786], [-118.69328430132, 34.0413979369474], [-118.693304603492, 34.0413508741151], [-118.693273296191, 34.0413272803987], [-118.693267551074, 34.0412862910483], [-118.693195999911, 34.0413239998194], [-118.693146500005, 34.0413295003389], [-118.693097000107, 34.0413349999355], [-118.693023666657, 34.0413420003049], [-118.692950333208, 34.0413489997256], [-118.692876999732, 34.0413560000005], [-118.692799332567, 34.0413670003663], [-118.692721666479, 34.04137799979], [-118.692644000354, 34.041389000062], [-118.692622999521, 34.0413469997934], [-118.692574500161, 34.0413025002281], [-118.692525999788, 34.0412579997263], [-118.69247300038, 34.0412635003494], [-118.692419999896, 34.041269000034], [-118.692367999643, 34.0412209999317], [-118.692316000536, 34.0411729998155], [-118.692373000383, 34.0411354995724], [-118.692430000161, 34.0410980002006], [-118.69246000001, 34.041067000427], [-118.692403626495, 34.0410459207757], [-118.692345427318, 34.0410244243418], [-118.692345445697, 34.0410241648989], [-118.692345000025, 34.0410240002027], [-118.6923515001, 34.0409375000627], [-118.69235800016, 34.040850999914], [-118.692405000003, 34.0407870001891], [-118.692405091152, 34.0407869246016], [-118.692405190001, 34.0407868418899], [-118.692468809314, 34.040733787855], [-118.692416000353, 34.0406750001091], [-118.692359999934, 34.0406275003957], [-118.692303999596, 34.0405799997509], [-118.692266000351, 34.0405354997628], [-118.692228000066, 34.0404909997473], [-118.692274999859, 34.040438499665], [-118.692321999589, 34.0403859995602], [-118.692374499506, 34.0404009996415], [-118.692427000527, 34.0404159997108], [-118.692490923829, 34.040389161584], [-118.692554848171, 34.040362323433], [-118.692550276317, 34.0403578216653], [-118.692551654497, 34.040355307662], [-118.692508331891, 34.0403116554207], [-118.692465009334, 34.0402680031608], [-118.692421685756, 34.0402243499685], [-118.692345055124, 34.0402283530663], [-118.692268424483, 34.0402323561126], [-118.692191793835, 34.0402363591073], [-118.692115164277, 34.0402403611614], [-118.692038533613, 34.040244364053], [-118.691961902942, 34.0402483668929], [-118.691940450842, 34.0403296843846], [-118.69191899981, 34.0404110000748], [-118.691900500073, 34.0404604996439], [-118.691882000298, 34.0405100001089], [-118.691831999789, 34.0405419997661], [-118.691782000307, 34.0405740003142], [-118.691736500098, 34.0405615002026], [-118.691690999903, 34.0405490000726], [-118.691634499912, 34.0405250001647], [-118.691577999956, 34.0405010002281], [-118.691517000515, 34.0404943327743], [-118.691455999972, 34.0404876670781], [-118.691394999454, 34.0404810004478], [-118.691314500181, 34.0404565001245], [-118.691233999876, 34.0404319997312], [-118.691206000488, 34.0403934997845], [-118.691178000044, 34.0403549998169], [-118.691143499899, 34.0403104999776], [-118.691108999794, 34.0402660001256], [-118.691057000335, 34.0402215001889], [-118.691004999852, 34.0401770002138], [-118.690977499677, 34.0401235000816], [-118.690949999539, 34.0400699999395], [-118.690868559794, 34.0400375239379], [-118.690787119033, 34.0400050478645], [-118.690764000285, 34.0400209996733], [-118.69071859049, 34.0400971486911], [-118.690699160725, 34.0401302665553], [-118.690710676117, 34.0401941080057], [-118.690722191542, 34.0402579485491], [-118.690733793948, 34.0403219658941], [-118.690745397456, 34.0403859832459], [-118.690756999915, 34.0404499996782], [-118.690692500152, 34.0404900004481], [-118.690628000338, 34.0405300002784], [-118.690563500458, 34.0405700000704], [-118.690499000513, 34.040609999824], [-118.690471999455, 34.0406665004286], [-118.690445000539, 34.0407230001467], [-118.690423000509, 34.0407875002281], [-118.690401000443, 34.0408520003008], [-118.690336999812, 34.0408570001754], [-118.690273000255, 34.0408620000265], [-118.690202499985, 34.0408700003576], [-118.690131999715, 34.0408779997437], [-118.690061333354, 34.0408869997292], [-118.689990666977, 34.0408959996707], [-118.689919999501, 34.0409049995558], [-118.689863500546, 34.040889499755], [-118.68980700053, 34.0408739999134], [-118.689740999736, 34.0408809995818], [-118.689674999998, 34.0408880001258], [-118.689609000263, 34.0408949997301], [-118.689542000453, 34.0409090002533], [-118.689474999552, 34.0409229998231], [-118.689424500276, 34.0409634999624], [-118.689373999866, 34.041004000065], [-118.689310000075, 34.0410330002477], [-118.689246000238, 34.0410620003934], [-118.689185543771, 34.0410469505787], [-118.689125087328, 34.0410319007316], [-118.689064630893, 34.0410168517536], [-118.688993522235, 34.0410441146367], [-118.688922413513, 34.0410713783761], [-118.688851304757, 34.0410986411688], [-118.688780197034, 34.0411259039289], [-118.68870908818, 34.0411531666312], [-118.688690542932, 34.0412400138526], [-118.688771362009, 34.0412420091277], [-118.688852181074, 34.0412440052468], [-118.688933000159, 34.0412460004072], [-118.688989000522, 34.0412760003881], [-118.689037500452, 34.0413090001003], [-118.689086000423, 34.0413419997906], [-118.689149332724, 34.0413563326398], [-118.689212667183, 34.0413706672813], [-118.68927599953, 34.0413850000596], [-118.689337000211, 34.0413956672067], [-118.689397999841, 34.0414063334073], [-118.689458999488, 34.0414169995751], [-118.689476000222, 34.0414639996348], [-118.689492999893, 34.0415109996772], [-118.689497967635, 34.0415467673718], [-118.689500000006, 34.0415469999234], [-118.68954799989, 34.0415604997705], [-118.689595999791, 34.0415739995971], [-118.68959615773, 34.0415742069737], [-118.689596380901, 34.0415742690455], [-118.689640100907, 34.0416315055542], [-118.68968382096, 34.041688742944], [-118.689727542161, 34.0417459803258], [-118.689771262356, 34.0418032167734], [-118.689782914609, 34.0418372572896], [-118.689810999884, 34.041918000046], [-118.689806315266, 34.0419671983362], [-118.689844000027, 34.0419909997953], [-118.689864999666, 34.0420509996042], [-118.689861999727, 34.0421034999054], [-118.689858999785, 34.0421560002036], [-118.689826999798, 34.0421879995507], [-118.68979499977, 34.0422199997891], [-118.689792000126, 34.0422684997926], [-118.689789000479, 34.0423169997935], [-118.689781500104, 34.0423620003908], [-118.689773999735, 34.0424070000839], [-118.689705000431, 34.042447999706], [-118.68962666705, 34.0424609998591], [-118.689591339198, 34.0424668629443]]], [[[-118.708280340695, 34.0512446931808], [-118.708283537042, 34.051240276603], [-118.708284971186, 34.0512382950004], [-118.708296533043, 34.0512223169659], [-118.708290749468, 34.0511930163573], [-118.708266283169, 34.0511698833472], [-118.708235982727, 34.0511501831389], [-118.70821273378, 34.051120050653], [-118.708188682921, 34.0510885495076], [-118.708171433627, 34.0510638664911], [-118.708148750502, 34.0510356327896], [-118.708119045173, 34.0510329148516], [-118.708108316689, 34.0510319330789], [-118.708085115814, 34.0510234143108], [-118.708077949996, 34.0510207834114], [-118.708075133166, 34.0510198174419], [-118.708075537782, 34.0510179963632], [-118.708078144782, 34.0510062406822], [-118.708081633517, 34.0509905163979], [-118.708047966959, 34.0509801830758], [-118.708034332856, 34.0509629518996], [-118.708025733414, 34.0509520833694], [-118.708008367318, 34.050913633912], [-118.707999966803, 34.0508863835034], [-118.707977933233, 34.0508620167267], [-118.707946299941, 34.0508497662687], [-118.707910850557, 34.0508450501639], [-118.707893547583, 34.0508448872423], [-118.707871783476, 34.0508446827271], [-118.707834700286, 34.050838133215], [-118.707795900079, 34.0508283492325], [-118.707760616512, 34.0508209834602], [-118.707722100108, 34.0508196665608], [-118.707683533625, 34.0508139999322], [-118.707654533546, 34.0507947497675], [-118.707619532612, 34.0507800502241], [-118.707596220962, 34.0507683160176], [-118.707589666238, 34.0507650167481], [-118.70758180689, 34.0507610156829], [-118.707558432957, 34.0507491166768], [-118.707517784041, 34.0507350832823], [-118.707484433781, 34.0507200661425], [-118.707446333055, 34.0507048832917], [-118.707408583857, 34.0506938326822], [-118.707376833902, 34.0506761497117], [-118.707347550383, 34.0506570170575], [-118.707320017211, 34.0506371667797], [-118.707294182525, 34.0506194337123], [-118.707260316397, 34.0506169333859], [-118.707251466671, 34.0506532174009], [-118.707231766248, 34.0506778003677], [-118.706874467169, 34.0509024887224], [-118.706803131453, 34.0509473476051], [-118.706666450017, 34.0510332997934], [-118.706605633539, 34.05107576623], [-118.70657071646, 34.0510978502517], [-118.706576266863, 34.051134066916], [-118.706602533097, 34.0511734497957], [-118.70661723352, 34.051213833704], [-118.706619133185, 34.0512539658735], [-118.706612966037, 34.05128616644], [-118.706605417225, 34.0513164832752], [-118.706595766309, 34.0513473667639], [-118.706564699299, 34.0513725336694], [-118.706529317439, 34.0513905165887], [-118.706497817145, 34.0514097336406], [-118.706474716667, 34.0514354002975], [-118.706452167005, 34.0514573335163], [-118.706452066275, 34.0514851501346], [-118.706425032907, 34.0515101329076], [-118.706455266498, 34.0515218666139], [-118.706488099325, 34.051533633435], [-118.706509966368, 34.0515598161471], [-118.706535983498, 34.0515789831281], [-118.706566266521, 34.0515938493982], [-118.706604367184, 34.051613083252], [-118.706632816485, 34.0516285336312], [-118.706660799351, 34.0516448829754], [-118.706685183743, 34.0516704162567], [-118.706693333668, 34.0516995166117], [-118.706721400544, 34.0517252161107], [-118.706746050265, 34.051743816658], [-118.706777866852, 34.0517634001319], [-118.706805400246, 34.0517816664684], [-118.706834115822, 34.0518050003854], [-118.70686730036, 34.0518224166769], [-118.706897633038, 34.0518453668374], [-118.706932300006, 34.0518648663218], [-118.706965199916, 34.0518845828472], [-118.706996434197, 34.0519034167571], [-118.707028332415, 34.051923116483], [-118.707045783439, 34.0519506166228], [-118.707061316406, 34.0519774341411], [-118.7070868328, 34.0520026502014], [-118.707105533176, 34.052027750123], [-118.70712513405, 34.0520525005378], [-118.707149549764, 34.0520807666995], [-118.707164267105, 34.0521096999269], [-118.707168416965, 34.0521397835146], [-118.707177167052, 34.0521663166658], [-118.707181133154, 34.0521995500309], [-118.707189417512, 34.0522276664479], [-118.707187116642, 34.0522617834375], [-118.7071861829, 34.0522894832885], [-118.707181116251, 34.0523233507065], [-118.707171267036, 34.0523516661093], [-118.707165933548, 34.0523861498697], [-118.707157699984, 34.0524202500048], [-118.707141883604, 34.052452833292], [-118.707136967058, 34.0524820999265], [-118.707127732831, 34.052510232973], [-118.707118500161, 34.0525368162488], [-118.707101127098, 34.0525918767557], [-118.707097050632, 34.0526042504174], [-118.707088233088, 34.052631016008], [-118.707081167348, 34.0526410450329], [-118.707066649922, 34.0526616504568], [-118.707043183127, 34.0526893000826], [-118.707015350585, 34.0527165665683], [-118.706985483661, 34.0527321338132], [-118.706959182899, 34.0527509997801], [-118.70693611599, 34.0527730831645], [-118.706903883509, 34.0527884333042], [-118.706900526163, 34.0527908997326], [-118.706896178691, 34.0527940951038], [-118.706877666058, 34.0528076995896], [-118.706853182684, 34.0528283000336], [-118.706825583056, 34.0528527165697], [-118.706800666109, 34.05287313357], [-118.70677349923, 34.0528898493491], [-118.706746283049, 34.0529082504842], [-118.706709400531, 34.0529297838824], [-118.70667336646, 34.0529456831195], [-118.706644150089, 34.0529654336974], [-118.706617116979, 34.0529836331262], [-118.706580083779, 34.0530072834429], [-118.706551282935, 34.0530242168235], [-118.706523800161, 34.0530484335616], [-118.706489783, 34.053066316541], [-118.70645461612, 34.0530866666526], [-118.706425833787, 34.053106233675], [-118.706395366535, 34.0531233166831], [-118.706366516861, 34.0531403161769], [-118.706333699775, 34.053158733841], [-118.706304932777, 34.0531731999656], [-118.70627086663, 34.0531828330252], [-118.706237400731, 34.053195166761], [-118.706203700652, 34.0532069172207], [-118.706166299542, 34.0532173832792], [-118.706126833443, 34.0532170332649], [-118.706089633103, 34.053212283204], [-118.706046450355, 34.0532082333045], [-118.706031095449, 34.0532140272215], [-118.706008066891, 34.0532227172348], [-118.706006707791, 34.0532235519689], [-118.705997697492, 34.0532290843776], [-118.705975332587, 34.0532428171497], [-118.705949300024, 34.053260100076], [-118.70591843328, 34.0532780835858], [-118.705885550087, 34.0532939832065], [-118.70584381734, 34.0532982161304], [-118.705810066819, 34.0532850999068], [-118.705780283806, 34.0532611829548], [-118.705747382985, 34.0532455330583], [-118.705712033181, 34.0532404333581], [-118.705681550115, 34.0532289499873], [-118.705654532571, 34.0532059668879], [-118.705632883902, 34.0531763669153], [-118.705613483592, 34.0531465995521], [-118.705581616735, 34.0531280826645], [-118.705551966681, 34.0531136326646], [-118.705512633603, 34.0531080170195], [-118.705473649602, 34.0531128832892], [-118.705436200501, 34.0531198667292], [-118.705407266212, 34.0531396337196], [-118.705392582893, 34.0531686666501], [-118.705391983274, 34.0531994671312], [-118.705401799875, 34.0532329996245], [-118.705406533617, 34.0532659505403], [-118.705438067228, 34.0532872170583], [-118.70544579931, 34.0533161495228], [-118.705457250143, 34.0533421166363], [-118.705479283497, 34.0533724999589], [-118.705505883471, 34.05339875012], [-118.705546399969, 34.0534106829365], [-118.705541733526, 34.0534417004504], [-118.705527050856, 34.0534665997328], [-118.705515016174, 34.0534985333427], [-118.705508734273, 34.0535314834747], [-118.70550905023, 34.053562933556], [-118.70547841621, 34.0535892996085], [-118.705454866406, 34.0536124500514], [-118.705453383325, 34.0536421000011], [-118.705429400411, 34.0536656331872], [-118.705405816044, 34.0536947831215], [-118.705376366904, 34.0537099336543], [-118.70538438353, 34.0537479336482], [-118.705398432707, 34.05378713276], [-118.705410316756, 34.053819050589], [-118.70542336734, 34.0538453000299], [-118.705431633121, 34.0538749832328], [-118.705426283542, 34.0539099327886], [-118.705419933749, 34.0539402162117], [-118.705410567061, 34.0539703003605], [-118.705402784225, 34.0539980007477], [-118.70540674941, 34.0540278829999], [-118.705405950195, 34.0540569835428], [-118.705404516206, 34.0540911661864], [-118.705404316794, 34.0541241160001], [-118.70540881666, 34.0541550167784], [-118.705416149508, 34.0541828673131], [-118.705422734007, 34.0542113665799], [-118.705437100093, 34.0542405664421], [-118.7054650495, 34.0542654669566], [-118.705477117002, 34.0542940663947], [-118.705461400235, 34.0543201169099], [-118.705473167081, 34.054349016756], [-118.70549111705, 34.0543724503782], [-118.705507500134, 34.0543972996732], [-118.705509892546, 34.0544005021601], [-118.705520540201, 34.0544147560372], [-118.705530532776, 34.0544281333636], [-118.705545559789, 34.0544477562165], [-118.705553850132, 34.0544585835137], [-118.705586400091, 34.0544781503433], [-118.705613183339, 34.0544970836511], [-118.705624384279, 34.0545328162882], [-118.70562851721, 34.0545677996503], [-118.705620233325, 34.0545992998303], [-118.705620216747, 34.0546273832723], [-118.705632100007, 34.0546571832704], [-118.705634483659, 34.0546908331758], [-118.705629899846, 34.0547232165526], [-118.705631532971, 34.0547538836775], [-118.705630650597, 34.0547870673244], [-118.705626350242, 34.0548166329345], [-118.705621133536, 34.0548453334511], [-118.705607683136, 34.054878833177], [-118.705581233191, 34.0549113503362], [-118.70554831627, 34.0549389661413], [-118.705510667155, 34.0549602668196], [-118.705478799714, 34.0549769333535], [-118.705446515924, 34.0549924330348], [-118.705416466586, 34.0550100668517], [-118.705378315972, 34.055018749852], [-118.705341500269, 34.0550288661666], [-118.705302317325, 34.0550337165939], [-118.705269832881, 34.0550452669111], [-118.705260766268, 34.0550758674121], [-118.705225615884, 34.0550888668759], [-118.705191266888, 34.0550965336907], [-118.70515826691, 34.0550988335119], [-118.705125133665, 34.055094600001], [-118.705093687234, 34.0551057374322], [-118.705092026657, 34.0551063253056], [-118.705085133716, 34.0551087668109], [-118.705067083756, 34.0551367669498], [-118.705052100844, 34.0551648163764], [-118.705051996339, 34.055179433995], [-118.705051866362, 34.0551975836384], [-118.705059566772, 34.0552250164127], [-118.70505584979, 34.055252817055], [-118.705076915836, 34.0552834832999], [-118.705097816484, 34.0553104332301], [-118.705099466556, 34.0553405839437], [-118.70511003356, 34.0553686659635], [-118.705126583106, 34.055392816665], [-118.705152450101, 34.0554133336034], [-118.705174709139, 34.0554266267922], [-118.705186999936, 34.055433967263], [-118.705221766463, 34.0554545339544], [-118.705253682675, 34.0554780830551], [-118.705290799652, 34.0554972835289], [-118.705320367455, 34.0555182499942], [-118.705351883059, 34.0555390168047], [-118.705385833011, 34.0555587167781], [-118.705413466627, 34.0555848668439], [-118.705444967053, 34.0556009498488], [-118.705425550193, 34.0556310504568], [-118.70542328374, 34.0556630832775], [-118.705502733423, 34.0556316661407], [-118.705516733262, 34.0556683501408], [-118.70551848332, 34.0557216666559], [-118.70550144991, 34.055745482536], [-118.70550966634, 34.0557820169644], [-118.705510566102, 34.0558158501146], [-118.705519266589, 34.0558519338507], [-118.705529167306, 34.0558816833403], [-118.705522234011, 34.0559087000337], [-118.705504517208, 34.0559362667471], [-118.705463217393, 34.055930533203], [-118.705426917165, 34.0559391164351], [-118.705430916329, 34.0559721499595], [-118.705452883964, 34.0559927838783], [-118.705452032894, 34.0560210831847], [-118.705478633141, 34.0560374007851], [-118.705512283153, 34.0560407330874], [-118.705524983413, 34.0560721164562], [-118.705533616929, 34.0561003333112], [-118.7054972833, 34.0561124665275], [-118.705457849799, 34.0561210673542], [-118.705449382899, 34.0561541341049], [-118.705460234064, 34.0561866333299], [-118.705484833417, 34.0562053335476], [-118.705485916704, 34.0562363000055], [-118.705471450326, 34.0562652163135], [-118.705481433502, 34.0562925171932], [-118.705525034153, 34.0562950330612], [-118.705561716417, 34.0563035170561], [-118.705597199688, 34.0563038661667], [-118.705626116294, 34.0563193833171], [-118.705598483236, 34.0563376838232], [-118.705486087689, 34.0565037766072], [-118.705487445997, 34.0565623501222], [-118.7054888501, 34.0565818190224], [-118.705483836567, 34.0566000411621], [-118.70550285611, 34.0566092233053], [-118.705526343302, 34.0566296247294], [-118.705541062457, 34.0567012486686], [-118.705576648202, 34.0567169543027], [-118.705578776548, 34.0567379072801], [-118.705599095827, 34.0567703490716], [-118.705620864616, 34.0568071474337], [-118.705648057521, 34.056869965107], [-118.705708747445, 34.0569241378608], [-118.70621236269, 34.0568025118247], [-118.706241108394, 34.0567955699348], [-118.706269855191, 34.0567886271485], [-118.706821773927, 34.0566553335777], [-118.706842866458, 34.0566284667504], [-118.706849083526, 34.0565902661457], [-118.706856250297, 34.0565544663532], [-118.706864044369, 34.0565385566648], [-118.706873583542, 34.0565190839897], [-118.706887916247, 34.0564918834698], [-118.706907516934, 34.0564615836838], [-118.706922733741, 34.0564352334471], [-118.706941033444, 34.0564082330175], [-118.706962565901, 34.0563681993751], [-118.707002316762, 34.0563731493636], [-118.707036017506, 34.0563888665074], [-118.707052749952, 34.056418166872], [-118.707076866601, 34.0564466503868], [-118.707078936502, 34.0564622032368], [-118.707081266758, 34.056479717228], [-118.707062750196, 34.0565085165314], [-118.707075516646, 34.0565401997723], [-118.707109365975, 34.0565493669473], [-118.707138766091, 34.0565315666683], [-118.707171182531, 34.0565245832612], [-118.707208265987, 34.0565144838303], [-118.707239866689, 34.0565055167315], [-118.707276266804, 34.0564977166131], [-118.707315466468, 34.0564897661374], [-118.707356199871, 34.0564771341264], [-118.707388199868, 34.0564691839684], [-118.707422617165, 34.056466033183], [-118.707460383125, 34.0564655168737], [-118.707495884, 34.0564601668367], [-118.707531133904, 34.0564582335547], [-118.707564183383, 34.0564539997613], [-118.707608199543, 34.0564549003439], [-118.707641182874, 34.0564449165353], [-118.707674783484, 34.056434283385], [-118.70768824952, 34.0564091167675], [-118.707701232715, 34.056375200448], [-118.707699600343, 34.056344766929], [-118.707720733646, 34.0563180329262], [-118.707736816763, 34.056291816823], [-118.707757433369, 34.0562581340427], [-118.707785850262, 34.0562393667873], [-118.707791083663, 34.0562101335911], [-118.70780049911, 34.0561832504163], [-118.707811916763, 34.0561501331304], [-118.707777749921, 34.0561318504966], [-118.707735299372, 34.0561325995604], [-118.707711382459, 34.0561457497515], [-118.707704389853, 34.0561497121141], [-118.707679583194, 34.056164999719], [-118.707645982686, 34.0561756337752], [-118.707639288413, 34.0561786438656], [-118.707611733207, 34.0561910333139], [-118.707597100585, 34.0562214833538], [-118.707567916808, 34.0562352165703], [-118.707536466761, 34.0562447832042], [-118.707498266546, 34.0562490000193], [-118.707461249989, 34.0562480165347], [-118.707437633603, 34.0562286670607], [-118.707409183605, 34.0562069331043], [-118.707404183804, 34.0561732328791], [-118.70740018333, 34.0561396332464], [-118.707424516374, 34.0561175506832], [-118.707457566925, 34.0560961827952], [-118.707484550577, 34.0560756331939], [-118.707515983749, 34.0560601494468], [-118.707525432159, 34.0560551312847], [-118.707550783101, 34.0560416665295], [-118.70757831662, 34.0560262998987], [-118.707613816767, 34.056014566775], [-118.707643433482, 34.0560009836072], [-118.707683632773, 34.0559886663715], [-118.707719215917, 34.0559819170761], [-118.707757034114, 34.0559736334263], [-118.707789966385, 34.0559524669494], [-118.707813067188, 34.0559312664724], [-118.707845283042, 34.0559126333486], [-118.707881783547, 34.0559006671657], [-118.707914815927, 34.0558883334653], [-118.707944153019, 34.0558801104251], [-118.707953049807, 34.0558776166482], [-118.707963362994, 34.0558715182725], [-118.707986449526, 34.0558578663562], [-118.707997354878, 34.0558489474027], [-118.707999863818, 34.0558468950596], [-118.708009410928, 34.0558390876492], [-118.708020742229, 34.055827906102], [-118.708039550684, 34.0558071166894], [-118.708074416816, 34.0558115330813], [-118.708088616316, 34.0558142662723], [-118.708102040457, 34.0558168500246], [-118.70810896688, 34.0558181835491], [-118.708146492184, 34.0558267880699], [-118.708178150008, 34.0558350835187], [-118.708193733821, 34.0558061335581], [-118.708191933129, 34.0557776328676], [-118.708217782754, 34.055755267109], [-118.708247142618, 34.0557450527033], [-118.708250132203, 34.0557440128472], [-118.708255582975, 34.0557421164704], [-118.70825817525, 34.0557398036141], [-118.708281233042, 34.0557192336434], [-118.70831764987, 34.0557238163033], [-118.70835831679, 34.0557232839105], [-118.708396849309, 34.0557053668681], [-118.708416738117, 34.0557049324354], [-118.70843127029, 34.0557046148717], [-118.708431949758, 34.0557046000367], [-118.708468516929, 34.0557021161248], [-118.708486814923, 34.055690993684], [-118.708496950308, 34.0556848337406], [-118.70852123346, 34.0556528665719], [-118.70855285049, 34.0556344662712], [-118.708588766634, 34.0556335003793], [-118.708606406399, 34.0556308883933], [-118.708623686701, 34.0556283309309], [-118.708629633219, 34.0556274508047], [-118.708663632912, 34.0556114666178], [-118.70869655018, 34.0556062834585], [-118.708731466666, 34.0556150331181], [-118.70873814789, 34.0556293625139], [-118.708740137394, 34.0556336296095], [-118.708744366529, 34.055642700359], [-118.708784599832, 34.0556327839732], [-118.708822783477, 34.0556445169353], [-118.708856450649, 34.0556418332395], [-118.708882166781, 34.0556597168523], [-118.708916434027, 34.0556552503443], [-118.70894231656, 34.0556368164961], [-118.708958583398, 34.0556120501943], [-118.708986999414, 34.0555891336439], [-118.709020849646, 34.0555863167405], [-118.70905001693, 34.0556039500279], [-118.709038150228, 34.0555731832475], [-118.709039799634, 34.055543616354], [-118.709011350437, 34.0555583671152], [-118.709005433259, 34.0555294501405], [-118.708998917214, 34.0555013161438], [-118.708977966079, 34.0554799497388], [-118.708973466295, 34.055451933254], [-118.708964750192, 34.0554206161538], [-118.708933732982, 34.0553983999797], [-118.708933050021, 34.0553671829373], [-118.708937183842, 34.055331766025], [-118.70894258313, 34.0553040167972], [-118.708950999637, 34.0552763838068], [-118.708938217022, 34.0552487665914], [-118.708945866977, 34.0552198501058], [-118.708966983441, 34.0551941668754], [-118.708970733335, 34.0551599672182], [-118.708942023421, 34.0551461049007], [-118.708940150058, 34.0551452001391], [-118.708913468615, 34.0551536798294], [-118.708903282576, 34.0551569172814], [-118.708863933385, 34.0551678994595], [-118.708824183427, 34.0551594827182], [-118.70880821755, 34.0551278661431], [-118.70879549922, 34.0550951999959], [-118.708778866478, 34.0550600498528], [-118.708778878478, 34.0550564040788], [-118.708778967419, 34.0550303833511], [-118.708788083073, 34.0549994162049], [-118.708802783356, 34.05497266675], [-118.708808232903, 34.0549439660393], [-118.70880483335, 34.0549129336601], [-118.7087868334, 34.0548883829864], [-118.708752382754, 34.0548727669197], [-118.708715965889, 34.054874166244], [-118.708686250283, 34.0548609334651], [-118.708665983452, 34.054835432973], [-118.708670815484, 34.0548226224813], [-118.708678167131, 34.0548031329416], [-118.708708000159, 34.0547893328592], [-118.708744033866, 34.0547755336378], [-118.708759483634, 34.0547475999135], [-118.708787866216, 34.0547282333608], [-118.70880208387, 34.054699132567], [-118.708815316044, 34.0546717335655], [-118.70879084972, 34.0546499170486], [-118.708768132931, 34.0546233330699], [-118.708742016304, 34.0546035326567], [-118.708714050545, 34.0545788996451], [-118.708701517472, 34.0545471668789], [-118.708710617372, 34.054514116037], [-118.70873236714, 34.0544932831958], [-118.708745199801, 34.0544663998682], [-118.708708632938, 34.0544689668128], [-118.708678084054, 34.0544798503482], [-118.708682766611, 34.0544491665146], [-118.708673566345, 34.0544146162783], [-118.708671532872, 34.0543814662692], [-118.708696382573, 34.0543546993386], [-118.708722167021, 34.0543356828997], [-118.708696933751, 34.0543171168022], [-118.708692499278, 34.0542879659438], [-118.708726883259, 34.0542713667052], [-118.708761366309, 34.0542505664027], [-118.70879164985, 34.0542312664672], [-118.708831800061, 34.0542287662591], [-118.708854133138, 34.0542495335238], [-118.708890966046, 34.0542427502426], [-118.708925366025, 34.054239799859], [-118.708945850249, 34.0542653172112], [-118.708974532535, 34.0542473496178], [-118.709007882735, 34.0542498994558], [-118.70904091614, 34.0542422165818], [-118.70907313256, 34.0542242168913], [-118.709107649628, 34.054232250597], [-118.709127716811, 34.0542558500774], [-118.709148866648, 34.0542826001563], [-118.709177632586, 34.0542961331014], [-118.709208966635, 34.0543151829418], [-118.709224650056, 34.0542877837119], [-118.709249233649, 34.0542679331259], [-118.709262083821, 34.0542350662735], [-118.70929238268, 34.0542181329774], [-118.709325683974, 34.0542071830943], [-118.709365016326, 34.0542018326127], [-118.709398250447, 34.0541982332765], [-118.70943884921, 34.0541921497238], [-118.70947751631, 34.0541877328961], [-118.709494952274, 34.0541800084152], [-118.709504661576, 34.0541757079763], [-118.709510583418, 34.0541730839054], [-118.709544432876, 34.0541665668336], [-118.709569650241, 34.0541449833441], [-118.709584091018, 34.0541497061304], [-118.709595817557, 34.0541535407826], [-118.70960236665, 34.0541556831537], [-118.709610245914, 34.0541604803636], [-118.709628083352, 34.0541574169734], [-118.709656733053, 34.054140833637], [-118.709639734093, 34.054112433031], [-118.709620499371, 34.0540880668245], [-118.709606499751, 34.0540569666548], [-118.709620832913, 34.0540250163142], [-118.70961275039, 34.0539964832017], [-118.709601117031, 34.0539643000115], [-118.709601424445, 34.0539613337511], [-118.709603026181, 34.0539458603681], [-118.709604888144, 34.0539226887959], [-118.709605424086, 34.0539144924621], [-118.709606217105, 34.0539023673314], [-118.709598599246, 34.0538695336206], [-118.709579999777, 34.0538262670502], [-118.709556299647, 34.0537994665093], [-118.709540666622, 34.0537751167401], [-118.709546866665, 34.0537424332499], [-118.709516367354, 34.0537290502443], [-118.709475633246, 34.0537268000598], [-118.709473350585, 34.0536910498217], [-118.709467399491, 34.0536624164198], [-118.709453050658, 34.0536286337192], [-118.709457483876, 34.0535988007832], [-118.709468133173, 34.0535688164871], [-118.709470517091, 34.0535392335043], [-118.709473613293, 34.0535221984128], [-118.709475733379, 34.0535105336841], [-118.709470782957, 34.0534954278279], [-118.709466000745, 34.0534808332593], [-118.709448816266, 34.053454383283], [-118.709459933109, 34.0534280664245], [-118.709470500135, 34.0533997328521], [-118.709449449696, 34.0533764504373], [-118.709438216178, 34.0533422828913], [-118.709466433026, 34.0533165167861], [-118.709445767156, 34.0532884667576], [-118.709416216573, 34.0533039165002], [-118.70938588302, 34.0532921996126], [-118.709365667123, 34.0532680331865], [-118.70934316608, 34.0532465500579], [-118.709317250521, 34.0532185829676], [-118.70930626588, 34.0531874168173], [-118.709301083169, 34.0531589002838], [-118.709282466426, 34.053132933508], [-118.709255249736, 34.0531165664816], [-118.709224883937, 34.0531033832421], [-118.709198416559, 34.0530753161037], [-118.709186516069, 34.0530443829797], [-118.709187599669, 34.0530168831849], [-118.709187583769, 34.0529868005756], [-118.709187434174, 34.052958599814], [-118.709158216605, 34.0529389996227], [-118.709129949638, 34.0529553834361], [-118.709099416896, 34.0529367834843], [-118.709073267103, 34.0529175164541], [-118.7090442171, 34.0529420333824], [-118.709029716045, 34.0529712662801], [-118.709007932771, 34.052995766383], [-118.708972932535, 34.0530118664851], [-118.708936533634, 34.0530104333677], [-118.708906700573, 34.0530283834196], [-118.708869933548, 34.0530347500319], [-118.708833482978, 34.053032700529], [-118.708794333081, 34.0530364670479], [-118.708760566876, 34.0530317667039], [-118.70875258318, 34.0530046996538], [-118.708713283314, 34.0529894333649], [-118.708678449524, 34.0529713335938], [-118.708645817291, 34.0529593668555], [-118.708613533407, 34.052971983353], [-118.708634682902, 34.0529995170246], [-118.708653600197, 34.0530239167985], [-118.708653466788, 34.053059932701], [-118.708626582937, 34.0530905497063], [-118.708613533531, 34.0531173837204], [-118.708584715769, 34.0531365668146], [-118.708549983361, 34.0531377507704], [-118.708529267234, 34.0531096170525], [-118.708501666894, 34.0530914838412], [-118.708460250583, 34.0531014164786], [-118.708427383796, 34.0531119166574], [-118.708401566522, 34.0530915335054], [-118.708362733058, 34.0530872164503], [-118.70834196634, 34.0530592002268], [-118.708339816805, 34.0530264671696], [-118.708348033205, 34.0529984171674], [-118.708336816573, 34.0529721834336], [-118.708347333268, 34.052944100011], [-118.708326967049, 34.0529190165963], [-118.70827988356, 34.0529237667352], [-118.708246783955, 34.0529054827419], [-118.708239166947, 34.0528775335723], [-118.708203266559, 34.0528661670474], [-118.708188833342, 34.0528371831125], [-118.708183916765, 34.0528061334351], [-118.708161266526, 34.0527816164098], [-118.708160033183, 34.0527514172028], [-118.708159239803, 34.0527501207735], [-118.708156571677, 34.0527457585053], [-118.708152165915, 34.0527385573435], [-118.708143666667, 34.0527246661408], [-118.708142316888, 34.0526900668865], [-118.708141966638, 34.0526558837686], [-118.708134216707, 34.052623883256], [-118.708113684166, 34.0525981830406], [-118.708084883855, 34.0525735664904], [-118.708081133635, 34.0525432666044], [-118.708088883025, 34.0525165501298], [-118.708084133241, 34.0524862334957], [-118.708103083288, 34.052447683018], [-118.708118166539, 34.052416516658], [-118.708110566061, 34.0523871666223], [-118.708111266168, 34.0523541331781], [-118.708114200665, 34.0523217164997], [-118.708114666755, 34.0522910668367], [-118.708118066749, 34.0522610499871], [-118.708121333257, 34.0522308495069], [-118.708108616543, 34.0522042831661], [-118.708082233661, 34.0521859833259], [-118.7080504834, 34.0521670825651], [-118.708015416561, 34.0521498832922], [-118.707991017049, 34.0521301336728], [-118.70800614989, 34.0521008332141], [-118.707997200055, 34.0520691499352], [-118.708001533319, 34.0520389002452], [-118.707995050846, 34.0520094168165], [-118.708008133037, 34.0519760838413], [-118.708030117563, 34.051949482837], [-118.70804778293, 34.0519246837489], [-118.708071484085, 34.051900283088], [-118.708079632526, 34.0518675171227], [-118.708093083343, 34.051835483861], [-118.708104750074, 34.0518076172235], [-118.708112349244, 34.0517731338553], [-118.708140166548, 34.0517494668523], [-118.708177632945, 34.0517333661074], [-118.708201933199, 34.051705316369], [-118.708229416169, 34.0516801669869], [-118.708248933478, 34.051655516886], [-118.708278733234, 34.0516367335609], [-118.708300550673, 34.0516152325513], [-118.708326266916, 34.0515892832566], [-118.708314699881, 34.051562167381], [-118.708283716832, 34.0515470330884], [-118.708261166447, 34.051516966249], [-118.708239116712, 34.0514962840509], [-118.708237516815, 34.0514651835894], [-118.708241333777, 34.0514351002151], [-118.708212416931, 34.0514100162313], [-118.708208350249, 34.0513788661533], [-118.708200399652, 34.0513453000115], [-118.708210616692, 34.0513169832562], [-118.7082345169, 34.0512970836102], [-118.708255749806, 34.0512715162297], [-118.708268977447, 34.0512575378257], [-118.708277766109, 34.0512482504065], [-118.708280340695, 34.0512446931808]]]]}, "properties": {"poly_IncidentName": "Franklin", "attr_FireDiscoveryDateTime": 1733813453000, "poly_GISAcres": 4089.6473094550165, "attr_POOState": "US-CA", "attr_IncidentName": "FRANKLIN", "fire": "Franklin"}}]}